// 4.26.1 0x031a4976 D0 R0 FL8_RGB888 U888 N0 SExtFlashSection EExtFlashSection CL8_LZW9
// Generated by imageconverter. Please, do not edit!

#include <touchgfx/hal/Config.hpp>

LOCATION_PRAGMA("ExtFlashSection")
KEEP extern const unsigned char image_prepare_page[] LOCATION_ATTRIBUTE("ExtFlashSection") = { // 800x600 L8_RGB888 pixels. Compression [output/input x 100]: 41171/480000 x 100 = 8.6%
    0x00, 0x02, 0x08, 0x18, 0x40, 0xa0, 0x80, 0x81, 0x03, 0x08, 0x12, 0x28,
    0x58, 0xc0, 0xa0, 0x81, 0x83, 0x07, 0x10, 0x22, 0x48, 0x98, 0x40, 0xa1,
    0x82, 0x85, 0x0b, 0x18, 0x32, 0x68, 0xd8, 0xc0, 0xa1, 0x83, 0x87, 0x0f,
    0x20, 0x42, 0x88, 0x18, 0x41, 0xa2, 0x84, 0x89, 0x09, 0x00, 0x02, 0x08,
    0x18, 0x40, 0xa0, 0x80, 0x81, 0x03, 0x08, 0x12, 0x28, 0x58, 0xc0, 0xa0,
    0x81, 0x83, 0x07, 0x10, 0x22, 0x48, 0x98, 0x40, 0xa1, 0x82, 0x85, 0x0b,
    0x18, 0x32, 0x68, 0xd8, 0xc0, 0xa1, 0x83, 0x87, 0x0f, 0x20, 0x42, 0x88,
    0x18, 0x41, 0xa2, 0x84, 0x89, 0x09, 0x00, 0x02, 0x08, 0x18, 0x40, 0xa0,
    0x80, 0x81, 0x03, 0x08, 0x12, 0x28, 0x58, 0xc0, 0xa0, 0x81, 0x83, 0x07,
    0x10, 0x22, 0x48, 0x98, 0x40, 0xa1, 0x82, 0x85, 0x0b, 0x18, 0x32, 0x68,
    0xd8, 0xc0, 0xa1, 0x83, 0x87, 0x0f, 0x20, 0x42, 0x88, 0x18, 0x41, 0xa2,
    0x84, 0x89, 0x09, 0x00, 0x02, 0x08, 0x18, 0x40, 0xa0, 0x80, 0x81, 0x03,
    0x08, 0x12, 0x28, 0x58, 0xc0, 0xa0, 0x81, 0x83, 0x07, 0x10, 0x22, 0x48,
    0x98, 0x40, 0xa1, 0x82, 0x85, 0x0b, 0x18, 0x32, 0x68, 0xd8, 0xc0, 0xa1,
    0x83, 0x87, 0x0f, 0x20, 0x42, 0x88, 0x18, 0x41, 0xa2, 0x84, 0x89, 0x09,
    0x00, 0x02, 0x08, 0x18, 0x40, 0xa0, 0x80, 0x81, 0x03, 0x08, 0x12, 0x28,
    0x58, 0xc0, 0xa0, 0x81, 0x83, 0x07, 0x10, 0x22, 0x48, 0x98, 0x40, 0xa1,
    0x82, 0x85, 0x0b, 0x18, 0x32, 0x68, 0xd8, 0xc0, 0xa1, 0x83, 0x87, 0x0f,
    0x20, 0x42, 0x88, 0x18, 0x41, 0xa2, 0x84, 0x89, 0x09, 0x00, 0x02, 0x08,
    0x18, 0x40, 0xa0, 0x80, 0x81, 0x03, 0x08, 0x12, 0x28, 0x58, 0xc0, 0xa0,
    0x81, 0x83, 0x07, 0x10, 0x22, 0x48, 0x98, 0x40, 0xa1, 0x82, 0x85, 0x0b,
    0x18, 0x32, 0x68, 0xd8, 0xc0, 0xa1, 0x83, 0x87, 0x0f, 0x20, 0x42, 0x88,
    0x18, 0x41, 0xa2, 0x84, 0x89, 0x09, 0x00, 0x02, 0x08, 0x18, 0x40, 0xa0,
    0x80, 0x81, 0x03, 0x08, 0x12, 0x28, 0x58, 0xc0, 0xa0, 0x81, 0x83, 0x07,
    0x10, 0x22, 0x48, 0x98, 0x40, 0xa1, 0x82, 0x85, 0x0b, 0x18, 0x32, 0x68,
    0xd8, 0xc0, 0xa1, 0x83, 0x87, 0x0f, 0x20, 0x42, 0x88, 0x18, 0x41, 0xa2,
    0x84, 0x89, 0x09, 0x00, 0x02, 0x08, 0x18, 0x40, 0xa0, 0x80, 0x81, 0x03,
    0x08, 0x12, 0x28, 0x58, 0xc0, 0xa0, 0x81, 0x83, 0x07, 0x10, 0x22, 0x48,
    0x98, 0x40, 0xa1, 0x82, 0x85, 0x0b, 0x18, 0x32, 0x68, 0xd8, 0xc0, 0xa1,
    0x83, 0x87, 0x0f, 0x20, 0x42, 0x88, 0x18, 0x41, 0xa2, 0x84, 0x89, 0x09,
    0x00, 0x02, 0x08, 0x18, 0x40, 0xa0, 0x80, 0x81, 0x03, 0x08, 0x12, 0x28,
    0x58, 0xc0, 0xa0, 0x81, 0x83, 0x07, 0x10, 0x22, 0x48, 0x98, 0x40, 0xa1,
    0x82, 0x85, 0x0b, 0x18, 0x32, 0x68, 0xd8, 0xc0, 0xa1, 0x83, 0x87, 0x0f,
    0x20, 0x42, 0x88, 0x18, 0x41, 0xa2, 0x84, 0x89, 0x09, 0x00, 0x02, 0x08,
    0x18, 0x40, 0xa0, 0x80, 0x81, 0x03, 0x08, 0x12, 0x28, 0x58, 0xc0, 0xa0,
    0x81, 0x83, 0x07, 0x10, 0x22, 0x48, 0x98, 0x40, 0xa1, 0x82, 0x85, 0x0b,
    0x18, 0x32, 0x68, 0xd8, 0xc0, 0xa1, 0x83, 0x87, 0x0f, 0x20, 0x42, 0x88,
    0x18, 0x41, 0xa2, 0x84, 0x89, 0x09, 0x00, 0x02, 0x08, 0x18, 0x40, 0xa0,
    0x80, 0x81, 0x03, 0x08, 0x12, 0x28, 0x58, 0xc0, 0xa0, 0x81, 0x83, 0x07,
    0x10, 0x22, 0x48, 0x98, 0x40, 0xa1, 0x82, 0x85, 0x0b, 0x18, 0x32, 0x68,
    0xd8, 0xc0, 0xa1, 0x83, 0x87, 0x0f, 0x20, 0x42, 0x88, 0x18, 0x41, 0xa2,
    0x84, 0x89, 0x09, 0x00, 0x02, 0x08, 0x18, 0x40, 0xa0, 0x80, 0x81, 0x03,
    0x08, 0x12, 0x28, 0x58, 0xc0, 0xa0, 0x81, 0x83, 0x07, 0x10, 0x22, 0x48,
    0x98, 0x40, 0xa1, 0x82, 0x85, 0x0b, 0x18, 0x32, 0x68, 0xd8, 0xc0, 0xa1,
    0x83, 0x87, 0x0f, 0x20, 0x42, 0x88, 0x18, 0x41, 0xa2, 0x84, 0x89, 0x09,
    0x00, 0x02, 0x08, 0x18, 0x40, 0xa0, 0x80, 0x81, 0x03, 0x08, 0x12, 0x28,
    0x58, 0xc0, 0xa0, 0x81, 0x83, 0x07, 0x10, 0x22, 0x48, 0x98, 0x40, 0xa1,
    0x82, 0x85, 0x0b, 0x18, 0x32, 0x68, 0xd8, 0xc0, 0xa1, 0x83, 0x87, 0x0f,
    0x20, 0x42, 0x88, 0x18, 0x41, 0xa2, 0x84, 0x89, 0x09, 0x00, 0x02, 0x08,
    0x18, 0x40, 0xa0, 0x80, 0x81, 0x03, 0x08, 0x12, 0x28, 0x58, 0xc0, 0xa0,
    0x81, 0x83, 0x07, 0x10, 0x22, 0x48, 0x98, 0x40, 0xa1, 0x82, 0x85, 0x0b,
    0x18, 0x32, 0x68, 0xd8, 0xc0, 0xa1, 0x83, 0x87, 0x0f, 0x20, 0x42, 0x88,
    0x18, 0x41, 0xa2, 0x84, 0x89, 0x09, 0x00, 0x02, 0x08, 0x18, 0x40, 0xa0,
    0x80, 0x81, 0x03, 0x08, 0x12, 0x28, 0x58, 0xc0, 0xa0, 0x81, 0x83, 0x07,
    0x10, 0x22, 0x48, 0x98, 0x40, 0xa1, 0x82, 0x85, 0x0b, 0x18, 0x32, 0x68,
    0xd8, 0xc0, 0xa1, 0x83, 0x87, 0x0f, 0x20, 0x42, 0x88, 0x18, 0x41, 0xa2,
    0x84, 0x89, 0x09, 0x00, 0x02, 0x08, 0x18, 0x40, 0xa0, 0x80, 0x81, 0x03,
    0x08, 0x12, 0x28, 0x58, 0xc0, 0xa0, 0x81, 0x83, 0x07, 0x10, 0x22, 0x48,
    0x98, 0x40, 0xa1, 0x82, 0x85, 0x0b, 0x18, 0x32, 0x68, 0xd8, 0xc0, 0xa1,
    0x83, 0x87, 0x0f, 0x20, 0x42, 0x88, 0x18, 0x41, 0xa2, 0x84, 0x89, 0x09,
    0x00, 0x02, 0x08, 0x18, 0x40, 0xa0, 0x80, 0x81, 0x03, 0x08, 0x12, 0x28,
    0x58, 0xc0, 0xa0, 0x81, 0x83, 0x07, 0x10, 0x22, 0x48, 0x98, 0x40, 0xa1,
    0x82, 0x85, 0x0b, 0x18, 0x32, 0x68, 0xd8, 0xc0, 0xa1, 0x83, 0x87, 0x0f,
    0x20, 0x42, 0x88, 0x18, 0x41, 0xa2, 0x84, 0x89, 0x09, 0x00, 0x02, 0x08,
    0x18, 0x40, 0xa0, 0x80, 0x81, 0x03, 0x08, 0x12, 0x28, 0x58, 0xc0, 0xa0,
    0x81, 0x83, 0x07, 0x10, 0x22, 0x48, 0x98, 0x40, 0xa1, 0x82, 0x85, 0x0b,
    0x18, 0x32, 0x68, 0xd8, 0xc0, 0xa1, 0x83, 0x87, 0x0f, 0x20, 0x42, 0x88,
    0x18, 0x41, 0xa2, 0x84, 0x89, 0x09, 0x00, 0x02, 0x08, 0x18, 0x40, 0xa0,
    0x80, 0x81, 0x03, 0x08, 0x12, 0x28, 0x58, 0xc0, 0xa0, 0x81, 0x83, 0x07,
    0x10, 0x22, 0x48, 0x98, 0x40, 0xa1, 0x82, 0x85, 0x0b, 0x18, 0x32, 0x68,
    0xd8, 0xc0, 0xa1, 0x83, 0x87, 0x0f, 0x20, 0x42, 0x88, 0x18, 0x41, 0xa2,
    0x84, 0x89, 0x09, 0x00, 0x02, 0x08, 0x18, 0x40, 0xa0, 0x80, 0x81, 0x03,
    0x08, 0x12, 0x28, 0x58, 0xc0, 0xa0, 0x81, 0x83, 0x07, 0x10, 0x22, 0x48,
    0x98, 0x40, 0xa1, 0x82, 0x85, 0x0b, 0x18, 0x32, 0x68, 0xd8, 0xc0, 0xa1,
    0x83, 0x87, 0x0f, 0x20, 0x42, 0x88, 0x18, 0x41, 0xa2, 0x84, 0x89, 0x09,
    0x00, 0x02, 0x08, 0x18, 0x40, 0xa0, 0x80, 0x81, 0x03, 0x08, 0x12, 0x28,
    0x58, 0xc0, 0xa0, 0x81, 0x83, 0x07, 0x10, 0x22, 0x48, 0x98, 0x40, 0xa1,
    0x82, 0x85, 0x0b, 0x18, 0x32, 0x68, 0xd8, 0xc0, 0xa1, 0x83, 0x87, 0x0f,
    0x20, 0x42, 0x88, 0x18, 0x41, 0xa2, 0x84, 0x89, 0x09, 0x00, 0x02, 0x08,
    0x18, 0x40, 0xa0, 0x80, 0x81, 0x03, 0x08, 0x12, 0x28, 0x58, 0xc0, 0xa0,
    0x81, 0x83, 0x07, 0x10, 0x22, 0x48, 0x98, 0x40, 0xa1, 0x82, 0x85, 0x0b,
    0x18, 0x32, 0x68, 0xd8, 0xc0, 0xa1, 0x83, 0x87, 0x0f, 0x20, 0x42, 0x88,
    0x18, 0x41, 0xa2, 0x84, 0x89, 0x09, 0x00, 0x02, 0x08, 0x18, 0x40, 0xa0,
    0x80, 0x81, 0x03, 0x08, 0x12, 0x28, 0x58, 0xc0, 0xa0, 0x81, 0x83, 0x07,
    0x10, 0x22, 0x48, 0x98, 0x40, 0xa1, 0x82, 0x85, 0x0b, 0x18, 0x32, 0x68,
    0xd8, 0xc0, 0xa1, 0x83, 0x87, 0x0f, 0x20, 0x42, 0x88, 0x18, 0x41, 0xa2,
    0x84, 0x89, 0x09, 0x00, 0x02, 0x08, 0x18, 0x40, 0xa0, 0x80, 0x81, 0x03,
    0x08, 0x12, 0x28, 0x58, 0xc0, 0xa0, 0x81, 0x83, 0x07, 0x10, 0x22, 0x48,
    0x98, 0x40, 0xa1, 0x82, 0x85, 0x0b, 0x18, 0x32, 0x68, 0xd8, 0xc0, 0xa1,
    0x83, 0x87, 0x0f, 0x20, 0x42, 0x88, 0x18, 0x41, 0xa2, 0x84, 0x89, 0x09,
    0x00, 0x02, 0x08, 0x18, 0x40, 0xa0, 0x80, 0x81, 0x03, 0x08, 0x12, 0x28,
    0x58, 0xc0, 0xa0, 0x81, 0x83, 0x07, 0x10, 0x22, 0x48, 0x98, 0x40, 0xa1,
    0x82, 0x85, 0x0b, 0x18, 0x32, 0x68, 0xd8, 0xc0, 0xa1, 0x83, 0x87, 0x0f,
    0x20, 0x42, 0x88, 0x18, 0x41, 0xa2, 0x84, 0x89, 0x09, 0x00, 0x02, 0x08,
    0x18, 0x40, 0xa0, 0x80, 0x81, 0x03, 0x08, 0x12, 0x28, 0x58, 0xc0, 0xa0,
    0x81, 0x83, 0x07, 0x10, 0x22, 0x48, 0x98, 0x40, 0xa1, 0x82, 0x85, 0x0b,
    0x18, 0x32, 0x68, 0xd8, 0xc0, 0xa1, 0x83, 0x87, 0x0f, 0x20, 0x42, 0x88,
    0x18, 0x41, 0xa2, 0x84, 0x89, 0x09, 0x00, 0x02, 0x08, 0x18, 0x40, 0xa0,
    0x80, 0x81, 0x03, 0x08, 0x12, 0x28, 0x58, 0xc0, 0xa0, 0x81, 0x83, 0x07,
    0x10, 0x22, 0x48, 0x98, 0x40, 0xa1, 0x82, 0x85, 0x0b, 0x18, 0x32, 0x68,
    0xd8, 0xc0, 0xa1, 0x83, 0x87, 0x0f, 0x20, 0x42, 0x88, 0x18, 0x41, 0xa2,
    0x84, 0x89, 0x09, 0x00, 0x02, 0x08, 0x18, 0x40, 0xa0, 0x80, 0x81, 0x03,
    0x08, 0x12, 0x28, 0x58, 0xc0, 0xa0, 0x81, 0x83, 0x07, 0x10, 0x22, 0x48,
    0x98, 0x40, 0xa1, 0x82, 0x85, 0x0b, 0x18, 0x32, 0x68, 0xd8, 0xc0, 0xa1,
    0x83, 0x87, 0x0f, 0x20, 0x42, 0x88, 0x18, 0x41, 0xa2, 0x84, 0x89, 0x09,
    0x00, 0x02, 0x08, 0x18, 0x40, 0xa0, 0x80, 0x81, 0x03, 0x08, 0x12, 0x28,
    0x58, 0xc0, 0xa0, 0x81, 0x83, 0x07, 0x10, 0x22, 0x48, 0x98, 0x40, 0xa1,
    0x82, 0x85, 0x0b, 0x18, 0x32, 0x68, 0xd8, 0xc0, 0xa1, 0x83, 0x87, 0x0f,
    0x20, 0x42, 0x88, 0x18, 0x41, 0xa2, 0x84, 0x89, 0x09, 0x00, 0x02, 0x08,
    0x18, 0x40, 0xa0, 0x80, 0x81, 0x03, 0x08, 0x12, 0x28, 0x58, 0xc0, 0xa0,
    0x81, 0x83, 0x07, 0x10, 0x22, 0x48, 0x98, 0x40, 0xa1, 0x82, 0x85, 0x0b,
    0x18, 0x32, 0x68, 0xd8, 0xc0, 0xa1, 0x83, 0x87, 0x0f, 0x20, 0x42, 0x88,
    0x18, 0x41, 0xa2, 0x84, 0x89, 0x09, 0x00, 0x02, 0x08, 0x18, 0x40, 0xa0,
    0x80, 0x81, 0x03, 0x08, 0x12, 0x28, 0x58, 0xc0, 0xa0, 0x81, 0x83, 0x07,
    0x10, 0x22, 0x48, 0x98, 0x40, 0xa1, 0x82, 0x85, 0x0b, 0x18, 0x32, 0x68,
    0xd8, 0xc0, 0xa1, 0x83, 0x87, 0x0f, 0x20, 0x42, 0x88, 0x18, 0x41, 0xa2,
    0x84, 0x89, 0x09, 0x00, 0x02, 0x08, 0x18, 0x40, 0xa0, 0x80, 0x81, 0x03,
    0x08, 0x12, 0x28, 0x58, 0xc0, 0xa0, 0x81, 0x83, 0x07, 0x10, 0x22, 0x48,
    0x98, 0x40, 0xa1, 0x82, 0x85, 0x0b, 0x18, 0x32, 0x68, 0xd8, 0xc0, 0xa1,
    0x83, 0x87, 0x0f, 0x20, 0x42, 0x88, 0x18, 0x41, 0xa2, 0x84, 0x89, 0x09,
    0x00, 0x02, 0x08, 0x18, 0x40, 0xa0, 0x80, 0x81, 0x03, 0x08, 0x12, 0x28,
    0x58, 0xc0, 0xa0, 0x81, 0x83, 0x07, 0x10, 0x22, 0x48, 0x98, 0x40, 0xa1,
    0x82, 0x85, 0x0b, 0x18, 0x32, 0x68, 0xd8, 0xc0, 0xa1, 0x83, 0x87, 0x0f,
    0x20, 0x42, 0x88, 0x18, 0x41, 0xa2, 0x84, 0x89, 0x09, 0x00, 0x02, 0x08,
    0x18, 0x40, 0xa0, 0x80, 0x81, 0x03, 0x08, 0x12, 0x28, 0x58, 0xc0, 0xa0,
    0x81, 0x83, 0x07, 0x10, 0x22, 0x48, 0x98, 0x40, 0xa1, 0x82, 0x85, 0x0b,
    0x18, 0x32, 0x68, 0xd8, 0xc0, 0xa1, 0x83, 0x87, 0x0f, 0x20, 0x42, 0x88,
    0x18, 0x41, 0xa2, 0x84, 0x89, 0x09, 0x00, 0x02, 0x08, 0x18, 0x40, 0xa0,
    0x80, 0x81, 0x03, 0x08, 0x12, 0x28, 0x58, 0xc0, 0xa0, 0x81, 0x83, 0x07,
    0x10, 0x22, 0x48, 0x98, 0x40, 0xa1, 0x82, 0x85, 0x0b, 0x18, 0x32, 0x68,
    0xd8, 0xc0, 0xa1, 0x83, 0x87, 0x0f, 0x20, 0x42, 0x88, 0x18, 0x41, 0xa2,
    0x84, 0x89, 0x09, 0x00, 0x02, 0x08, 0x18, 0x40, 0xa0, 0x80, 0x81, 0x03,
    0x08, 0x12, 0x28, 0x58, 0xc0, 0xa0, 0x81, 0x83, 0x07, 0x10, 0x22, 0x48,
    0x98, 0x40, 0xa1, 0x82, 0x85, 0x0b, 0x18, 0x32, 0x68, 0xd8, 0xc0, 0xa1,
    0x83, 0x87, 0x0f, 0x20, 0x42, 0x88, 0x18, 0x41, 0xa2, 0x84, 0x89, 0x09,
    0x00, 0x02, 0x08, 0x18, 0x40, 0xa0, 0x80, 0x81, 0x03, 0x08, 0x12, 0x28,
    0x58, 0xc0, 0xa0, 0x81, 0x83, 0x07, 0x10, 0x22, 0x48, 0x98, 0x40, 0xa1,
    0x82, 0x85, 0x0b, 0x18, 0x32, 0x68, 0xd8, 0xc0, 0xa1, 0x83, 0x87, 0x0f,
    0x20, 0x42, 0x88, 0x18, 0x41, 0xa2, 0x84, 0x89, 0x09, 0x00, 0x02, 0x08,
    0x18, 0x40, 0xa0, 0x80, 0x81, 0x03, 0x08, 0x12, 0x28, 0x58, 0xc0, 0xa0,
    0x81, 0x83, 0x07, 0x10, 0x22, 0x48, 0x98, 0x40, 0xa1, 0x82, 0x85, 0x0b,
    0x18, 0x32, 0x68, 0xd8, 0xc0, 0xa1, 0x83, 0x87, 0x0f, 0x20, 0x42, 0x88,
    0x18, 0x41, 0xa2, 0x84, 0x89, 0x09, 0x00, 0x02, 0x08, 0x18, 0x40, 0xa0,
    0x80, 0x81, 0x03, 0x08, 0x12, 0x28, 0x58, 0xc0, 0xa0, 0x81, 0x83, 0x07,
    0x10, 0x22, 0x48, 0x98, 0x40, 0xa1, 0x82, 0x85, 0x0b, 0x18, 0x32, 0x68,
    0xd8, 0xc0, 0xa1, 0x83, 0x87, 0x0f, 0x20, 0x42, 0x88, 0x18, 0x41, 0xa2,
    0x84, 0x89, 0x09, 0x00, 0x02, 0x08, 0x18, 0x40, 0xa0, 0x80, 0x81, 0x03,
    0x08, 0x12, 0x28, 0x58, 0xc0, 0xa0, 0x81, 0x83, 0x07, 0x10, 0x22, 0x48,
    0x98, 0x40, 0xa1, 0x82, 0x85, 0x0b, 0x18, 0x32, 0x68, 0xd8, 0xc0, 0xa1,
    0x83, 0x87, 0x0f, 0x20, 0x42, 0x88, 0x18, 0x41, 0xa2, 0x84, 0x89, 0x09,
    0x00, 0x02, 0x08, 0x18, 0x40, 0xa0, 0x80, 0x81, 0x03, 0x08, 0x12, 0x28,
    0x58, 0xc0, 0xa0, 0x81, 0x83, 0x07, 0x10, 0x22, 0x48, 0x98, 0x40, 0xa1,
    0x82, 0x85, 0x0b, 0x18, 0x32, 0x68, 0xd8, 0xc0, 0xa1, 0x83, 0x87, 0x0f,
    0x20, 0x42, 0x88, 0x18, 0x41, 0xa2, 0x84, 0x89, 0x09, 0x00, 0x02, 0x08,
    0x18, 0x40, 0xa0, 0x80, 0x81, 0x03, 0x08, 0x12, 0x28, 0x58, 0xc0, 0xa0,
    0x81, 0x83, 0x07, 0x10, 0x22, 0x48, 0x98, 0x40, 0xa1, 0x82, 0x85, 0x0b,
    0x18, 0x32, 0x68, 0xd8, 0xc0, 0xa1, 0x83, 0x87, 0x0f, 0x20, 0x42, 0x88,
    0x18, 0x41, 0xa2, 0x84, 0x89, 0x09, 0x00, 0x02, 0x08, 0x18, 0x40, 0xa0,
    0x80, 0x81, 0x03, 0x08, 0x12, 0x28, 0x58, 0xc0, 0xa0, 0x81, 0x83, 0x07,
    0x10, 0x22, 0x48, 0x98, 0x40, 0xa1, 0x82, 0x85, 0x0b, 0x18, 0x32, 0x68,
    0xd8, 0xc0, 0xa1, 0x83, 0x87, 0x0f, 0x20, 0x42, 0x88, 0x18, 0x41, 0xa2,
    0x84, 0x89, 0x09, 0x00, 0x02, 0x08, 0x18, 0x40, 0xa0, 0x80, 0x81, 0x03,
    0x08, 0x12, 0x28, 0x58, 0xc0, 0xa0, 0x81, 0x83, 0x07, 0x10, 0x22, 0x48,
    0x98, 0x40, 0xa1, 0x82, 0x85, 0x0b, 0x18, 0x32, 0x68, 0xd8, 0xc0, 0xa1,
    0x83, 0x87, 0x0f, 0x20, 0x42, 0x88, 0x18, 0x41, 0xa2, 0x84, 0x89, 0x09,
    0x00, 0x02, 0x08, 0x18, 0x40, 0xa0, 0x80, 0x81, 0x03, 0x08, 0x12, 0x28,
    0x58, 0xc0, 0xa0, 0x81, 0x83, 0x07, 0x10, 0x22, 0x48, 0x98, 0x40, 0xa1,
    0x82, 0x85, 0x0b, 0x18, 0x32, 0x68, 0xd8, 0xc0, 0xa1, 0x83, 0x87, 0x0f,
    0x20, 0x42, 0x88, 0x18, 0x41, 0xa2, 0x84, 0x89, 0x09, 0x00, 0x02, 0x08,
    0x18, 0x40, 0xa0, 0x80, 0x81, 0x03, 0x08, 0x12, 0x28, 0x58, 0xc0, 0xa0,
    0x81, 0x83, 0x07, 0x10, 0x22, 0x48, 0x98, 0x40, 0xa1, 0x82, 0x85, 0x0b,
    0x18, 0x32, 0x68, 0xd8, 0xc0, 0xa1, 0x83, 0x87, 0x0f, 0x20, 0x42, 0x88,
    0x18, 0x41, 0xa2, 0x84, 0x89, 0x09, 0x00, 0x02, 0x08, 0x18, 0x40, 0xa0,
    0x80, 0x81, 0x03, 0x08, 0x12, 0x28, 0x58, 0xc0, 0xa0, 0x81, 0x83, 0x07,
    0x10, 0x22, 0x48, 0x98, 0x40, 0xa1, 0x82, 0x85, 0x0b, 0x18, 0x32, 0x68,
    0xd8, 0xc0, 0xa1, 0x83, 0x87, 0x0f, 0x20, 0x42, 0x88, 0x18, 0x41, 0xa2,
    0x84, 0x89, 0x09, 0x00, 0x02, 0x08, 0x18, 0x40, 0xa0, 0x80, 0x81, 0x03,
    0x08, 0x12, 0x28, 0x58, 0xc0, 0xa0, 0x81, 0x83, 0x07, 0x10, 0x22, 0x48,
    0x98, 0x40, 0xa1, 0x82, 0x85, 0x0b, 0x18, 0x32, 0x68, 0xd8, 0xc0, 0xa1,
    0x83, 0x87, 0x0f, 0x20, 0x42, 0x88, 0x18, 0x41, 0xa2, 0x84, 0x89, 0x09,
    0x00, 0x02, 0x08, 0x18, 0x40, 0xa0, 0x80, 0x81, 0x03, 0x08, 0x12, 0x28,
    0x58, 0xc0, 0xa0, 0x81, 0x83, 0x07, 0x10, 0x22, 0x48, 0x98, 0x40, 0xa1,
    0x82, 0x85, 0x0b, 0x18, 0x32, 0x68, 0xd8, 0xc0, 0xa1, 0x83, 0x87, 0x0f,
    0x20, 0x42, 0x88, 0x18, 0x41, 0xa2, 0x84, 0x89, 0x09, 0x00, 0x02, 0x08,
    0x18, 0x40, 0xa0, 0x80, 0x81, 0x03, 0x08, 0x12, 0x28, 0x58, 0xc0, 0xa0,
    0x81, 0x83, 0x07, 0x10, 0x22, 0x48, 0x98, 0x40, 0xa1, 0x82, 0x85, 0x0b,
    0x18, 0x32, 0x68, 0xd8, 0xc0, 0xa1, 0x83, 0x87, 0x0f, 0x20, 0x42, 0x88,
    0x18, 0x41, 0xa2, 0x84, 0x89, 0x09, 0x00, 0x02, 0x08, 0x18, 0x40, 0xa0,
    0x80, 0x81, 0x03, 0x08, 0x12, 0x28, 0x58, 0xc0, 0xa0, 0x81, 0x83, 0x07,
    0x10, 0x22, 0x48, 0x98, 0x40, 0xa1, 0x82, 0x85, 0x0b, 0x18, 0x32, 0x68,
    0xd8, 0xc0, 0xa1, 0x83, 0x87, 0x0f, 0x20, 0x42, 0x88, 0x18, 0x41, 0xa2,
    0x84, 0x89, 0x09, 0x00, 0x02, 0x08, 0x18, 0x40, 0xa0, 0x80, 0x81, 0x03,
    0x08, 0x12, 0x28, 0x58, 0xc0, 0xa0, 0x81, 0x83, 0x07, 0x10, 0x22, 0x48,
    0x98, 0x40, 0xa1, 0x82, 0x85, 0x0b, 0x18, 0x32, 0x68, 0xd8, 0xc0, 0xa1,
    0x83, 0x87, 0x0f, 0x20, 0x42, 0x88, 0x18, 0x41, 0xa2, 0x84, 0x89, 0x09,
    0x00, 0x02, 0x08, 0x18, 0x40, 0xa0, 0x80, 0x81, 0x03, 0x08, 0x12, 0x28,
    0x58, 0xc0, 0xa0, 0x81, 0x83, 0x07, 0x10, 0x22, 0x48, 0x98, 0x40, 0xa1,
    0x82, 0x85, 0x0b, 0x18, 0x32, 0x68, 0xd8, 0xc0, 0xa1, 0x83, 0x87, 0x0f,
    0x20, 0x42, 0x88, 0x18, 0x41, 0xa2, 0x84, 0x89, 0x09, 0x00, 0x02, 0x08,
    0x18, 0x40, 0xa0, 0x80, 0x81, 0x03, 0x08, 0x12, 0x28, 0x58, 0xc0, 0xa0,
    0x81, 0x83, 0x07, 0x10, 0x22, 0x48, 0x98, 0x40, 0xa1, 0x82, 0x85, 0x0b,
    0x18, 0x32, 0x68, 0xd8, 0xc0, 0xa1, 0x83, 0x87, 0x0f, 0x20, 0x42, 0x88,
    0x18, 0x41, 0xa2, 0x84, 0x89, 0x09, 0x00, 0x02, 0x08, 0x18, 0x40, 0xa0,
    0x80, 0x81, 0x03, 0x08, 0x12, 0x28, 0x58, 0xc0, 0xa0, 0x81, 0x83, 0x07,
    0x10, 0x22, 0x48, 0x98, 0x40, 0xa1, 0x82, 0x85, 0x0b, 0x18, 0x32, 0x68,
    0xd8, 0xc0, 0xa1, 0x83, 0x87, 0x0f, 0x20, 0x42, 0x88, 0x18, 0x41, 0xa2,
    0x84, 0x89, 0x09, 0x00, 0x02, 0x08, 0x18, 0x40, 0xa0, 0x80, 0x81, 0x03,
    0x08, 0x12, 0x28, 0x58, 0xc0, 0xa0, 0x81, 0x83, 0x07, 0x10, 0x22, 0x48,
    0x98, 0x40, 0xa1, 0x82, 0x85, 0x0b, 0x18, 0x32, 0x68, 0xd8, 0xc0, 0xa1,
    0x83, 0x87, 0x0f, 0x20, 0x42, 0x88, 0x18, 0x41, 0xa2, 0x84, 0x89, 0x09,
    0x00, 0x02, 0x08, 0x18, 0x40, 0xa0, 0x80, 0x81, 0x03, 0x08, 0x12, 0x28,
    0x58, 0xc0, 0xa0, 0x81, 0x83, 0x07, 0x10, 0x22, 0x48, 0x98, 0x40, 0xa1,
    0x82, 0x85, 0x0b, 0x18, 0x32, 0x68, 0xd8, 0xc0, 0xa1, 0x83, 0x87, 0x0f,
    0x20, 0x42, 0x88, 0x18, 0x41, 0xa2, 0x84, 0x89, 0x09, 0x00, 0x02, 0x08,
    0x18, 0x40, 0xa0, 0x80, 0x81, 0x03, 0x08, 0x12, 0x28, 0x58, 0xc0, 0xa0,
    0x81, 0x83, 0x07, 0x10, 0x22, 0x48, 0x98, 0x40, 0xa1, 0x82, 0x85, 0x0b,
    0x18, 0x32, 0x68, 0xd8, 0xc0, 0xa1, 0x83, 0x87, 0x0f, 0x20, 0x42, 0x88,
    0x18, 0x41, 0xa2, 0x84, 0x89, 0x09, 0x00, 0x02, 0x08, 0x18, 0x40, 0xa0,
    0x80, 0x81, 0x03, 0x08, 0x12, 0x28, 0x58, 0xc0, 0xa0, 0x81, 0x83, 0x07,
    0x10, 0x22, 0x48, 0x98, 0x40, 0xa1, 0x82, 0x85, 0x0b, 0x18, 0x32, 0x68,
    0xd8, 0xc0, 0xa1, 0x83, 0x87, 0x0f, 0x20, 0x42, 0x88, 0x18, 0x41, 0xa2,
    0x84, 0x89, 0x09, 0x00, 0x02, 0x08, 0x18, 0x40, 0xa0, 0x80, 0x81, 0x03,
    0x08, 0x12, 0x28, 0x58, 0xc0, 0xa0, 0x81, 0x83, 0x07, 0x10, 0x22, 0x48,
    0x98, 0x40, 0xa1, 0x82, 0x85, 0x0b, 0x18, 0x32, 0x68, 0xd8, 0xc0, 0xa1,
    0x83, 0x87, 0x0f, 0x20, 0x42, 0x88, 0x18, 0x41, 0xa2, 0x84, 0x89, 0x09,
    0x00, 0x02, 0x08, 0x18, 0x40, 0xa0, 0x80, 0x81, 0x03, 0x08, 0x12, 0x28,
    0x58, 0xc0, 0xa0, 0x81, 0x83, 0x07, 0x10, 0x22, 0x48, 0x98, 0x40, 0xa1,
    0x82, 0x85, 0x0b, 0x18, 0x32, 0x68, 0xd8, 0xc0, 0xa1, 0x83, 0x87, 0x0f,
    0x20, 0x42, 0x88, 0x18, 0x41, 0xa2, 0x84, 0x89, 0x09, 0x00, 0x02, 0x08,
    0x18, 0x40, 0xa0, 0x80, 0x81, 0x03, 0x08, 0x12, 0x28, 0x58, 0xc0, 0xa0,
    0x81, 0x83, 0x07, 0x10, 0x22, 0x48, 0x98, 0x40, 0xa1, 0x82, 0x85, 0x0b,
    0x18, 0x32, 0x68, 0xd8, 0xc0, 0xa1, 0x83, 0x87, 0x0f, 0x20, 0x42, 0x88,
    0x18, 0x41, 0xa2, 0x84, 0x89, 0x09, 0x00, 0x02, 0x08, 0x18, 0x40, 0xa0,
    0x80, 0x81, 0x03, 0x08, 0x12, 0x28, 0x58, 0xc0, 0xa0, 0x81, 0x83, 0x07,
    0x10, 0x22, 0x48, 0x98, 0x40, 0xa1, 0x82, 0x85, 0x0b, 0x18, 0x32, 0x68,
    0xd8, 0xc0, 0xa1, 0x83, 0x87, 0x0f, 0x20, 0x42, 0x88, 0x18, 0x41, 0xa2,
    0x84, 0x89, 0x09, 0x00, 0x02, 0x08, 0x18, 0x40, 0xa0, 0x80, 0x81, 0x03,
    0x08, 0x12, 0x28, 0x58, 0xc0, 0xa0, 0x81, 0x83, 0x07, 0x10, 0x22, 0x48,
    0x98, 0x40, 0xa1, 0x82, 0x85, 0x0b, 0x18, 0x32, 0x68, 0xd8, 0xc0, 0xa1,
    0x83, 0x87, 0x0f, 0x20, 0x42, 0x88, 0x18, 0x41, 0xa2, 0x84, 0x89, 0x09,
    0x00, 0x02, 0x08, 0x18, 0x40, 0xa0, 0x80, 0x81, 0x03, 0x08, 0x12, 0x28,
    0x58, 0xc0, 0xa0, 0x81, 0x83, 0x07, 0x10, 0x22, 0x48, 0x98, 0x40, 0xa1,
    0x82, 0x85, 0x0b, 0x18, 0x32, 0x68, 0xd8, 0xc0, 0xa1, 0x83, 0x87, 0x0f,
    0x20, 0x42, 0x88, 0x18, 0x41, 0xa2, 0x84, 0x89, 0x09, 0x00, 0x02, 0x08,
    0x18, 0x40, 0xa0, 0x80, 0x81, 0x03, 0x08, 0x12, 0x28, 0x58, 0xc0, 0xa0,
    0x81, 0x83, 0x07, 0x10, 0x22, 0x48, 0x98, 0x40, 0xa1, 0x82, 0x85, 0x0b,
    0x18, 0x32, 0x68, 0xd8, 0xc0, 0xa1, 0x83, 0x87, 0x0f, 0x20, 0x42, 0x88,
    0x18, 0x41, 0xa2, 0x84, 0x89, 0x09, 0x00, 0x02, 0x08, 0x18, 0x40, 0xa0,
    0x80, 0x81, 0x03, 0x08, 0x12, 0x28, 0x58, 0xc0, 0xa0, 0x81, 0x83, 0x07,
    0x10, 0x22, 0x48, 0x98, 0x40, 0xa1, 0x82, 0x85, 0x0b, 0x18, 0x32, 0x68,
    0xd8, 0xc0, 0xa1, 0x83, 0x87, 0x0f, 0x20, 0x42, 0x88, 0x18, 0x41, 0xa2,
    0x84, 0x89, 0x09, 0x00, 0x02, 0x08, 0x18, 0x40, 0xa0, 0x80, 0x81, 0x03,
    0x08, 0x12, 0x28, 0x58, 0xc0, 0xa0, 0x81, 0x83, 0x07, 0x10, 0x22, 0x48,
    0x98, 0x40, 0xa1, 0x82, 0x85, 0x0b, 0x18, 0x32, 0x68, 0xd8, 0xc0, 0xa1,
    0x83, 0x87, 0x0f, 0x20, 0x42, 0x88, 0x18, 0x41, 0xa2, 0x84, 0x89, 0x09,
    0x00, 0x02, 0x08, 0x18, 0x40, 0xa0, 0x80, 0x81, 0x03, 0x08, 0x12, 0x28,
    0x58, 0xc0, 0xa0, 0x81, 0x83, 0x07, 0x10, 0x22, 0x48, 0x98, 0x40, 0xa1,
    0x82, 0x85, 0x0b, 0x18, 0x32, 0x68, 0xd8, 0xc0, 0xa1, 0x83, 0x87, 0x0f,
    0x20, 0x42, 0x88, 0x18, 0x41, 0xa2, 0x84, 0x89, 0x09, 0x00, 0x02, 0x08,
    0x18, 0x40, 0xa0, 0x80, 0x81, 0x03, 0x08, 0x12, 0x28, 0x58, 0xc0, 0xa0,
    0x81, 0x83, 0x07, 0x10, 0x22, 0x48, 0x98, 0x40, 0xa1, 0x82, 0x85, 0x0b,
    0x18, 0x32, 0x68, 0xd8, 0xc0, 0xa1, 0x83, 0x87, 0x0f, 0x20, 0x42, 0x88,
    0x18, 0x41, 0xa2, 0x84, 0x89, 0x09, 0x00, 0x02, 0x08, 0x18, 0x40, 0xa0,
    0x80, 0x81, 0x03, 0x08, 0x12, 0x28, 0x58, 0xc0, 0xa0, 0x81, 0x83, 0x07,
    0x10, 0x22, 0x48, 0x98, 0x40, 0xa1, 0x82, 0x85, 0x0b, 0x18, 0x32, 0x68,
    0xd8, 0xc0, 0xa1, 0x83, 0x87, 0x0f, 0x20, 0x42, 0x88, 0x18, 0x41, 0xa2,
    0x84, 0x89, 0x09, 0x00, 0x02, 0x08, 0x18, 0x40, 0xa0, 0x80, 0x81, 0x03,
    0x08, 0x12, 0x28, 0x58, 0xc0, 0xa0, 0x81, 0x83, 0x07, 0x10, 0x22, 0x48,
    0x98, 0x40, 0xa1, 0x82, 0x85, 0x0b, 0x18, 0x32, 0x68, 0xd8, 0xc0, 0xa1,
    0x83, 0x87, 0x0f, 0x20, 0x42, 0x88, 0x18, 0x41, 0xa2, 0x84, 0x89, 0x09,
    0x00, 0x02, 0x08, 0x18, 0x40, 0xa0, 0x80, 0x81, 0x03, 0x08, 0x12, 0x28,
    0x58, 0xc0, 0xa0, 0x81, 0x83, 0x07, 0x10, 0x22, 0x48, 0x98, 0x40, 0xa1,
    0x82, 0x85, 0x0b, 0x18, 0x32, 0x68, 0xd8, 0xc0, 0xa1, 0x83, 0x87, 0x0f,
    0x20, 0x42, 0x88, 0x18, 0x41, 0xa2, 0x84, 0x89, 0x09, 0x00, 0x02, 0x08,
    0x18, 0x40, 0xa0, 0x80, 0x81, 0x03, 0x08, 0x12, 0x28, 0x58, 0xc0, 0xa0,
    0x81, 0x83, 0x07, 0x10, 0x22, 0x48, 0x98, 0x40, 0xa1, 0x82, 0x85, 0x0b,
    0x18, 0x32, 0x68, 0xd8, 0xc0, 0xa1, 0x83, 0x87, 0x0f, 0x20, 0x42, 0x88,
    0x18, 0x41, 0xa2, 0x84, 0x89, 0x09, 0x00, 0x02, 0x08, 0x18, 0x40, 0xa0,
    0x80, 0x81, 0x03, 0x08, 0x12, 0x28, 0x58, 0xc0, 0xa0, 0x81, 0x83, 0x07,
    0x10, 0x22, 0x48, 0x98, 0x40, 0xa1, 0x82, 0x85, 0x0b, 0x18, 0x32, 0x68,
    0xd8, 0xc0, 0xa1, 0x83, 0x87, 0x0f, 0x20, 0x42, 0x88, 0x18, 0x41, 0xa2,
    0x84, 0x89, 0x09, 0x00, 0x02, 0x08, 0x18, 0x40, 0xa0, 0x80, 0x81, 0x03,
    0x08, 0x12, 0x28, 0x58, 0xc0, 0xa0, 0x81, 0x83, 0x07, 0x10, 0x22, 0x48,
    0x98, 0x40, 0xa1, 0x82, 0x85, 0x0b, 0x18, 0x32, 0x68, 0xd8, 0xc0, 0xa1,
    0x83, 0x87, 0x0f, 0x20, 0x42, 0x88, 0x18, 0x41, 0xa2, 0x84, 0x89, 0x09,
    0x00, 0x02, 0x08, 0x18, 0x40, 0xa0, 0x80, 0x81, 0x03, 0x08, 0x12, 0x28,
    0x58, 0xc0, 0xa0, 0x81, 0x83, 0x07, 0x10, 0x22, 0x48, 0x98, 0x40, 0xa1,
    0x82, 0x85, 0x0b, 0x18, 0x32, 0x68, 0xd8, 0xc0, 0xa1, 0x83, 0x87, 0x0f,
    0x20, 0x42, 0x88, 0x18, 0x41, 0xa2, 0x84, 0x89, 0x09, 0x00, 0x02, 0x08,
    0x18, 0x40, 0xa0, 0x80, 0x81, 0x03, 0x08, 0x12, 0x28, 0x58, 0xc0, 0xa0,
    0x81, 0x83, 0x07, 0x10, 0x22, 0x48, 0x98, 0x40, 0xa1, 0x82, 0x85, 0x0b,
    0x18, 0x32, 0x68, 0xd8, 0xc0, 0xa1, 0x83, 0x87, 0x0f, 0x20, 0x42, 0x88,
    0x18, 0x41, 0xa2, 0x84, 0x89, 0x09, 0x00, 0x02, 0x08, 0x18, 0x40, 0xa0,
    0x80, 0x81, 0x03, 0x08, 0x12, 0x28, 0x58, 0xc0, 0xa0, 0x81, 0x83, 0x07,
    0x10, 0x22, 0x48, 0x98, 0x40, 0xa1, 0x82, 0x85, 0x0b, 0x18, 0x32, 0x68,
    0xd8, 0xc0, 0xa1, 0x83, 0x87, 0x0f, 0x20, 0x42, 0x88, 0x18, 0x41, 0xa2,
    0x84, 0x89, 0x09, 0x00, 0x02, 0x08, 0x18, 0x40, 0xa0, 0x80, 0x81, 0x03,
    0x08, 0x12, 0x28, 0x58, 0xc0, 0xa0, 0x81, 0x83, 0x07, 0x10, 0x22, 0x48,
    0x98, 0x40, 0xa1, 0x82, 0x85, 0x0b, 0x18, 0x32, 0x68, 0xd8, 0xc0, 0xa1,
    0x83, 0x87, 0x0f, 0x20, 0x42, 0x88, 0x18, 0x41, 0xa2, 0x84, 0x89, 0x09,
    0x00, 0x02, 0x08, 0x18, 0x40, 0xa0, 0x80, 0x81, 0x03, 0x08, 0x12, 0x28,
    0x58, 0xc0, 0xa0, 0x81, 0x83, 0x07, 0x10, 0x22, 0x48, 0x98, 0x40, 0xa1,
    0x82, 0x85, 0x0b, 0x18, 0x32, 0x68, 0xd8, 0xc0, 0xa1, 0x83, 0x87, 0x0f,
    0x20, 0x42, 0x88, 0x18, 0x41, 0xa2, 0x84, 0x89, 0x09, 0x00, 0x02, 0x08,
    0x18, 0x40, 0xa0, 0x80, 0x81, 0x03, 0x08, 0x12, 0x28, 0x58, 0xc0, 0xa0,
    0x81, 0x83, 0x07, 0x10, 0x22, 0x48, 0x98, 0x40, 0xa1, 0x82, 0x85, 0x0b,
    0x18, 0x32, 0x68, 0xd8, 0xc0, 0xa1, 0x83, 0x87, 0x0f, 0x20, 0x42, 0x88,
    0x18, 0x41, 0xa2, 0x84, 0x89, 0x09, 0x00, 0x02, 0x08, 0x18, 0x40, 0xa0,
    0x80, 0x81, 0x03, 0x08, 0x12, 0x28, 0x58, 0xc0, 0xa0, 0x81, 0x83, 0x07,
    0x10, 0x22, 0x48, 0x98, 0x40, 0xa1, 0x82, 0x85, 0x0b, 0x18, 0x32, 0x68,
    0xd8, 0xc0, 0xa1, 0x83, 0x87, 0x0f, 0x20, 0x42, 0x88, 0x18, 0x41, 0xa2,
    0x84, 0x89, 0x09, 0x00, 0x02, 0x08, 0x18, 0x40, 0xa0, 0x80, 0x81, 0x03,
    0x08, 0x12, 0x28, 0x58, 0xc0, 0xa0, 0x81, 0x83, 0x07, 0x10, 0x22, 0x48,
    0x98, 0x40, 0xa1, 0x82, 0x85, 0x0b, 0x18, 0x32, 0x68, 0xd8, 0xc0, 0xa1,
    0x83, 0x87, 0x0f, 0x20, 0x42, 0x88, 0x18, 0x41, 0xa2, 0x84, 0x89, 0x09,
    0x00, 0x02, 0x08, 0x18, 0x40, 0xa0, 0x80, 0x81, 0x03, 0x08, 0x12, 0x28,
    0x58, 0xc0, 0xa0, 0x81, 0x83, 0x07, 0x10, 0x22, 0x48, 0x98, 0x40, 0xa1,
    0x82, 0x85, 0x0b, 0x18, 0x32, 0x68, 0xd8, 0xc0, 0xa1, 0x83, 0x87, 0x0f,
    0x20, 0x42, 0x88, 0x18, 0x41, 0xa2, 0x84, 0x89, 0x09, 0x00, 0x02, 0x08,
    0x18, 0x40, 0xa0, 0x80, 0x81, 0x03, 0x08, 0x12, 0x28, 0x58, 0xc0, 0xa0,
    0x81, 0x83, 0x07, 0x10, 0x22, 0x48, 0x98, 0x40, 0xa1, 0x82, 0x85, 0x0b,
    0x18, 0x32, 0x68, 0xd8, 0xc0, 0xa1, 0x83, 0x87, 0x0f, 0x20, 0x42, 0x88,
    0x18, 0x41, 0xa2, 0x84, 0x89, 0x09, 0x00, 0x02, 0x08, 0x18, 0x40, 0xa0,
    0x80, 0x81, 0x03, 0x08, 0x12, 0x28, 0x58, 0xc0, 0xa0, 0x81, 0x83, 0x07,
    0x10, 0x22, 0x48, 0x98, 0x40, 0xa1, 0x82, 0x85, 0x0b, 0x18, 0x32, 0x68,
    0xd8, 0xc0, 0xa1, 0x83, 0x87, 0x0f, 0x20, 0x42, 0x88, 0x18, 0x41, 0xa2,
    0x84, 0x89, 0x09, 0x00, 0x02, 0x08, 0x18, 0x40, 0xa0, 0x80, 0x81, 0x03,
    0x08, 0x12, 0x28, 0x58, 0xc0, 0xa0, 0x81, 0x83, 0x07, 0x10, 0x22, 0x48,
    0x98, 0x40, 0xa1, 0x82, 0x85, 0x0b, 0x18, 0x32, 0x68, 0xd8, 0xc0, 0xa1,
    0x83, 0x87, 0x0f, 0x20, 0x42, 0x88, 0x18, 0x41, 0xa2, 0x84, 0x89, 0x09,
    0x00, 0x02, 0x08, 0x18, 0x40, 0xa0, 0x80, 0x81, 0x03, 0x08, 0x12, 0x28,
    0x58, 0xc0, 0xa0, 0x81, 0x83, 0x07, 0x10, 0x22, 0x48, 0x98, 0x40, 0xa1,
    0x82, 0x85, 0x0b, 0x18, 0x32, 0x68, 0xd8, 0xc0, 0xa1, 0x83, 0x87, 0x0f,
    0x20, 0x42, 0x88, 0x18, 0x41, 0xa2, 0x84, 0x89, 0x09, 0x00, 0x02, 0x08,
    0x18, 0x40, 0xa0, 0x80, 0x81, 0x03, 0x08, 0x12, 0x28, 0x58, 0xc0, 0xa0,
    0x81, 0x83, 0x07, 0x10, 0x22, 0x48, 0x98, 0x40, 0xa1, 0x82, 0x85, 0x0b,
    0x18, 0x32, 0x68, 0xd8, 0xc0, 0xa1, 0x83, 0x87, 0x0f, 0x20, 0x42, 0x88,
    0x18, 0x41, 0xa2, 0x84, 0x89, 0x09, 0x00, 0x02, 0x08, 0x18, 0x40, 0xa0,
    0x80, 0x81, 0x03, 0x08, 0x12, 0x28, 0x58, 0xc0, 0xa0, 0x81, 0x83, 0x07,
    0x10, 0x22, 0x48, 0x98, 0x40, 0xa1, 0x82, 0x85, 0x0b, 0x18, 0x32, 0x68,
    0xd8, 0xc0, 0xa1, 0x83, 0x87, 0x0f, 0x20, 0x42, 0x88, 0x18, 0x41, 0xa2,
    0x84, 0x89, 0x09, 0x00, 0x02, 0x08, 0x18, 0x40, 0xa0, 0x80, 0x81, 0x03,
    0x08, 0x12, 0x28, 0x58, 0xc0, 0xa0, 0x81, 0x83, 0x07, 0x10, 0x22, 0x48,
    0x98, 0x40, 0xa1, 0x82, 0x85, 0x0b, 0x18, 0x32, 0x68, 0xd8, 0xc0, 0xa1,
    0x83, 0x87, 0x0f, 0x20, 0x42, 0x88, 0x18, 0x41, 0xa2, 0x84, 0x89, 0x09,
    0x00, 0x02, 0x08, 0x18, 0x40, 0xa0, 0x80, 0x81, 0x03, 0x08, 0x12, 0x28,
    0x58, 0xc0, 0xa0, 0x81, 0x83, 0x07, 0x10, 0x22, 0x48, 0x98, 0x40, 0xa1,
    0x82, 0x85, 0x0b, 0x18, 0x32, 0x68, 0xd8, 0xc0, 0xa1, 0x83, 0x87, 0x0f,
    0x20, 0x42, 0x88, 0x18, 0x41, 0xa2, 0x84, 0x89, 0x09, 0x00, 0x02, 0x08,
    0x18, 0x40, 0xa0, 0x80, 0x81, 0x03, 0x08, 0x12, 0x28, 0x58, 0xc0, 0xa0,
    0x81, 0x83, 0x07, 0x10, 0x22, 0x48, 0x98, 0x40, 0xa1, 0x82, 0x85, 0x0b,
    0x18, 0x32, 0x68, 0xd8, 0xc0, 0xa1, 0x83, 0x87, 0x0f, 0x20, 0x42, 0x88,
    0x18, 0x41, 0xa2, 0x84, 0x89, 0x09, 0x00, 0x0a, 0x18, 0x38, 0x80, 0x20,
    0x81, 0x82, 0x05, 0x0c, 0x14, 0x04, 0x00, 0x20, 0x20, 0x40, 0x80, 0x01,
    0x14, 0x06, 0x44, 0xa0, 0x20, 0xc0, 0x42, 0x80, 0x08, 0x04, 0x34, 0x0c,
    0x08, 0x40, 0x60, 0x83, 0x05, 0x0b, 0x02, 0x4a, 0x80, 0xc8, 0x80, 0xa2,
    0x44, 0x08, 0x09, 0x14, 0x24, 0x88, 0x30, 0xa1, 0xa2, 0x05, 0x01, 0x01,
    0x1d, 0x3e, 0x8c, 0x28, 0x91, 0x21, 0x44, 0x86, 0x0f, 0x2a, 0x66, 0xec,
    0x98, 0xb0, 0x03, 0xc3, 0x0c, 0x11, 0x3e, 0x4e, 0x44, 0x88, 0x20, 0xa1,
    0xc6, 0x11, 0x1c, 0x25, 0x3c, 0x64, 0x00, 0xb2, 0x21, 0xca, 0x0c, 0x0c,
    0x3c, 0x3a, 0x9c, 0x20, 0x30, 0x64, 0xc8, 0x91, 0x28, 0x39, 0x42, 0x68,
    0xc0, 0xd1, 0xe1, 0x02, 0x10, 0x1a, 0x4d, 0x9e, 0x0c, 0xb0, 0x22, 0x06,
    0xc5, 0x07, 0x17, 0x3b, 0x98, 0x24, 0xa9, 0xb0, 0xe1, 0xc2, 0x92, 0x38,
    0x13, 0x92, 0x60, 0xf9, 0x50, 0xc4, 0xca, 0x8d, 0x09, 0x61, 0x90, 0x6c,
    0xc0, 0x12, 0x07, 0xc9, 0x0d, 0x1b, 0x64, 0x68, 0x58, 0x18, 0x42, 0x82,
    0x82, 0x17, 0x19, 0x8a, 0xea, 0x08, 0x3a, 0x43, 0x02, 0xc4, 0x19, 0x47,
    0x28, 0x5e, 0xfc, 0x21, 0xa1, 0x66, 0x02, 0x1e, 0x15, 0x20, 0x1c, 0x4d,
    0xda, 0xb4, 0x44, 0x87, 0x17, 0x16, 0x34, 0x02, 0x4d, 0xe1, 0xb1, 0xe6,
    0xc5, 0x12, 0x0e, 0x3e, 0xce, 0xc0, 0xe0, 0x81, 0x02, 0x4b, 0x90, 0x14,
    0x54, 0xe0, 0xb4, 0xc0, 0x51, 0x27, 0x10, 0x8e, 0x11, 0x61, 0x78, 0x75,
    0x68, 0x45, 0x44, 0x04, 0x06, 0x3e, 0x5c, 0x0a, 0xf1, 0x69, 0x64, 0xe2,
    0xcf, 0x89, 0x5a, 0xad, 0xd6, 0x98, 0xb8, 0xb3, 0xcb, 0xcc, 0x2f, 0x09,
    0x9c, 0xce, 0xb4, 0x4a, 0x76, 0x68, 0x46, 0x0d, 0x6a, 0xd4, 0xa6, 0x0c,
    0xe9, 0xe4, 0x84, 0x45, 0x1c, 0x0d, 0x51, 0x00, 0x3c, 0x68, 0x80, 0x2e,
    0x9d, 0xba, 0x75, 0xec, 0xda, 0xb9, 0x7b, 0x07, 0x0f, 0x1d, 0x00, 0x14,
    0x2c, 0x60, 0xd0, 0xc0, 0xc1, 0x03, 0x08, 0x11, 0x16, 0x04, 0x08, 0x30,
    0x20, 0x80, 0x00, 0x02, 0x05, 0x0c, 0x1c, 0x28, 0xd0, 0xe1, 0x00, 0x02,
    0x04, 0x05, 0x3e, 0x80, 0x08, 0x51, 0x00, 0x01, 0x07, 0x10, 0x1f, 0x0e,
    0x7c, 0x10, 0xd1, 0x81, 0x44, 0x88, 0x15, 0x2a, 0x44, 0xc8, 0x20, 0x91,
    0x40, 0xc4, 0x89, 0x1b, 0x27, 0x56, 0xa4, 0x98, 0x01, 0xc3, 0xc7, 0x0e,
    0x1d, 0x21, 0x4a, 0x80, 0xf0, 0xb0, 0xc2, 0x85, 0x87, 0x13, 0x30, 0x46,
    0xe8, 0x90, 0xe1, 0x61, 0x46, 0x8b, 0x1d, 0x1c, 0x50, 0x24, 0xe0, 0x41,
    0x64, 0x86, 0x8a, 0x1f, 0x37, 0x4c, 0x6c, 0x11, 0x92, 0x22, 0x46, 0x11,
    0x12, 0x4f, 0x8c, 0x60, 0x21, 0x11, 0x23, 0x4a, 0x97, 0x12, 0x2e, 0x92,
    0x8c, 0xd8, 0x12, 0xa3, 0x0c, 0x8e, 0x23, 0x42, 0xa8, 0x98, 0x18, 0xd3,
    0xc1, 0x0e, 0x18, 0x2b, 0x4d, 0x46, 0x48, 0xb1, 0x62, 0x02, 0x86, 0x1d,
    0x21, 0x4b, 0xfc, 0x04, 0xe9, 0xc3, 0xc2, 0x88, 0x1f, 0x3b, 0x46, 0x74,
    0xd0, 0xa9, 0x42, 0xa6, 0x05, 0x1c, 0x15, 0x54, 0x50, 0x60, 0x51, 0x84,
    0x83, 0xcd, 0x0d, 0x20, 0x3b, 0x72, 0xbc, 0xe0, 0x30, 0xe8, 0x0e, 0x0b,
    0x1e, 0x1f, 0xe6, 0xe0, 0x58, 0xc3, 0x27, 0xc8, 0xa0, 0x24, 0x83, 0x96,
    0x78, 0xf9, 0xb3, 0x06, 0x84, 0x24, 0x3a, 0x52, 0x3a, 0x8d, 0x71, 0xc3,
    0xa4, 0x0c, 0x90, 0x30, 0xa6, 0x26, 0x89, 0xa0, 0x42, 0xe4, 0x52, 0x0a,
    0x5f, 0x47, 0x30, 0x41, 0xaa, 0xa5, 0xc9, 0xcc, 0x31, 0x37, 0x9d, 0x7c,
    0x3c, 0x0a, 0x21, 0x29, 0x0d, 0x21, 0x45, 0x36, 0xdc, 0x30, 0x52, 0x72,
    0xc7, 0x80, 0x01, 0x0b, 0x12, 0xb4, 0x6d, 0xe3, 0xd6, 0xcd, 0xdb, 0x37,
    0x70, 0xe1, 0xc4, 0x69, 0x03, 0x00, 0x20, 0x44, 0x90, 0x30, 0x81, 0x42,
    0x05, 0x0b, 0x17, 0x20, 0x04, 0xd0, 0x20, 0xc0, 0x80, 0x82, 0x05, 0x0c,
    0x1a, 0x38, 0x10, 0x31, 0x82, 0x44, 0x09, 0x13, 0x27, 0x50, 0xa4, 0x50,
    0xb1, 0x82, 0x45, 0x0b, 0x17, 0x2f, 0x60, 0xc4, 0x90, 0x31, 0x83, 0x46,
    0x0d, 0x1b, 0x37, 0x70, 0xe4, 0xd0, 0xb1, 0x83, 0x47, 0x0f, 0x1f, 0x3f,
    0x80, 0x04, 0xa9, 0xd1, 0x80, 0xc1, 0x03, 0x05, 0x04, 0x06, 0x08, 0x08,
    0x80, 0x81, 0x49, 0x13, 0x27, 0x4f, 0xa0, 0x44, 0x91, 0x32, 0x85, 0xca,
    0x05, 0x00, 0x26, 0x50, 0xa8, 0x60, 0xe1, 0x02, 0x86, 0x0c, 0x1a, 0x00,
    0x04, 0x00, 0x40, 0xa0, 0x00, 0x84, 0x07, 0x0e, 0x46, 0x90, 0x28, 0x61,
    0xe2, 0x04, 0x8a, 0x14, 0x2a, 0x56, 0xb0, 0x68, 0xe1, 0xe2, 0x05, 0x8c,
    0x18, 0x32, 0x66, 0xd0, 0xa8, 0x61, 0xe3, 0x06, 0x8e, 0x1c, 0x3a, 0x76,
    0xf0, 0xe8, 0xe1, 0xe3, 0x07, 0x90, 0x20, 0x42, 0x7c, 0x44, 0x90, 0x50,
    0x80, 0x40, 0x80, 0x0e, 0x1b, 0x96, 0x30, 0x69, 0xe2, 0xe4, 0x09, 0x94,
    0x28, 0x52, 0xa6, 0x5c, 0x00, 0x00, 0x2a, 0x58, 0xb8, 0x80, 0x21, 0x83,
    0x86, 0x0d, 0x1c, 0x00, 0x04, 0x10, 0x60, 0x40, 0xc2, 0x04, 0x07, 0x24,
    0x4a, 0x98, 0x38, 0x81, 0x22, 0x85, 0x8a, 0x15, 0x2c, 0x5a, 0xb8, 0x78,
    0x01, 0x23, 0x86, 0x8c, 0x19, 0x34, 0x6a, 0xd8, 0xb8, 0x81, 0x23, 0x87,
    0x8e, 0x1d, 0x3c, 0x7a, 0xf8, 0xf8, 0x01, 0x24, 0x88, 0x90, 0x21, 0x41,
    0x28, 0x48, 0x28, 0x30, 0xa0, 0x83, 0x92, 0x25, 0x4c, 0x9a, 0x38, 0x79,
    0x02, 0x25, 0x8a, 0x94, 0x0d, 0x00, 0x2e, 0x60, 0xc8, 0xa0, 0x61, 0x03,
    0x87, 0x0e, 0x1e, 0x00, 0x04, 0x30, 0x50, 0xc1, 0x82, 0x83, 0x12, 0x26,
    0x4e, 0xa0, 0x48, 0xa1, 0x62, 0x05, 0x8b, 0x16, 0x2e, 0x5e, 0xc0, 0x88,
    0x21, 0x63, 0x06, 0x8d, 0x1a, 0x36, 0x6e, 0xe0, 0xc8, 0xa1, 0x63, 0x07,
    0x8f, 0x1e, 0x3e, 0x7e, 0x00, 0x09, 0x22, 0x64, 0x08, 0x11, 0x22, 0x16,
    0x2a, 0x18, 0x18, 0xf0, 0x61, 0x09, 0x93, 0x26, 0x4e, 0x9e, 0x40, 0x89,
    0x22, 0x65, 0x0a, 0x07, 0x00, 0x34, 0x6c, 0xe0, 0xd0, 0xc1, 0xc3, 0x07,
    0x10, 0x21, 0x06, 0x08, 0x40, 0x70, 0x01, 0x83, 0x03, 0x14, 0x29, 0x54,
    0xac, 0x60, 0xd1, 0xc2, 0xc5, 0x0b, 0x18, 0x31, 0x64, 0xcc, 0xa0, 0x51,
    0xc3, 0xc6, 0x0d, 0x1c, 0x39, 0x74, 0xec, 0xe0, 0xd1, 0xc3, 0xc7, 0x0f,
    0x20, 0x41, 0x84, 0x0c, 0x21, 0x52, 0xc4, 0xc8, 0x91, 0x23, 0x18, 0x32,
    0x1c, 0x20, 0x10, 0x20, 0xc4, 0x13, 0x28, 0x51, 0xa4, 0x4c, 0xa1, 0x52,
    0xc5, 0xca, 0x95, 0x2a, 0x00, 0x38, 0x74, 0xf0, 0xf0, 0x01, 0x44, 0x08,
    0x11, 0x23, 0x02, 0x1c, 0xd0, 0xb0, 0xc1, 0x41, 0x0a, 0x15, 0x2b, 0x58,
    0xb4, 0x70, 0xf1, 0x02, 0x46, 0x0c, 0x19, 0x33, 0x68, 0xd4, 0xb0, 0x71,
    0x03, 0x47, 0x0e, 0x1d, 0x3b, 0x78, 0xf4, 0xf0, 0xf1, 0x03, 0x48, 0x10,
    0x21, 0x43, 0x88, 0x14, 0x31, 0x72, 0x04, 0x49, 0x12, 0x07, 0x1b, 0x2a,
    0x18, 0x10, 0x30, 0x02, 0x4a, 0x14, 0x29, 0x53, 0xa8, 0x54, 0xb1, 0x72,
    0x05, 0x8b, 0x15, 0x00, 0x40, 0x84, 0x10, 0x31, 0x82, 0x44, 0x09, 0x13,
    0x26, 0x02, 0x10, 0x48, 0xc0, 0xa1, 0x83, 0x03, 0x17, 0x2f, 0x60, 0xc4,
    0x90, 0x31, 0x83, 0x46, 0x0d, 0x1b, 0x37, 0x70, 0xe4, 0xd0, 0xb1, 0x83,
    0x47, 0x0f, 0x1f, 0x3f, 0x80, 0x04, 0x11, 0x32, 0x84, 0x48, 0x11, 0x23,
    0x47, 0x90, 0x24, 0x51, 0xb2, 0x84, 0x49, 0x13, 0x27, 0x0e, 0x3c, 0x7c,
    0x40, 0x60, 0xe0, 0x44, 0x15, 0x2b, 0x57, 0xb0, 0x64, 0xd1, 0xb2, 0x85,
    0x4b, 0x97, 0x2d, 0x00, 0x44, 0x8c, 0x20, 0x51, 0xc2, 0xc4, 0x09, 0x14,
    0x29, 0x0a, 0x24, 0x00, 0x11, 0xc2, 0xc1, 0x0b, 0x18, 0x31, 0x64, 0xcc,
    0xa0, 0x51, 0xc3, 0xc6, 0x0d, 0x1c, 0x39, 0x74, 0xec, 0xe0, 0xd1, 0xc3,
    0xc7, 0x0f, 0x20, 0x41, 0x84, 0x0c, 0x21, 0x52, 0xc4, 0xc8, 0x11, 0x24,
    0x49, 0x94, 0x2c, 0x61, 0xd2, 0xc4, 0xc9, 0x13, 0x07, 0x21, 0x40, 0x54,
    0x20, 0x90, 0xc2, 0xca, 0x15, 0x2c, 0x59, 0xb4, 0x6c, 0xe1, 0xd2, 0xc5,
    0x0b, 0x17, 0x00, 0x48, 0x94, 0x30, 0x71, 0x02, 0x45, 0x0a, 0x15, 0x2b,
    0x0c, 0x88, 0x00, 0xe1, 0x00, 0x46, 0x0c, 0x19, 0x33, 0x68, 0xd4, 0xb0,
    0x71, 0x03, 0x47, 0x0e, 0x1d, 0x3b, 0x78, 0xf4, 0xf0, 0xf1, 0x03, 0x48,
    0x10, 0x21, 0x43, 0x88, 0x14, 0x31, 0x72, 0x04, 0x49, 0x12, 0x25, 0x4b,
    0x98, 0x34, 0x71, 0xf2, 0x04, 0x4a, 0x8c, 0x11, 0x15, 0x0a, 0x04, 0x58,
    0x71, 0x05, 0x4b, 0x16, 0x2d, 0x5b, 0xb8, 0x74, 0xf1, 0xf2, 0x85, 0x0b,
    0x00, 0x4e, 0xa0, 0x48, 0xa1, 0x62, 0x05, 0x8b, 0x16, 0x2d, 0x04, 0x1c,
    0x20, 0x51, 0xc2, 0x01, 0x8d, 0x1a, 0x36, 0x6e, 0xe0, 0xc8, 0xa1, 0x63,
    0x07, 0x8f, 0x1e, 0x3e, 0x7e, 0x00, 0x09, 0x22, 0x64, 0x08, 0x91, 0x22,
    0x46, 0x8e, 0x20, 0x49, 0xa2, 0x64, 0x09, 0x93, 0x26, 0x4e, 0x9e, 0x40,
    0x89, 0x22, 0x65, 0x0a, 0x95, 0x1a, 0x26, 0x48, 0x1c, 0x08, 0xe0, 0x62,
    0x0b, 0x97, 0x2e, 0x5e, 0xbe, 0x80, 0x09, 0x23, 0x66, 0x0c, 0x18, 0x00,
    0x50, 0xa4, 0x50, 0xb1, 0x82, 0x45, 0x0b, 0x17, 0x2e, 0x02, 0x14, 0xf8,
    0x70, 0xc2, 0x41, 0x0d, 0x1b, 0x37, 0x70, 0xe4, 0xd0, 0xb1, 0x83, 0x47,
    0x0f, 0x1f, 0x3f, 0x80, 0x04, 0x11, 0x32, 0x84, 0x48, 0x11, 0x23, 0x47,
    0x90, 0x24, 0x51, 0xb2, 0x84, 0x49, 0x13, 0x27, 0x4f, 0xa0, 0x44, 0x91,
    0x32, 0x85, 0x4a, 0x15, 0x1b, 0x26, 0x44, 0x1c, 0x10, 0xf0, 0x82, 0x4b,
    0x17, 0x2f, 0x5f, 0xc0, 0x84, 0x11, 0x33, 0x86, 0x4c, 0x18, 0x00, 0x54,
    0xac, 0x60, 0xd1, 0xc2, 0xc5, 0x0b, 0x18, 0x30, 0x08, 0x14, 0x10, 0x81,
    0xc2, 0xc1, 0x0d, 0x1c, 0x39, 0x74, 0xec, 0xe0, 0xd1, 0xc3, 0xc7, 0x0f,
    0x20, 0x41, 0x84, 0x0c, 0x21, 0x52, 0xc4, 0xc8, 0x11, 0x24, 0x49, 0x94,
    0x2c, 0x61, 0xd2, 0xc4, 0xc9, 0x13, 0x28, 0x51, 0xa4, 0x4c, 0xa1, 0x52,
    0xc5, 0xca, 0x15, 0x1c, 0x29, 0x44, 0x14, 0x10, 0x10, 0xc3, 0xcb, 0x17,
    0x30, 0x61, 0xc4, 0x8c, 0x21, 0x53, 0xc6, 0xcc, 0x18, 0x00, 0x54, 0xac,
    0x60, 0xd1, 0xc2, 0xc5, 0x0b, 0x18, 0x30, 0x04, 0x1c, 0xf8, 0x80, 0xc2,
    0xc1, 0x0d, 0x1c, 0x39, 0x74, 0xec, 0xe0, 0xd1, 0xc3, 0xc7, 0x0f, 0x20,
    0x41, 0x84, 0x0c, 0x21, 0x52, 0xc4, 0xc8, 0x11, 0x24, 0x49, 0x94, 0x2c,
    0x61, 0xd2, 0xc4, 0xc9, 0x13, 0x28, 0x51, 0xa4, 0x4c, 0xa1, 0x52, 0xc5,
    0xca, 0x15, 0x1c, 0x29, 0x48, 0x1c, 0x10, 0x10, 0xc3, 0xcb, 0x17, 0x30,
    0x61, 0xc4, 0x8c, 0x21, 0x53, 0xc6, 0xcc, 0x18, 0x00, 0x50, 0xa4, 0x50,
    0xb1, 0x82, 0x45, 0x0b, 0x17, 0x2e, 0x06, 0x20, 0x20, 0x71, 0xc2, 0x41,
    0x0d, 0x1b, 0x37, 0x70, 0xe4, 0xd0, 0xb1, 0x83, 0x47, 0x0f, 0x1f, 0x3f,
    0x80, 0x04, 0x11, 0x32, 0x84, 0x48, 0x11, 0x23, 0x47, 0x90, 0x24, 0x51,
    0xb2, 0x84, 0x49, 0x13, 0x27, 0x4f, 0xa0, 0x44, 0x91, 0x32, 0x85, 0x4a,
    0x15, 0x1b, 0x27, 0x3e, 0x20, 0x10, 0xf0, 0x82, 0x4b, 0x17, 0x2f, 0x5f,
    0xc0, 0x84, 0x11, 0x33, 0x86, 0x4c, 0x18, 0x00, 0x50, 0xa4, 0x50, 0xb1,
    0x82, 0x45, 0x0b, 0x17, 0x2e, 0x06, 0x20, 0x10, 0x61, 0xc2, 0x41, 0x0d,
    0x1b, 0x37, 0x70, 0xe4, 0xd0, 0xb1, 0x83, 0x47, 0x0f, 0x1f, 0x3f, 0x80,
    0x04, 0x11, 0x32, 0x84, 0x48, 0x11, 0x23, 0x47, 0x90, 0x24, 0x51, 0xb2,
    0x84, 0x49, 0x13, 0x27, 0x4f, 0xa0, 0x44, 0x91, 0x32, 0x85, 0x4a, 0x15,
    0x1b, 0x27, 0x44, 0x20, 0x18, 0xf0, 0x82, 0x4b, 0x17, 0x2f, 0x5f, 0xc0,
    0x84, 0x11, 0x33, 0x86, 0x4c, 0x18, 0x00, 0x50, 0xa4, 0x50, 0xb1, 0x82,
    0x45, 0x0b, 0x17, 0x2e, 0x08, 0x14, 0x20, 0x71, 0xc2, 0x41, 0x0d, 0x1b,
    0x37, 0x70, 0xe4, 0xd0, 0xb1, 0x83, 0x47, 0x0f, 0x1f, 0x3f, 0x80, 0x04,
    0x11, 0x32, 0x84, 0x48, 0x11, 0x23, 0x47, 0x90, 0x24, 0x51, 0xb2, 0x84,
    0x49, 0x13, 0x27, 0x4f, 0xa0, 0x44, 0x91, 0x32, 0x85, 0x4a, 0x15, 0x1b,
    0x27, 0x48, 0x20, 0x18, 0xf0, 0x82, 0x4b, 0x17, 0x2f, 0x5f, 0xc0, 0x84,
    0x11, 0x33, 0x86, 0x4c, 0x18, 0x00, 0x54, 0xac, 0x60, 0xd1, 0xc2, 0xc5,
    0x0b, 0x18, 0x30, 0x04, 0x14, 0x10, 0x81, 0xc2, 0xc1, 0x0d, 0x1c, 0x39,
    0x74, 0xec, 0xe0, 0xd1, 0xc3, 0xc7, 0x0f, 0x20, 0x41, 0x84, 0x0c, 0x21,
    0x52, 0xc4, 0xc8, 0x11, 0x24, 0x49, 0x94, 0x2c, 0x61, 0xd2, 0xc4, 0xc9,
    0x13, 0x28, 0x51, 0xa4, 0x4c, 0xa1, 0x52, 0xc5, 0xca, 0x15, 0x1c, 0x29,
    0x3e, 0x20, 0x18, 0x10, 0xc3, 0xcb, 0x17, 0x30, 0x61, 0xc4, 0x8c, 0x21,
    0x53, 0xc6, 0xcc, 0x18, 0x00, 0x54, 0xac, 0x60, 0xd1, 0xc2, 0xc5, 0x0b,
    0x18, 0x30, 0x02, 0x1c, 0xf8, 0x70, 0xc2, 0xc1, 0x0d, 0x1c, 0x39, 0x74,
    0xec, 0xe0, 0xd1, 0xc3, 0xc7, 0x0f, 0x20, 0x41, 0x84, 0x0c, 0x21, 0x52,
    0xc4, 0xc8, 0x11, 0x24, 0x49, 0x94, 0x2c, 0x61, 0xd2, 0xc4, 0xc9, 0x13,
    0x28, 0x51, 0xa4, 0x4c, 0xa1, 0x52, 0xc5, 0xca, 0x15, 0x1c, 0x29, 0x44,
    0x1c, 0x08, 0x10, 0xc3, 0xcb, 0x17, 0x30, 0x61, 0xc4, 0x8c, 0x21, 0x53,
    0xc6, 0xcc, 0x18, 0x00, 0x52, 0xa8, 0x58, 0xc1, 0xa2, 0x85, 0x8b, 0x17,
    0x2f, 0x06, 0x1c, 0xf8, 0x70, 0xc2, 0x81, 0x8d, 0x1b, 0x38, 0x72, 0xe8,
    0xd8, 0xc1, 0xa3, 0x87, 0x8f, 0x1f, 0x40, 0x82, 0x08, 0x19, 0x42, 0xa4,
    0x88, 0x91, 0x23, 0x48, 0x92, 0x28, 0x59, 0xc2, 0xa4, 0x89, 0x93, 0x27,
    0x50, 0xa2, 0x48, 0x99, 0x42, 0xa5, 0x8a, 0x95, 0x1b, 0x28, 0x44, 0x14,
    0x08, 0x00, 0xa3, 0x8b, 0x97, 0x2f, 0x60, 0xc2, 0x88, 0x19, 0x43, 0xa6,
    0x8c, 0x18, 0x00, 0x56, 0xb0, 0x68, 0xe1, 0xe2, 0x05, 0x8c, 0x18, 0x31,
    0x04, 0x1c, 0x50, 0x91, 0xc2, 0x01, 0x8e, 0x1c, 0x3a, 0x76, 0xf0, 0xe8,
    0xe1, 0xe3, 0x07, 0x90, 0x20, 0x42, 0x86, 0x10, 0x29, 0x62, 0xe4, 0x08,
    0x92, 0x24, 0x4a, 0x96, 0x30, 0x69, 0xe2, 0xe4, 0x09, 0x94, 0x28, 0x52,
    0xa6, 0x50, 0xa9, 0x62, 0xe5, 0x0a, 0x96, 0x1c, 0x27, 0x48, 0x14, 0x08,
    0x20, 0xe3, 0x0b, 0x98, 0x30, 0x62, 0xc6, 0x90, 0x29, 0x63, 0xe6, 0x0c,
    0x19, 0x00, 0x56, 0xb0, 0x68, 0xe1, 0xe2, 0x05, 0x8c, 0x18, 0x31, 0x06,
    0x1c, 0x50, 0x81, 0xc2, 0x01, 0x8e, 0x1c, 0x3a, 0x76, 0xf0, 0xe8, 0xe1,
    0xe3, 0x07, 0x90, 0x20, 0x42, 0x86, 0x10, 0x29, 0x62, 0xe4, 0x08, 0x92,
    0x24, 0x4a, 0x96, 0x30, 0x69, 0xe2, 0xe4, 0x09, 0x94, 0x28, 0x52, 0xa6,
    0x50, 0xa9, 0x62, 0xe5, 0x0a, 0x96, 0x1c, 0x29, 0x3e, 0x1c, 0x10, 0x20,
    0xe3, 0x0b, 0x98, 0x30, 0x62, 0xc6, 0x90, 0x29, 0x63, 0xe6, 0x0c, 0x19,
    0x00, 0x54, 0xac, 0x60, 0xd1, 0xc2, 0xc5, 0x0b, 0x18, 0x30, 0x06, 0x20,
    0xf8, 0x90, 0xc2, 0xc1, 0x0d, 0x1c, 0x39, 0x74, 0xec, 0xe0, 0xd1, 0xc3,
    0xc7, 0x0f, 0x20, 0x41, 0x84, 0x0c, 0x21, 0x52, 0xc4, 0xc8, 0x11, 0x24,
    0x49, 0x94, 0x2c, 0x61, 0xd2, 0xc4, 0xc9, 0x13, 0x28, 0x51, 0xa4, 0x4c,
    0xa1, 0x52, 0xc5, 0xca, 0x15, 0x1c, 0x27, 0x48, 0x24, 0x18, 0x10, 0xc3,
    0xcb, 0x17, 0x30, 0x61, 0xc4, 0x8c, 0x21, 0x53, 0xc6, 0xcc, 0x18, 0x00,
    0x54, 0xac, 0x60, 0xd1, 0xc2, 0xc5, 0x0b, 0x18, 0x30, 0x02, 0x20, 0xf8,
    0x90, 0xc2, 0xc1, 0x0d, 0x1c, 0x39, 0x74, 0xec, 0xe0, 0xd1, 0xc3, 0xc7,
    0x0f, 0x20, 0x41, 0x84, 0x0c, 0x21, 0x52, 0xc4, 0xc8, 0x11, 0x24, 0x49,
    0x94, 0x2c, 0x61, 0xd2, 0xc4, 0xc9, 0x13, 0x28, 0x51, 0xa4, 0x4c, 0xa1,
    0x52, 0xc5, 0xca, 0x15, 0x1c, 0x27, 0x3e, 0x14, 0x10, 0x10, 0xc3, 0xcb,
    0x17, 0x30, 0x61, 0xc4, 0x8c, 0x21, 0x53, 0xc6, 0xcc, 0x18, 0x00, 0x52,
    0xa8, 0x58, 0xc1, 0xa2, 0x85, 0x8b, 0x17, 0x2f, 0x06, 0x1c, 0xf8, 0x60,
    0xc2, 0x81, 0x8d, 0x1b, 0x38, 0x72, 0xe8, 0xd8, 0xc1, 0xa3, 0x87, 0x8f,
    0x1f, 0x40, 0x82, 0x08, 0x19, 0x42, 0xa4, 0x88, 0x91, 0x23, 0x48, 0x92,
    0x28, 0x59, 0xc2, 0xa4, 0x89, 0x93, 0x27, 0x50, 0xa2, 0x48, 0x99, 0x42,
    0xa5, 0x8a, 0x95, 0x1b, 0x28, 0x48, 0x14, 0x18, 0x00, 0xa3, 0x8b, 0x97,
    0x2f, 0x60, 0xc2, 0x88, 0x19, 0x43, 0xa6, 0x8c, 0x18, 0x00, 0x54, 0xac,
    0x60, 0xd1, 0xc2, 0xc5, 0x0b, 0x18, 0x30, 0x06, 0x14, 0x20, 0x91, 0xc2,
    0xc1, 0x0d, 0x1c, 0x39, 0x74, 0xec, 0xe0, 0xd1, 0xc3, 0xc7, 0x0f, 0x20,
    0x41, 0x84, 0x0c, 0x21, 0x52, 0xc4, 0xc8, 0x11, 0x24, 0x49, 0x94, 0x2c,
    0x61, 0xd2, 0xc4, 0xc9, 0x13, 0x28, 0x51, 0xa4, 0x4c, 0xa1, 0x52, 0xc5,
    0xca, 0x15, 0x1c, 0x29, 0x44, 0x14, 0x18, 0x10, 0xc3, 0xcb, 0x17, 0x30,
    0x61, 0xc4, 0x8c, 0x21, 0x53, 0xc6, 0xcc, 0x18, 0x00, 0x52, 0xa8, 0x58,
    0xc1, 0xa2, 0x85, 0x8b, 0x17, 0x2f, 0x06, 0x14, 0xf8, 0x80, 0xc2, 0x81,
    0x8d, 0x1b, 0x38, 0x72, 0xe8, 0xd8, 0xc1, 0xa3, 0x87, 0x8f, 0x1f, 0x40,
    0x82, 0x08, 0x19, 0x42, 0xa4, 0x88, 0x91, 0x23, 0x48, 0x92, 0x28, 0x59,
    0xc2, 0xa4, 0x89, 0x93, 0x27, 0x50, 0xa2, 0x48, 0x99, 0x42, 0xa5, 0x8a,
    0x95, 0x1b, 0x28, 0x3e, 0x14, 0x10, 0x00, 0xa3, 0x8b, 0x97, 0x2f, 0x60,
    0xc2, 0x88, 0x19, 0x43, 0xa6, 0x8c, 0x18, 0x00, 0x54, 0xac, 0x60, 0xd1,
    0xc2, 0xc5, 0x0b, 0x18, 0x30, 0x06, 0x20, 0xf8, 0x90, 0xc2, 0xc1, 0x0d,
    0x1c, 0x39, 0x74, 0xec, 0xe0, 0xd1, 0xc3, 0xc7, 0x0f, 0x20, 0x41, 0x84,
    0x0c, 0x21, 0x52, 0xc4, 0xc8, 0x11, 0x24, 0x49, 0x94, 0x2c, 0x61, 0xd2,
    0xc4, 0xc9, 0x13, 0x28, 0x51, 0xa4, 0x4c, 0xa1, 0x52, 0xc5, 0xca, 0x15,
    0x1c, 0x27, 0x48, 0x1c, 0x10, 0x10, 0xc3, 0xcb, 0x17, 0x30, 0x61, 0xc4,
    0x8c, 0x21, 0x53, 0xc6, 0xcc, 0x18, 0x00, 0x54, 0xac, 0x60, 0xd1, 0xc2,
    0xc5, 0x0b, 0x18, 0x30, 0x04, 0x20, 0x10, 0x81, 0xc2, 0xc1, 0x0d, 0x1c,
    0x39, 0x74, 0xec, 0xe0, 0xd1, 0xc3, 0xc7, 0x0f, 0x20, 0x41, 0x84, 0x0c,
    0x21, 0x52, 0xc4, 0xc8, 0x11, 0x24, 0x49, 0x94, 0x2c, 0x61, 0xd2, 0xc4,
    0xc9, 0x13, 0x28, 0x51, 0xa4, 0x4c, 0xa1, 0x52, 0xc5, 0xca, 0x15, 0x1c,
    0x29, 0x48, 0x1c, 0x08, 0x10, 0xc3, 0xcb, 0x17, 0x30, 0x61, 0xc4, 0x8c,
    0x21, 0x53, 0xc6, 0xcc, 0x18, 0x00, 0x54, 0xac, 0x60, 0xd1, 0xc2, 0xc5,
    0x0b, 0x18, 0x30, 0x08, 0x20, 0x10, 0x91, 0xc2, 0xc1, 0x0d, 0x1c, 0x39,
    0x74, 0xec, 0xe0, 0xd1, 0xc3, 0xc7, 0x0f, 0x20, 0x41, 0x84, 0x0c, 0x21,
    0x52, 0xc4, 0xc8, 0x11, 0x24, 0x49, 0x94, 0x2c, 0x61, 0xd2, 0xc4, 0xc9,
    0x13, 0x28, 0x51, 0xa4, 0x4c, 0xa1, 0x52, 0xc5, 0xca, 0x15, 0x1c, 0x26,
    0x48, 0x1c, 0x10, 0x10, 0xc3, 0xcb, 0x17, 0x30, 0x61, 0xc4, 0x8c, 0x21,
    0x53, 0xc6, 0xcc, 0x18, 0x00, 0x52, 0xa8, 0x58, 0xc1, 0xa2, 0x85, 0x8b,
    0x17, 0x2f, 0x04, 0x20, 0x10, 0x81, 0xc2, 0x81, 0x8d, 0x1b, 0x38, 0x72,
    0xe8, 0xd8, 0xc1, 0xa3, 0x87, 0x8f, 0x1f, 0x40, 0x82, 0x08, 0x19, 0x42,
    0xa4, 0x88, 0x91, 0x23, 0x48, 0x92, 0x28, 0x59, 0xc2, 0xa4, 0x89, 0x93,
    0x27, 0x50, 0xa2, 0x48, 0x99, 0x42, 0xa5, 0x8a, 0x95, 0x1b, 0x27, 0x3e,
    0x20, 0x10, 0x00, 0xa3, 0x8b, 0x97, 0x2f, 0x60, 0xc2, 0x88, 0x19, 0x43,
    0xa6, 0x8c, 0x18, 0x00, 0x52, 0xa8, 0x58, 0xc1, 0xa2, 0x85, 0x8b, 0x17,
    0x2f, 0x04, 0x20, 0x20, 0x71, 0xc2, 0x81, 0x8d, 0x1b, 0x38, 0x72, 0xe8,
    0xd8, 0xc1, 0xa3, 0x87, 0x8f, 0x1f, 0x40, 0x82, 0x08, 0x19, 0x42, 0xa4,
    0x88, 0x91, 0x23, 0x48, 0x92, 0x28, 0x59, 0xc2, 0xa4, 0x89, 0x93, 0x27,
    0x50, 0xa2, 0x48, 0x99, 0x42, 0xa5, 0x8a, 0x95, 0x1b, 0x28, 0x3e, 0x1c,
    0x10, 0x00, 0xa3, 0x8b, 0x97, 0x2f, 0x60, 0xc2, 0x88, 0x19, 0x43, 0xa6,
    0x8c, 0x18, 0x00, 0x56, 0xb0, 0x68, 0xe1, 0xe2, 0x05, 0x8c, 0x18, 0x31,
    0x06, 0x1c, 0x50, 0x81, 0xc2, 0x01, 0x8e, 0x1c, 0x3a, 0x76, 0xf0, 0xe8,
    0xe1, 0xe3, 0x07, 0x90, 0x20, 0x42, 0x86, 0x10, 0x29, 0x62, 0xe4, 0x08,
    0x92, 0x24, 0x4a, 0x96, 0x30, 0x69, 0xe2, 0xe4, 0x09, 0x94, 0x28, 0x52,
    0xa6, 0x50, 0xa9, 0x62, 0xe5, 0x0a, 0x96, 0x1c, 0x28, 0x3e, 0x1c, 0x08,
    0x20, 0xe3, 0x0b, 0x98, 0x30, 0x62, 0xc6, 0x90, 0x29, 0x63, 0xe6, 0x0c,
    0x19, 0x00, 0x52, 0xa8, 0x58, 0xc1, 0xa2, 0x85, 0x8b, 0x17, 0x2f, 0x04,
    0x14, 0xf8, 0x60, 0xc2, 0x81, 0x8d, 0x1b, 0x38, 0x72, 0xe8, 0xd8, 0xc1,
    0xa3, 0x87, 0x8f, 0x1f, 0x40, 0x82, 0x08, 0x19, 0x42, 0xa4, 0x88, 0x91,
    0x23, 0x48, 0x92, 0x28, 0x59, 0xc2, 0xa4, 0x89, 0x93, 0x27, 0x50, 0xa2,
    0x48, 0x99, 0x42, 0xa5, 0x8a, 0x95, 0x1b, 0x28, 0x48, 0x20, 0x10, 0x00,
    0xa3, 0x8b, 0x97, 0x2f, 0x60, 0xc2, 0x88, 0x19, 0x43, 0xa6, 0x8c, 0x18,
    0x00, 0x56, 0xb0, 0x68, 0xe1, 0xe2, 0x05, 0x8c, 0x18, 0x31, 0x02, 0x20,
    0x50, 0x71, 0xc2, 0x01, 0x8e, 0x1c, 0x3a, 0x76, 0xf0, 0xe8, 0xe1, 0xe3,
    0x07, 0x90, 0x20, 0x42, 0x86, 0x10, 0x29, 0x62, 0xe4, 0x08, 0x92, 0x24,
    0x4a, 0x96, 0x30, 0x69, 0xe2, 0xe4, 0x09, 0x94, 0x28, 0x52, 0xa6, 0x50,
    0xa9, 0x62, 0xe5, 0x0a, 0x96, 0x1c, 0x27, 0x48, 0x14, 0x08, 0x20, 0xe3,
    0x0b, 0x98, 0x30, 0x62, 0xc6, 0x90, 0x29, 0x63, 0xe6, 0x0c, 0x19, 0x00,
    0x56, 0xb0, 0x68, 0xe1, 0xe2, 0x05, 0x8c, 0x18, 0x31, 0x02, 0x20, 0x50,
    0x91, 0xc2, 0x01, 0x8e, 0x1c, 0x3a, 0x76, 0xf0, 0xe8, 0xe1, 0xe3, 0x07,
    0x90, 0x20, 0x42, 0x86, 0x10, 0x29, 0x62, 0xe4, 0x08, 0x92, 0x24, 0x4a,
    0x96, 0x30, 0x69, 0xe2, 0xe4, 0x09, 0x94, 0x28, 0x52, 0xa6, 0x50, 0xa9,
    0x62, 0xe5, 0x0a, 0x96, 0x1c, 0x27, 0x3e, 0x1c, 0x08, 0x20, 0xe3, 0x0b,
    0x98, 0x30, 0x62, 0xc6, 0x90, 0x29, 0x63, 0xe6, 0x0c, 0x19, 0x00, 0x52,
    0xa8, 0x58, 0xc1, 0xa2, 0x85, 0x8b, 0x17, 0x2f, 0x08, 0x1c, 0xf8, 0x80,
    0xc2, 0x81, 0x8d, 0x1b, 0x38, 0x72, 0xe8, 0xd8, 0xc1, 0xa3, 0x87, 0x8f,
    0x1f, 0x40, 0x82, 0x08, 0x19, 0x42, 0xa4, 0x88, 0x91, 0x23, 0x48, 0x92,
    0x28, 0x59, 0xc2, 0xa4, 0x89, 0x93, 0x27, 0x50, 0xa2, 0x48, 0x99, 0x42,
    0xa5, 0x8a, 0x95, 0x1b, 0x27, 0x44, 0x1c, 0x20, 0x00, 0xa3, 0x8b, 0x97,
    0x2f, 0x60, 0xc2, 0x88, 0x19, 0x43, 0xa6, 0x8c, 0x18, 0x00, 0x54, 0xac,
    0x60, 0xd1, 0xc2, 0xc5, 0x0b, 0x18, 0x30, 0x06, 0x20, 0xf8, 0x90, 0xc2,
    0xc1, 0x0d, 0x1c, 0x39, 0x74, 0xec, 0xe0, 0xd1, 0xc3, 0xc7, 0x0f, 0x20,
    0x41, 0x84, 0x0c, 0x21, 0x52, 0xc4, 0xc8, 0x11, 0x24, 0x49, 0x94, 0x2c,
    0x61, 0xd2, 0xc4, 0xc9, 0x13, 0x28, 0x51, 0xa4, 0x4c, 0xa1, 0x52, 0xc5,
    0xca, 0x15, 0x1c, 0x28, 0x44, 0x1c, 0x08, 0x10, 0xc3, 0xcb, 0x17, 0x30,
    0x61, 0xc4, 0x8c, 0x21, 0x53, 0xc6, 0xcc, 0x18, 0x00, 0x52, 0xa8, 0x58,
    0xc1, 0xa2, 0x85, 0x8b, 0x17, 0x2f, 0x06, 0x20, 0x20, 0x71, 0xc2, 0x81,
    0x8d, 0x1b, 0x38, 0x72, 0xe8, 0xd8, 0xc1, 0xa3, 0x87, 0x8f, 0x1f, 0x40,
    0x82, 0x08, 0x19, 0x42, 0xa4, 0x88, 0x91, 0x23, 0x48, 0x92, 0x28, 0x59,
    0xc2, 0xa4, 0x89, 0x93, 0x27, 0x50, 0xa2, 0x48, 0x99, 0x42, 0xa5, 0x8a,
    0x95, 0x1b, 0x28, 0x48, 0x20, 0x18, 0x00, 0xa3, 0x8b, 0x97, 0x2f, 0x60,
    0xc2, 0x88, 0x19, 0x43, 0xa6, 0x8c, 0x18, 0x00, 0x52, 0xa8, 0x58, 0xc1,
    0xa2, 0x85, 0x8b, 0x17, 0x2f, 0x04, 0x14, 0x10, 0x71, 0xc2, 0x81, 0x8d,
    0x1b, 0x38, 0x72, 0xe8, 0xd8, 0xc1, 0xa3, 0x87, 0x8f, 0x1f, 0x40, 0x82,
    0x08, 0x19, 0x42, 0xa4, 0x88, 0x91, 0x23, 0x48, 0x92, 0x28, 0x59, 0xc2,
    0xa4, 0x89, 0x93, 0x27, 0x50, 0xa2, 0x48, 0x99, 0x42, 0xa5, 0x8a, 0x95,
    0x1b, 0x28, 0x3e, 0x20, 0x08, 0x00, 0xa3, 0x8b, 0x97, 0x2f, 0x60, 0xc2,
    0x88, 0x19, 0x43, 0xa6, 0x8c, 0x18, 0x00, 0x52, 0xa8, 0x58, 0xc1, 0xa2,
    0x85, 0x8b, 0x17, 0x2f, 0x02, 0x20, 0x20, 0x81, 0xc2, 0x81, 0x8d, 0x1b,
    0x38, 0x72, 0xe8, 0xd8, 0xc1, 0xa3, 0x87, 0x8f, 0x1f, 0x40, 0x82, 0x08,
    0x19, 0x42, 0xa4, 0x88, 0x91, 0x23, 0x48, 0x92, 0x28, 0x59, 0xc2, 0xa4,
    0x89, 0x93, 0x27, 0x50, 0xa2, 0x48, 0x99, 0x42, 0xa5, 0x8a, 0x95, 0x1b,
    0x27, 0x3e, 0x1c, 0x18, 0x00, 0xa3, 0x8b, 0x97, 0x2f, 0x60, 0xc2, 0x88,
    0x19, 0x43, 0xa6, 0x8c, 0x18, 0x00, 0x58, 0xb4, 0x70, 0xf1, 0x02, 0x46,
    0x0c, 0x19, 0x32, 0x04, 0x1c, 0xf8, 0x90, 0x22, 0x84, 0x03, 0x1d, 0x3b,
    0x78, 0xf4, 0xf0, 0xf1, 0x03, 0x48, 0x10, 0x21, 0x43, 0x88, 0x14, 0x31,
    0x72, 0x04, 0x49, 0x12, 0x25, 0x4b, 0x98, 0x34, 0x71, 0xf2, 0x04, 0x4a,
    0x14, 0x29, 0x53, 0xa8, 0x54, 0xb1, 0x72, 0x05, 0x4b, 0x16, 0x2d, 0x0e,
    0x56, 0xa0, 0x20, 0x51, 0x40, 0xc0, 0x0c, 0x31, 0x63, 0xc8, 0x94, 0x31,
    0x73, 0x06, 0x4d, 0x1a, 0x35, 0x67, 0x00, 0x00, 0x5c, 0xbc, 0x80, 0x11,
    0x43, 0xc6, 0x0c, 0x1a, 0x34, 0x06, 0x14, 0x10, 0x81, 0x82, 0x85, 0x03,
    0x1e, 0x3d, 0x7c, 0xfc, 0x00, 0x12, 0x44, 0xc8, 0x10, 0x22, 0x45, 0x8c,
    0x1c, 0x41, 0x92, 0x44, 0xc9, 0x12, 0x26, 0x4d, 0x9c, 0x3c, 0x81, 0x12,
    0x45, 0xca, 0x14, 0x2a, 0x55, 0xac, 0x5c, 0xc1, 0x92, 0x45, 0xcb, 0x16,
    0x2e, 0x0e, 0x5a, 0xa4, 0x20, 0x51, 0x40, 0x40, 0x0d, 0x32, 0x65, 0xcc,
    0x9c, 0x41, 0x93, 0x46, 0xcd, 0x1a, 0x36, 0x69, 0x00, 0x00, 0x5e, 0xc0,
    0x88, 0x21, 0x63, 0x06, 0x8d, 0x1a, 0x35, 0x04, 0x1c, 0x20, 0x71, 0xc2,
    0x85, 0x83, 0x1e, 0x3e, 0x7e, 0x00, 0x09, 0x22, 0x64, 0x08, 0x91, 0x22,
    0x46, 0x8e, 0x20, 0x49, 0xa2, 0x64, 0x09, 0x93, 0x26, 0x4e, 0x9e, 0x40,
    0x89, 0x22, 0x65, 0x0a, 0x95, 0x2a, 0x56, 0xae, 0x60, 0xc9, 0xa2, 0x65,
    0x0b, 0x97, 0x2e, 0x0e, 0x5c, 0xa4, 0x10, 0x61, 0x40, 0x80, 0x8d, 0x32,
    0x66, 0xce, 0xa0, 0x49, 0xa3, 0x66, 0x0d, 0x9b, 0x36, 0x6a, 0x00, 0x00,
    0x60, 0xc4, 0x90, 0x31, 0x83, 0x46, 0x0d, 0x1b, 0x36, 0x06, 0x14, 0xa8,
    0x60, 0xe2, 0x45, 0x03, 0x07, 0x3f, 0x80, 0x04, 0x11, 0x32, 0x84, 0x48,
    0x11, 0x23, 0x47, 0x90, 0x24, 0x51, 0xb2, 0x84, 0x49, 0x13, 0x27, 0x4f,
    0xa0, 0x44, 0x91, 0x32, 0x85, 0x4a, 0x15, 0x2b, 0x57, 0xb0, 0x64, 0xd1,
    0xb2, 0x85, 0x4b, 0x17, 0x2f, 0x5e, 0x1a, 0xbc, 0x18, 0x51, 0xa1, 0x40,
    0x80, 0x1b, 0x67, 0xd0, 0xa4, 0x51, 0xb3, 0x86, 0x4d, 0x1b, 0x37, 0x6f,
    0xd8, 0x00, 0x00, 0x6a, 0xd8, 0xb8, 0x81, 0x23, 0x87, 0x8e, 0x1d, 0x3c,
    0x0a, 0xc0, 0xe0, 0x10, 0x43, 0x86, 0x83, 0x21, 0x44, 0x8a, 0x18, 0x39,
    0x82, 0x24, 0x89, 0x92, 0x25, 0x4c, 0x9a, 0x38, 0x79, 0x02, 0x25, 0x8a,
    0x94, 0x29, 0x54, 0xaa, 0x58, 0xb9, 0x82, 0x25, 0x8b, 0x96, 0x2d, 0x5c,
    0xba, 0x78, 0xf9, 0x02, 0x26, 0x8c, 0x18, 0x31, 0x33, 0x68, 0x70, 0xa8,
    0x50, 0x20, 0x00, 0x8f, 0x35, 0x6c, 0xda, 0xb8, 0x79, 0x03, 0x27, 0x8e,
    0x9c, 0x39, 0x70, 0x00, 0x00, 0x6e, 0xe0, 0xc8, 0xa1, 0x63, 0x07, 0x8f,
    0x1e, 0x3d, 0x02, 0x0c, 0x38, 0x40, 0xe2, 0x44, 0x0d, 0x1b, 0x0e, 0x8e,
    0x20, 0x49, 0xa2, 0x64, 0x09, 0x93, 0x26, 0x4e, 0x9e, 0x40, 0x89, 0x22,
    0x65, 0x0a, 0x95, 0x2a, 0x56, 0xae, 0x60, 0xc9, 0xa2, 0x65, 0x0b, 0x97,
    0x2e, 0x5e, 0xbe, 0x80, 0x09, 0x23, 0x66, 0x0c, 0x99, 0x32, 0x66, 0xc8,
    0xd8, 0xa8, 0x81, 0x82, 0x44, 0x82, 0x01, 0x01, 0x7c, 0xc0, 0x89, 0x23,
    0x67, 0x0e, 0x9d, 0x3a, 0x76, 0xee, 0xe0, 0xa9, 0x03, 0x00, 0x78, 0xf4,
    0xf0, 0xf1, 0x03, 0x48, 0x10, 0x21, 0x42, 0x02, 0x0c, 0x28, 0x20, 0x02,
    0xc4, 0x8d, 0x1a, 0x38, 0x1c, 0x34, 0x71, 0xf2, 0x04, 0x4a, 0x14, 0x29,
    0x53, 0xa8, 0x54, 0xb1, 0x72, 0x05, 0x4b, 0x16, 0x2d, 0x5b, 0xb8, 0x74,
    0xf1, 0xf2, 0x05, 0x4c, 0x18, 0x31, 0x63, 0xc8, 0x94, 0x31, 0x73, 0x06,
    0x4d, 0x1a, 0x35, 0x6b, 0xd8, 0xa0, 0xc9, 0xa1, 0x83, 0xc6, 0x0e, 0x18,
    0x05, 0x06, 0x04, 0x18, 0x72, 0x07, 0x4f, 0x1e, 0x3d, 0x7b, 0xf8, 0xf4,
    0xf1, 0xf3, 0x87, 0x0f, 0x00, 0x82, 0x08, 0x19, 0x42, 0xa4, 0x88, 0x91,
    0x23, 0x47, 0x02, 0x00, 0x20, 0x90, 0xe0, 0xc3, 0x89, 0x1b, 0x3c, 0x7a,
    0xe0, 0x68, 0x11, 0xc2, 0x81, 0x95, 0x2b, 0x58, 0xb2, 0x68, 0xd9, 0xc2,
    0xa5, 0x8b, 0x97, 0x2f, 0x60, 0xc2, 0x88, 0x19, 0x43, 0xa6, 0x8c, 0x99,
    0x33, 0x68, 0xd2, 0xa8, 0x59, 0xc3, 0xa6, 0x8d, 0x9b, 0x37, 0x70, 0xe2,
    0xc8, 0x99, 0x43, 0xa7, 0x4e, 0x9a, 0x15, 0x3e, 0x7e, 0x00, 0xe1, 0x71,
    0xa3, 0xc4, 0x87, 0x04, 0x02, 0x06, 0x20, 0x19, 0x44, 0xa8, 0x90, 0xa1,
    0x43, 0x88, 0x12, 0x29, 0x5a, 0x94, 0x08, 0x00, 0x8e, 0x20, 0x49, 0xa2,
    0x64, 0x09, 0x93, 0x26, 0x4e, 0x02, 0x08, 0x30, 0x00, 0xe3, 0xc3, 0x09,
    0x1a, 0x41, 0x78, 0x08, 0x19, 0x42, 0x64, 0x88, 0x10, 0x21, 0x45, 0x84,
    0x10, 0xf1, 0x52, 0x84, 0x48, 0x91, 0x21, 0x65, 0xc6, 0x0c, 0xe1, 0x62,
    0x26, 0xcb, 0x9a, 0x2e, 0x6e, 0xdc, 0x98, 0xf9, 0x12, 0x46, 0x8b, 0x9a,
    0x31, 0x6c, 0xdc, 0xd8, 0x21, 0x03, 0x26, 0x8b, 0x1d, 0x2f, 0x61, 0xc2,
    0x74, 0x21, 0xf2, 0x07, 0x0f, 0x97, 0x2c, 0x86, 0x06, 0x11, 0x02, 0x44,
    0x26, 0x4c, 0x99, 0x2e, 0x6a, 0x02, 0x81, 0xf9, 0xb2, 0x47, 0x90, 0x20,
    0x37, 0x7f, 0xd2, 0xfc, 0xb9, 0x34, 0x67, 0xcb, 0x1e, 0x2e, 0x92, 0xb4,
    0x34, 0xc2, 0xb4, 0x65, 0xd4, 0x1b, 0x3b, 0x9e, 0x3a, 0xbd, 0x31, 0x64,
    0x89, 0x0b, 0x20, 0x33, 0x9c, 0x3a, 0x09, 0xd2, 0xd2, 0x49, 0xce, 0x23,
    0x2f, 0xab, 0x6c, 0x95, 0x19, 0x55, 0xa8, 0x0c, 0x28, 0x30, 0x85, 0xf8,
    0xec, 0x71, 0xe4, 0x28, 0x8d, 0x2d, 0x3f, 0xa6, 0xe6, 0x60, 0xfa, 0xa2,
    0x65, 0x8b, 0x2c, 0x5d, 0xbe, 0x88, 0x55, 0x32, 0x53, 0x48, 0x4d, 0xad,
    0x4f, 0xaf, 0x40, 0x91, 0xa9, 0x13, 0x07, 0x53, 0xb3, 0x50, 0x9e, 0xec,
    0x48, 0x1a, 0x96, 0x65, 0x91, 0xa5, 0x60, 0xc3, 0xbe, 0xf0, 0xf2, 0x43,
    0x4c, 0x1a, 0xa7, 0x5f, 0x6f, 0xa2, 0xa9, 0x5a, 0xc6, 0x88, 0xd3, 0x19,
    0x55, 0x7e, 0x0c, 0x2d, 0x4b, 0x53, 0x0f, 0x12, 0x3e, 0x5f, 0x8a, 0xe0,
    0x0c, 0xe2, 0x24, 0xd0, 0x50, 0x1f, 0x34, 0xe3, 0x86, 0xc5, 0xa2, 0xe4,
    0xcb, 0x14, 0x1d, 0x32, 0x45, 0xc6, 0x8c, 0xca, 0xc6, 0x88, 0x9a, 0xa3,
    0x80, 0xdc, 0xd2, 0x9c, 0x02, 0xc8, 0x6a, 0x23, 0x9e, 0x2d, 0x72, 0x12,
    0xba, 0x6a, 0x85, 0xac, 0x12, 0xbe, 0x32, 0x3c, 0x82, 0x18, 0x41, 0x71,
    0x42, 0x05, 0x0c, 0x03, 0x03, 0x02, 0x38, 0x89, 0x29, 0x73, 0x26, 0xcd,
    0x9a, 0x36, 0x6f, 0xe2, 0xcc, 0x79, 0x13, 0x00, 0x90, 0x24, 0x51, 0xb2,
    0x84, 0x49, 0x13, 0x27, 0x4f, 0x00, 0x04, 0x20, 0x50, 0x00, 0x86, 0x88,
    0x11, 0x29, 0x68, 0x18, 0xa9, 0x11, 0x64, 0x4b, 0x90, 0x23, 0x5f, 0x82,
    0x70, 0x09, 0x73, 0xa4, 0x46, 0x99, 0x32, 0x64, 0xbe, 0x98, 0x09, 0xb3,
    0xe5, 0x8c, 0x97, 0x30, 0x5c, 0x6a, 0xa0, 0x81, 0xb3, 0x26, 0x4e, 0x19,
    0x2f, 0x75, 0x82, 0x18, 0x11, 0xf3, 0xe6, 0x88, 0x9b, 0x33, 0x76, 0xfa,
    0xcc, 0x71, 0xf3, 0xa6, 0xcb, 0x1d, 0x33, 0x76, 0xb8, 0x04, 0x62, 0xe3,
    0x85, 0x0c, 0x9b, 0x42, 0x76, 0xd4, 0x74, 0xf9, 0x02, 0x86, 0xd0, 0x1a,
    0x23, 0x64, 0xf2, 0x88, 0xe9, 0x83, 0x69, 0x0c, 0x1c, 0x33, 0x9b, 0xd8,
    0x68, 0x59, 0x43, 0xc7, 0x8d, 0x9c, 0x41, 0x7d, 0xb6, 0xa4, 0x39, 0x54,
    0x07, 0x4c, 0x97, 0x42, 0x84, 0x52, 0x9d, 0x22, 0x05, 0x07, 0x13, 0xa8,
    0x47, 0x8e, 0xd2, 0xbc, 0x19, 0x83, 0x06, 0x8c, 0xaa, 0x44, 0x83, 0x08,
    0xa9, 0x62, 0x83, 0xc6, 0x15, 0x9d, 0x4f, 0x77, 0x2e, 0x1d, 0xca, 0x15,
    0xc7, 0x53, 0x23, 0x46, 0xb6, 0x02, 0xdd, 0xe1, 0xc4, 0x27, 0x15, 0xb3,
    0x3c, 0xc3, 0xf6, 0x14, 0x1b, 0x35, 0xac, 0x0e, 0x24, 0x54, 0xda, 0x3a,
    0x15, 0xf3, 0x55, 0x2c, 0x4e, 0xaf, 0x4c, 0x8a, 0xbe, 0xb1, 0x1a, 0x73,
    0xe8, 0x1a, 0x33, 0x77, 0x8c, 0xc4, 0xfc, 0xf9, 0x05, 0x8f, 0x16, 0x2a,
    0x5f, 0xa3, 0xbe, 0x85, 0x1b, 0x54, 0x43, 0xcf, 0x3a, 0x4f, 0x9a, 0xa4,
    0x7d, 0x52, 0xb4, 0x26, 0xd0, 0x38, 0x79, 0x93, 0x3e, 0x01, 0x0a, 0x06,
    0x4b, 0x0b, 0x1e, 0x44, 0xec, 0x6a, 0xc9, 0xe1, 0x77, 0x83, 0x86, 0x09,
    0x10, 0x2a, 0x12, 0x18, 0x10, 0x10, 0x20, 0x00, 0x14, 0x8f, 0x1f, 0x41,
    0x86, 0x14, 0x39, 0x92, 0x64, 0x49, 0x93, 0x4c, 0x00, 0x00, 0x54, 0xac,
    0x60, 0xd1, 0xc2, 0xc5, 0x0b, 0x18, 0x31, 0x00, 0x04, 0x08, 0x20, 0xc0,
    0x00, 0x02, 0x11, 0x1f, 0x40, 0x8c, 0x38, 0x71, 0x02, 0x45, 0x0a, 0x20,
    0x3e, 0x52, 0xfc, 0x38, 0x61, 0x02, 0x85, 0x8f, 0x13, 0x29, 0x7a, 0x0c,
    0x51, 0x82, 0xc2, 0x49, 0x92, 0x1e, 0x4e, 0x94, 0x98, 0x18, 0x42, 0x84,
    0x08, 0x10, 0x20, 0x52, 0xa2, 0x1c, 0xe9, 0x21, 0xe4, 0x07, 0x16, 0x25,
    0x4a, 0xa2, 0x20, 0x41, 0x32, 0x24, 0x4a, 0x93, 0x30, 0x66, 0xd2, 0x98,
    0x20, 0xb3, 0x65, 0x89, 0x1a, 0x28, 0x3f, 0xac, 0x8c, 0x69, 0x42, 0x05,
    0x09, 0x17, 0x21, 0x62, 0xbe, 0x84, 0x41, 0xc1, 0x26, 0x09, 0x93, 0x2e,
    0x64, 0xcc, 0x20, 0x31, 0x92, 0x84, 0x8b, 0x94, 0x3d, 0x66, 0xac, 0x54,
    0x81, 0xf2, 0x27, 0x05, 0x9b, 0x20, 0x45, 0xa0, 0x04, 0x71, 0x02, 0xe9,
    0xc9, 0x20, 0x13, 0x7e, 0x96, 0xbc, 0xa9, 0x24, 0xa6, 0x8a, 0x98, 0x38,
    0xa0, 0xb0, 0x04, 0xfa, 0x63, 0xc8, 0x87, 0x1d, 0x34, 0x46, 0xf6, 0x38,
    0x4a, 0xb3, 0x29, 0x0d, 0x93, 0x29, 0x8c, 0x10, 0x19, 0x7a, 0x84, 0x05,
    0x12, 0x9a, 0x2e, 0x4e, 0x8e, 0x34, 0xe1, 0x02, 0x08, 0xd7, 0x97, 0x4d,
    0x96, 0x22, 0x1d, 0xd9, 0x75, 0xe8, 0xcc, 0x17, 0x22, 0x49, 0x20, 0x65,
    0x5a, 0x53, 0xaa, 0x4b, 0xa1, 0x3f, 0x46, 0x22, 0x39, 0xc2, 0x43, 0x4a,
    0x48, 0x9e, 0x4d, 0x6f, 0xc2, 0xb8, 0x32, 0x55, 0x6a, 0xd8, 0x9d, 0x22,
    0xc4, 0xae, 0x4c, 0x72, 0xf5, 0xa9, 0x4c, 0x20, 0x3f, 0x5a, 0x76, 0xc1,
    0x72, 0x23, 0x07, 0x14, 0x14, 0x48, 0xca, 0x7a, 0x11, 0x7b, 0xe4, 0x07,
    0x56, 0x10, 0x4a, 0x8d, 0x48, 0xad, 0x3b, 0x42, 0x45, 0x4c, 0xa1, 0x23,
    0x25, 0x4a, 0x70, 0xf8, 0x50, 0x21, 0x41, 0x01, 0x01, 0x01, 0x64, 0x2c,
    0x64, 0xd8, 0xd0, 0xe1, 0x43, 0x88, 0x11, 0x25, 0x4e, 0x84, 0x01, 0x00,
    0x62, 0xc8, 0x98, 0x41, 0xa3, 0x86, 0x8d, 0x1b, 0x38, 0x62, 0x0c, 0x00,
    0x10, 0x80, 0x40, 0x81, 0x03, 0x09, 0x2a, 0x88, 0xf8, 0x40, 0xa2, 0x88,
    0x08, 0x12, 0x47, 0x3e, 0x0c, 0x11, 0xc1, 0x04, 0x09, 0x91, 0x0f, 0x50,
    0x48, 0xa8, 0x18, 0xe2, 0xe4, 0x83, 0x0a, 0x25, 0x44, 0x8a, 0x60, 0x39,
    0xa2, 0xa2, 0x08, 0x92, 0x23, 0x4d, 0x54, 0x4c, 0xd9, 0x72, 0xc4, 0x88,
    0x17, 0x2b, 0x24, 0x94, 0x38, 0xf9, 0xe2, 0x85, 0x0a, 0x93, 0x26, 0x70,
    0xd0, 0x60, 0x49, 0xd3, 0x45, 0x8b, 0x91, 0x2e, 0x6e, 0xbe, 0xbc, 0x01,
    0xa3, 0x64, 0x8c, 0x16, 0x22, 0x49, 0xa0, 0x64, 0xb1, 0x23, 0xe5, 0x09,
    0x92, 0x34, 0x87, 0xa2, 0x18, 0x7a, 0x12, 0x45, 0x8a, 0x9e, 0x41, 0x43,
    0x18, 0x31, 0x61, 0xd4, 0x08, 0xca, 0x15, 0x35, 0x92, 0x02, 0x09, 0x7a,
    0x73, 0x25, 0x52, 0x21, 0x3e, 0x46, 0xd4, 0x38, 0x19, 0x23, 0x88, 0x91,
    0x96, 0x24, 0x69, 0x00, 0x19, 0x42, 0xa4, 0x08, 0x55, 0x9a, 0x32, 0x6b,
    0x4a, 0xa5, 0x02, 0x84, 0x68, 0xd6, 0xa9, 0x32, 0x93, 0x4a, 0x51, 0x51,
    0x42, 0xe5, 0x8f, 0xaa, 0x59, 0x91, 0xa0, 0xf4, 0x7a, 0x45, 0xe6, 0x4e,
    0x96, 0x49, 0x55, 0x3c, 0x79, 0x4a, 0x35, 0x25, 0xd9, 0x2f, 0x61, 0xa9,
    0x96, 0xd4, 0xa2, 0xb4, 0xc9, 0xcc, 0xa1, 0x44, 0x6b, 0x44, 0x34, 0xbb,
    0xc2, 0xea, 0x0c, 0x1f, 0x68, 0x72, 0x7e, 0x11, 0x9a, 0x83, 0xc5, 0x54,
    0x9b, 0x22, 0x97, 0xb2, 0xcc, 0x41, 0xd4, 0xc4, 0x58, 0xa5, 0x37, 0xe6,
    0xd0, 0xd5, 0x51, 0x53, 0x87, 0x8b, 0x3d, 0x37, 0xa2, 0xdc, 0x90, 0xca,
    0x23, 0xac, 0xd3, 0x13, 0x4d, 0x82, 0xd8, 0x49, 0x3b, 0x54, 0x01, 0x06,
    0x82, 0x02, 0x04, 0x04, 0xec, 0xc8, 0xc1, 0xb0, 0xa1, 0xc3, 0x87, 0x10,
    0x23, 0x4a, 0x9c, 0x48, 0xf1, 0x06, 0x00, 0x14, 0x2c, 0x60, 0xd0, 0xc0,
    0xc1, 0x03, 0x08, 0x11, 0x16, 0x04, 0x50, 0x30, 0x80, 0x00, 0x01, 0x03,
    0x07, 0x34, 0x6c, 0x38, 0x50, 0x20, 0xc1, 0x01, 0x04, 0x05, 0x0a, 0x68,
    0x10, 0x51, 0x02, 0x01, 0x82, 0x0e, 0x21, 0x4e, 0x9c, 0x18, 0x21, 0x02,
    0xc5, 0x09, 0x10, 0x28, 0x36, 0x8c, 0xd8, 0xc0, 0xa2, 0xc0, 0x8a, 0x16,
    0x35, 0x40, 0x80, 0xa0, 0xc1, 0x63, 0x84, 0x0c, 0x04, 0x09, 0x70, 0xac,
    0x88, 0x71, 0x83, 0x05, 0x0a, 0x13, 0x2f, 0x52, 0x88, 0xe8, 0x10, 0x43,
    0xc3, 0x0a, 0x18, 0x37, 0x76, 0x3c, 0x91, 0x41, 0xc5, 0x47, 0x87, 0x1b,
    0x39, 0xa4, 0x4c, 0x79, 0xd2, 0x45, 0x45, 0x08, 0x29, 0x55, 0x8a, 0x18,
    0xd9, 0xf1, 0x85, 0x87, 0x8c, 0x2d, 0x27, 0x12, 0xd0, 0x80, 0xf1, 0x45,
    0x49, 0x90, 0x0d, 0x42, 0x48, 0x34, 0x91, 0x12, 0xc6, 0xc8, 0x8f, 0x2d,
    0x1c, 0xb2, 0x70, 0xf9, 0xc1, 0xc2, 0x89, 0x93, 0x2a, 0x44, 0xc6, 0x70,
    0x01, 0xa2, 0xc2, 0x48, 0x88, 0x32, 0x71, 0xb0, 0x44, 0xe9, 0x82, 0xc5,
    0x05, 0x92, 0x3e, 0x2f, 0xea, 0x40, 0x09, 0xf1, 0xc1, 0x4e, 0x0e, 0x30,
    0x68, 0x90, 0x20, 0xf1, 0x82, 0x07, 0xc6, 0x92, 0x16, 0x70, 0xae, 0xf8,
    0xc9, 0x92, 0x03, 0x0b, 0x09, 0x15, 0x3c, 0x54, 0xa9, 0xba, 0x43, 0x06,
    0x10, 0x28, 0x21, 0x1e, 0xdc, 0x8c, 0xa1, 0x11, 0xe6, 0x05, 0x98, 0x0f,
    0x6d, 0x6c, 0x50, 0xc9, 0xc4, 0x89, 0x0c, 0x0e, 0x40, 0x5a, 0x3a, 0xac,
    0xe1, 0x50, 0x29, 0x08, 0x90, 0x12, 0x29, 0x24, 0x6d, 0x02, 0x32, 0x47,
    0x8d, 0x95, 0x3f, 0xbb, 0xc2, 0x34, 0x79, 0x63, 0xa0, 0x80, 0x01, 0x01,
    0x03, 0x24, 0x6c, 0xe3, 0xd6, 0xcd, 0xdb, 0x37, 0x70, 0xe1, 0xc4, 0x8d,
    0xdb, 0x06, 0x00, 0x0a, 0x18, 0x38, 0x80, 0x20, 0x81, 0x82, 0x05, 0x0c,
    0x10, 0x04, 0x00, 0x10, 0x20, 0x82, 0x00, 0x01, 0x04, 0x08, 0x44, 0x08,
    0x30, 0x41, 0xc0, 0x00, 0x0c, 0x1a, 0x06, 0x4c, 0x88, 0x40, 0x60, 0x80,
    0x07, 0x02, 0x02, 0x38, 0x7c, 0x10, 0x51, 0x42, 0x03, 0x06, 0x11, 0x01,
    0x36, 0x68, 0xc8, 0x50, 0x22, 0x40, 0x88, 0x10, 0x11, 0x36, 0xb4, 0x90,
    0x40, 0x02, 0xc5, 0x84, 0x10, 0x03, 0x48, 0x4c, 0xe8, 0xa1, 0x42, 0x85,
    0x8f, 0x16, 0x25, 0x72, 0xb4, 0xf0, 0x41, 0xc1, 0xc5, 0x8b, 0x0f, 0x14,
    0x2e, 0x98, 0xf0, 0xa0, 0x42, 0x86, 0x0d, 0x0e, 0x37, 0x38, 0xb8, 0x80,
    0xb2, 0x21, 0x8b, 0x06, 0x1e, 0x27, 0x52, 0x78, 0xb8, 0x60, 0x81, 0x0a,
    0x85, 0x1f, 0x28, 0x8e, 0x48, 0xd8, 0xd1, 0xe1, 0x02, 0x0a, 0x0b, 0x4b,
    0x56, 0xe4, 0xe8, 0xa1, 0x06, 0xcb, 0x85, 0x0c, 0x24, 0x64, 0x50, 0x08,
    0x71, 0xc2, 0x03, 0x16, 0x25, 0x25, 0x58, 0x24, 0x69, 0x91, 0x05, 0xc9,
    0x8f, 0x31, 0x19, 0xec, 0xac, 0xd0, 0x03, 0x24, 0xc6, 0x8d, 0x37, 0x44,
    0x3a, 0x88, 0xb8, 0x82, 0xc1, 0x4a, 0x23, 0x2c, 0x8e, 0xbe, 0x34, 0x09,
    0x82, 0xa7, 0x12, 0x93, 0x1c, 0x5b, 0xb8, 0x84, 0x59, 0x61, 0xa2, 0xca,
    0x1b, 0x1b, 0x5a, 0x58, 0xd0, 0xd0, 0x61, 0x89, 0x14, 0x14, 0x1f, 0x50,
    0x0e, 0xed, 0x00, 0x04, 0xe5, 0x84, 0x9d, 0x14, 0x7d, 0x6a, 0xa5, 0x89,
    0x55, 0x8b, 0xcd, 0xa1, 0x43, 0x33, 0xc2, 0xa8, 0x48, 0xe4, 0xa5, 0x16,
    0x91, 0x56, 0x3c, 0x74, 0xb0, 0x49, 0xd2, 0x01, 0xcf, 0x8a, 0x2e, 0x65,
    0x86, 0x89, 0xb0, 0xd0, 0x8c, 0x8b, 0x12, 0x17, 0xc3, 0x24, 0x00, 0x03,
    0x85, 0x42, 0x0f, 0xad, 0x44, 0x9c, 0x22, 0x14, 0x78, 0xd0, 0x20, 0x9c,
    0xb8, 0x71, 0xe4, 0xca, 0x99, 0x3b, 0x87, 0x2e, 0x5d, 0x03, 0x00, 0x02,
    0x08, 0x18, 0x40, 0xa0, 0x80, 0x81, 0x03, 0x08, 0x12, 0x28, 0x58, 0xc0,
    0xa0, 0x81, 0x83, 0x07, 0x10, 0x22, 0x48, 0x98, 0x40, 0xa1, 0x82, 0x85,
    0x0b, 0x18, 0x32, 0x68, 0xd8, 0xc0, 0xa1, 0x83, 0x87, 0x0f, 0x20, 0x42,
    0x88, 0x18, 0x41, 0xa2, 0x84, 0x89, 0x09, 0x00, 0x02, 0x08, 0x18, 0x40,
    0xa0, 0x80, 0x81, 0x03, 0x08, 0x12, 0x28, 0x58, 0xc0, 0xa0, 0x81, 0x83,
    0x07, 0x10, 0x22, 0x48, 0x98, 0x40, 0xa1, 0x82, 0x85, 0x0b, 0x18, 0x32,
    0x68, 0xd8, 0xc0, 0xa1, 0x83, 0x87, 0x0f, 0x20, 0x42, 0x88, 0x18, 0x41,
    0xa2, 0x84, 0x89, 0x09, 0x00, 0x02, 0x08, 0x18, 0x40, 0xa0, 0x80, 0x81,
    0x03, 0x08, 0x12, 0x28, 0x58, 0xc0, 0xa0, 0x81, 0x83, 0x07, 0x10, 0x22,
    0x48, 0x98, 0x40, 0xa1, 0x82, 0x85, 0x0b, 0x18, 0x32, 0x68, 0xd8, 0xc0,
    0xa1, 0x83, 0x87, 0x0f, 0x20, 0x42, 0x88, 0x18, 0x41, 0xa2, 0x84, 0x89,
    0x09, 0x00, 0x02, 0x08, 0x18, 0x40, 0xa0, 0x80, 0x81, 0x03, 0x08, 0x12,
    0x28, 0x58, 0xc0, 0xa0, 0x81, 0x83, 0x07, 0x10, 0x22, 0x48, 0x98, 0x40,
    0xa1, 0x82, 0x85, 0x0b, 0x18, 0x32, 0x68, 0xd8, 0xc0, 0xa1, 0x83, 0x87,
    0x0f, 0x20, 0x42, 0x88, 0x18, 0x41, 0xa2, 0x84, 0x89, 0x09, 0x00, 0x02,
    0x08, 0x18, 0x40, 0xa0, 0x80, 0x81, 0x03, 0x08, 0x12, 0x28, 0x58, 0xc0,
    0xa0, 0x81, 0x83, 0x07, 0x10, 0x22, 0x48, 0x98, 0x40, 0xa1, 0x82, 0x85,
    0x0b, 0x18, 0x32, 0x68, 0xd8, 0xc0, 0xa1, 0x83, 0x87, 0x0f, 0x20, 0x42,
    0x88, 0x18, 0x41, 0xa2, 0x84, 0x89, 0x09, 0x00, 0x02, 0x08, 0x18, 0x40,
    0xa0, 0x80, 0x81, 0x03, 0x08, 0x12, 0x28, 0x58, 0xc0, 0xa0, 0x81, 0x83,
    0x07, 0x10, 0x22, 0x48, 0x98, 0x40, 0xa1, 0x82, 0x85, 0x0b, 0x18, 0x32,
    0x68, 0xd8, 0xc0, 0xa1, 0x83, 0x87, 0x0f, 0x20, 0x42, 0x88, 0x18, 0x41,
    0xa2, 0x84, 0x89, 0x09, 0x00, 0x02, 0x08, 0x18, 0x40, 0xa0, 0x80, 0x81,
    0x03, 0x08, 0x12, 0x28, 0x58, 0xc0, 0xa0, 0x81, 0x83, 0x07, 0x10, 0x22,
    0x48, 0x98, 0x40, 0xa1, 0x82, 0x85, 0x0b, 0x18, 0x32, 0x68, 0xd8, 0xc0,
    0xa1, 0x83, 0x87, 0x0f, 0x20, 0x42, 0x88, 0x18, 0x41, 0xa2, 0x84, 0x89,
    0x09, 0x00, 0x02, 0x08, 0x18, 0x40, 0xa0, 0x80, 0x81, 0x03, 0x08, 0x12,
    0x28, 0x58, 0xc0, 0xa0, 0x81, 0x83, 0x07, 0x10, 0x22, 0x48, 0x98, 0x40,
    0xa1, 0x82, 0x85, 0x0b, 0x18, 0x32, 0x68, 0xd8, 0xc0, 0xa1, 0x83, 0x87,
    0x0f, 0x20, 0x42, 0x88, 0x18, 0x41, 0xa2, 0x84, 0x89, 0x09, 0x00, 0x0a,
    0x18, 0x38, 0x80, 0x20, 0x81, 0x82, 0x05, 0x0c, 0x16, 0x04, 0x08, 0x30,
    0x80, 0x80, 0x84, 0x00, 0x02, 0x04, 0x10, 0x88, 0x10, 0x80, 0x00, 0x85,
    0x07, 0x15, 0x06, 0x0c, 0x10, 0x30, 0x20, 0x83, 0x00, 0x08, 0x1d, 0x2a,
    0x54, 0xc8, 0xf0, 0xe1, 0xc4, 0x89, 0x07, 0x04, 0x46, 0x7c, 0x68, 0x71,
    0x01, 0x84, 0x0a, 0x10, 0x1a, 0x3e, 0x78, 0x88, 0x21, 0x03, 0x84, 0x8d,
    0x0e, 0x3b, 0x3e, 0x40, 0x08, 0x81, 0x81, 0x82, 0x09, 0x0a, 0x21, 0x20,
    0xb4, 0x20, 0x01, 0xc4, 0xc6, 0x06, 0x0f, 0x3a, 0x5c, 0x30, 0x29, 0x52,
    0xa3, 0x84, 0x8e, 0x1a, 0x14, 0x5a, 0x98, 0x38, 0x32, 0xa1, 0xc3, 0x05,
    0x0e, 0x1e, 0x6c, 0x28, 0xa1, 0x61, 0xc5, 0x85, 0x95, 0x27, 0x23, 0x20,
    0x08, 0xe1, 0x50, 0x26, 0x86, 0x8d, 0x2c, 0x19, 0x84, 0x94, 0x79, 0x90,
    0xc2, 0x87, 0x0e, 0x11, 0x4d, 0x2a, 0x84, 0xa1, 0xc1, 0x81, 0xc8, 0x13,
    0x33, 0x19, 0xa2, 0xf4, 0xc0, 0xb1, 0x85, 0x48, 0x9b, 0x0e, 0x68, 0xe0,
    0x90, 0x10, 0x64, 0xa2, 0x4b, 0x8a, 0x44, 0x22, 0x7e, 0xc8, 0x31, 0x73,
    0x21, 0x85, 0x15, 0x23, 0x7a, 0x7c, 0x90, 0x01, 0xf1, 0x63, 0x89, 0x05,
    0x4c, 0x71, 0xec, 0x6c, 0xea, 0x61, 0x21, 0x84, 0x93, 0x31, 0x48, 0x22,
    0x88, 0x62, 0xf2, 0x23, 0x11, 0x10, 0x15, 0x11, 0x36, 0x19, 0x1a, 0x92,
    0x03, 0x85, 0x09, 0x4e, 0xad, 0x44, 0x60, 0xf0, 0x61, 0x46, 0xc6, 0x8f,
    0x16, 0x49, 0x48, 0x5c, 0x99, 0xb5, 0x01, 0x18, 0x0d, 0x1d, 0x5e, 0x6e,
    0xed, 0x90, 0x31, 0xe9, 0x81, 0x2f, 0x39, 0x4d, 0x8c, 0xb9, 0xf2, 0x20,
    0x6b, 0x56, 0x1c, 0x25, 0x5c, 0xba, 0x44, 0xb1, 0x20, 0xe4, 0xd6, 0x8a,
    0x1b, 0x9e, 0x14, 0x41, 0x5b, 0x31, 0x87, 0x17, 0x0d, 0x51, 0x74, 0x8e,
    0xc1, 0x29, 0x61, 0xaa, 0x55, 0x28, 0x4c, 0x65, 0x64, 0x74, 0x19, 0x16,
    0xab, 0x0a, 0x09, 0x18, 0x8e, 0x52, 0xa0, 0x90, 0xe0, 0x63, 0x8c, 0x0b,
    0x00, 0x01, 0x1a, 0xf8, 0xfb, 0x07, 0xf0, 0x00, 0x00, 0x14, 0x2c, 0x60,
    0xd0, 0xc0, 0xc1, 0x03, 0x08, 0x11, 0x18, 0x04, 0x08, 0x30, 0x80, 0x00,
    0x01, 0x03, 0x05, 0x10, 0x1c, 0x28, 0xd0, 0x41, 0xc3, 0x06, 0x04, 0x08,
    0x0a, 0x1c, 0x20, 0xd1, 0x81, 0x43, 0x02, 0x0e, 0x22, 0x48, 0x80, 0x50,
    0x61, 0x42, 0xc5, 0x0a, 0x14, 0x1b, 0x34, 0x74, 0x08, 0x71, 0x00, 0xc4,
    0x8c, 0x14, 0x24, 0x4a, 0xdc, 0xa8, 0xb1, 0x82, 0x83, 0x07, 0x1d, 0x39,
    0x44, 0x8c, 0x58, 0x41, 0x23, 0x81, 0x8c, 0x1f, 0x23, 0x88, 0xc0, 0x18,
    0x12, 0xc4, 0x46, 0x91, 0x12, 0x26, 0xa4, 0x8c, 0x90, 0xe1, 0x62, 0x43,
    0x14, 0x0d, 0x45, 0x7a, 0x64, 0x71, 0x41, 0xc4, 0x8b, 0x0d, 0x16, 0x29,
    0x42, 0x84, 0x98, 0x81, 0x83, 0xc5, 0x87, 0x12, 0x1c, 0x9e, 0xd8, 0xc8,
    0x02, 0x66, 0xc5, 0x15, 0x15, 0x64, 0x5a, 0xb4, 0x49, 0x62, 0xe2, 0x00,
    0x0a, 0x25, 0x2d, 0xa2, 0x0c, 0x41, 0x22, 0xe2, 0xc6, 0x1b, 0x32, 0x34,
    0xd4, 0xf8, 0x19, 0xf3, 0x61, 0x46, 0x8d, 0x2b, 0x74, 0xfc, 0xa0, 0xe1,
    0xb2, 0x46, 0xcc, 0x8d, 0x29, 0x71, 0x6a, 0x68, 0x48, 0xa0, 0x44, 0x49,
    0x91, 0x32, 0x59, 0x9a, 0x8c, 0x99, 0x44, 0x85, 0x8c, 0x8e, 0x02, 0x47,
    0x02, 0xb1, 0xe1, 0x64, 0x08, 0x04, 0xa0, 0x4e, 0x67, 0xa4, 0x9c, 0xd2,
    0xf4, 0x23, 0x8d, 0x0c, 0x16, 0x61, 0xe4, 0xe4, 0x79, 0xf1, 0xc8, 0x55,
    0x12, 0x31, 0x6c, 0x74, 0x81, 0x2a, 0xa3, 0xc3, 0x0f, 0x98, 0x21, 0xa6,
    0xf8, 0xa4, 0x98, 0x92, 0x0b, 0x4d, 0x20, 0x1a, 0xb0, 0x68, 0x0d, 0x7a,
    0xa5, 0xa7, 0xd4, 0x24, 0x62, 0x70, 0xea, 0x30, 0x8b, 0xa6, 0x86, 0xca,
    0xa1, 0x49, 0x63, 0xd4, 0x90, 0xf2, 0xd5, 0x89, 0x0d, 0x91, 0x39, 0xad,
    0xe4, 0x70, 0x12, 0x22, 0xab, 0xcc, 0xaf, 0x53, 0xd6, 0xee, 0x78, 0xd1,
    0x56, 0x40, 0x80, 0x80, 0x01, 0x03, 0x00, 0x04, 0x90, 0x50, 0xcf, 0xde,
    0x3d, 0x05, 0x00, 0x92, 0x28, 0x59, 0xc2, 0xa4, 0x89, 0x93, 0x27, 0x50,
    0x92, 0x04, 0x00, 0x20, 0x40, 0x80, 0x01, 0x05, 0x0b, 0x90, 0x34, 0x70,
    0xc0, 0xa5, 0x8b, 0x97, 0x2f, 0x60, 0xc2, 0x88, 0x19, 0x43, 0xa6, 0x8c,
    0x99, 0x33, 0x68, 0xd2, 0xa8, 0x59, 0xc3, 0xa6, 0x8d, 0x9b, 0x37, 0x70,
    0xe2, 0xc8, 0x99, 0x43, 0xa7, 0x8e, 0x9d, 0x3b, 0x78, 0xf2, 0xe8, 0xd9,
    0xc3, 0xa7, 0x8f, 0x1f, 0x38, 0x0d, 0x90, 0x2c, 0x50, 0x60, 0x80, 0xc0,
    0x80, 0x00, 0x53, 0xa2, 0x28, 0x5a, 0xc4, 0x08, 0x00, 0x94, 0x2c, 0x61,
    0xd2, 0xc4, 0xc9, 0x13, 0x28, 0x51, 0x00, 0x04, 0x08, 0x30, 0x80, 0x40,
    0x92, 0x07, 0x0e, 0xb4, 0x6c, 0xe1, 0xd2, 0xc5, 0xcb, 0x17, 0x30, 0x61,
    0xc4, 0x8c, 0x21, 0x53, 0xc6, 0xcc, 0x19, 0x34, 0x69, 0xd4, 0xac, 0x61,
    0xd3, 0xc6, 0xcd, 0x1b, 0x38, 0x71, 0xe4, 0xcc, 0xa1, 0x53, 0xc7, 0xce,
    0x1d, 0x3c, 0x79, 0xf4, 0xec, 0xe1, 0x63, 0xe7, 0x81, 0x04, 0x02, 0x02,
    0x04, 0x48, 0x21, 0x54, 0xc8, 0x10, 0x00, 0x00, 0x94, 0x2c, 0x61, 0xd2,
    0xc4, 0xc9, 0x13, 0x28, 0x51, 0x02, 0x0c, 0x10, 0x50, 0x20, 0xc9, 0x04,
    0x07, 0x59, 0xb4, 0x6c, 0xe1, 0xd2, 0xc5, 0xcb, 0x17, 0x30, 0x61, 0xc4,
    0x8c, 0x21, 0x53, 0xc6, 0xcc, 0x19, 0x34, 0x69, 0xd4, 0xac, 0x61, 0xd3,
    0xc6, 0xcd, 0x1b, 0x38, 0x71, 0xe4, 0xcc, 0xa1, 0x53, 0xc7, 0xce, 0x1d,
    0x3c, 0x79, 0xf4, 0xec, 0xb9, 0x33, 0x01, 0x02, 0x81, 0x01, 0x51, 0x04,
    0x0d, 0x22, 0xd4, 0x04, 0x00, 0x96, 0x30, 0x69, 0xe2, 0xe4, 0x09, 0x94,
    0x28, 0x52, 0x00, 0x04, 0x20, 0x00, 0xc3, 0x82, 0x83, 0x2c, 0x5a, 0xb6,
    0x70, 0xe9, 0xe2, 0xe5, 0x0b, 0x98, 0x30, 0x62, 0xc6, 0x90, 0x29, 0x63,
    0xe6, 0x0c, 0x9a, 0x34, 0x6a, 0xd6, 0xb0, 0x69, 0xe3, 0xe6, 0x0d, 0x9c,
    0x38, 0x72, 0xe6, 0xd0, 0xa9, 0x63, 0xe7, 0x0e, 0x9e, 0x3c, 0x7a, 0xf6,
    0xe4, 0x51, 0x52, 0xa1, 0xc0, 0x80, 0x00, 0x53, 0x06, 0x11, 0x22, 0x04,
    0x00, 0x34, 0x6c, 0xe0, 0xd0, 0xc1, 0xc3, 0x07, 0x10, 0x20, 0x02, 0x08,
    0x20, 0x80, 0x20, 0x03, 0x06, 0x07, 0x29, 0x54, 0xac, 0x60, 0xd1, 0xc2,
    0xc5, 0x0b, 0x18, 0x31, 0x64, 0xcc, 0xa0, 0x51, 0xc3, 0xc6, 0x0d, 0x1c,
    0x39, 0x74, 0xec, 0xe0, 0xd1, 0xc3, 0xc7, 0x0f, 0x20, 0x41, 0x84, 0x0c,
    0x21, 0x52, 0xc4, 0xc8, 0x11, 0x24, 0x49, 0x94, 0x2c, 0x49, 0x82, 0x21,
    0x43, 0x02, 0x01, 0x01, 0x42, 0x4c, 0xa1, 0x52, 0x65, 0x03, 0x00, 0x38,
    0x74, 0xf0, 0xf0, 0x01, 0x44, 0x08, 0x11, 0x22, 0x02, 0x08, 0x28, 0x50,
    0x61, 0x83, 0x03, 0x15, 0x2b, 0x58, 0xb4, 0x70, 0xf1, 0x02, 0x46, 0x0c,
    0x19, 0x33, 0x68, 0xd4, 0xb0, 0x71, 0x03, 0x47, 0x0e, 0x1d, 0x3b, 0x78,
    0xf4, 0xf0, 0xf1, 0x03, 0x48, 0x10, 0x21, 0x43, 0x88, 0x14, 0x31, 0x72,
    0x04, 0x49, 0x12, 0x25, 0x4b, 0x98, 0x30, 0xd9, 0xa0, 0xa1, 0x80, 0x80,
    0x00, 0x23, 0xa8, 0x54, 0xb1, 0xc2, 0x01, 0x00, 0x62, 0xc8, 0x98, 0x41,
    0xa3, 0x86, 0x8d, 0x1b, 0x38, 0x06, 0xc0, 0xf8, 0xe0, 0xc1, 0x81, 0x8f,
    0x1f, 0x40, 0x82, 0x08, 0x19, 0x42, 0xa4, 0x88, 0x91, 0x23, 0x48, 0x92,
    0x28, 0x59, 0xc2, 0xa4, 0x89, 0x93, 0x27, 0x50, 0xa2, 0x48, 0x99, 0x42,
    0xa5, 0x8a, 0x95, 0x2b, 0x58, 0xb2, 0x68, 0xd9, 0xc2, 0xa5, 0x8b, 0x97,
    0x2f, 0x60, 0xc0, 0x78, 0x50, 0x71, 0x40, 0x40, 0x00, 0x1c, 0x68, 0xd2,
    0xa8, 0x89, 0x01, 0x00, 0x78, 0xf4, 0xf0, 0xf1, 0x03, 0x48, 0x10, 0x21,
    0x42, 0x06, 0x14, 0x80, 0xb1, 0x23, 0x84, 0x03, 0x25, 0x4b, 0x98, 0x34,
    0x71, 0xf2, 0x04, 0x4a, 0x14, 0x29, 0x53, 0xa8, 0x54, 0xb1, 0x72, 0x05,
    0x4b, 0x16, 0x2d, 0x5b, 0xb8, 0x74, 0xf1, 0xf2, 0x05, 0x4c, 0x18, 0x31,
    0x63, 0xc8, 0x94, 0x31, 0x73, 0x06, 0x4d, 0x1a, 0x35, 0x6b, 0xd8, 0xb0,
    0x09, 0xb1, 0x03, 0x86, 0x81, 0x21, 0x73, 0xe8, 0xd4, 0xe9, 0x01, 0x00,
    0x4c, 0x9c, 0x40, 0x91, 0x42, 0xc5, 0x0a, 0x16, 0x2c, 0x04, 0x10, 0xd0,
    0x30, 0xc2, 0xc1, 0x0c, 0x1a, 0x35, 0x6c, 0xdc, 0xc0, 0x91, 0x43, 0xc7,
    0x0e, 0x1e, 0x3d, 0x7c, 0xfc, 0x00, 0x12, 0x44, 0xc8, 0x10, 0x22, 0x45,
    0x8c, 0x1c, 0x41, 0x92, 0x44, 0xc9, 0x12, 0x26, 0x4d, 0x9c, 0x3c, 0x81,
    0x12, 0x45, 0xca, 0x14, 0x2a, 0x55, 0xac, 0x38, 0x28, 0x51, 0xa1, 0x40,
    0x0b, 0x2e, 0x5d, 0xbc, 0x9c, 0x00, 0x00, 0x50, 0xa4, 0x50, 0xb1, 0x82,
    0x45, 0x0b, 0x17, 0x2e, 0x06, 0x14, 0xd0, 0x70, 0xc2, 0x41, 0x0d, 0x1b,
    0x37, 0x70, 0xe4, 0xd0, 0xb1, 0x83, 0x47, 0x0f, 0x1f, 0x3f, 0x80, 0x04,
    0x11, 0x32, 0x84, 0x48, 0x11, 0x23, 0x47, 0x90, 0x24, 0x51, 0xb2, 0x84,
    0x49, 0x13, 0x27, 0x4f, 0xa0, 0x44, 0x91, 0x32, 0x85, 0x4a, 0x15, 0x2b,
    0x57, 0xb0, 0x38, 0x28, 0x41, 0x02, 0x41, 0x80, 0x17, 0x5f, 0xc0, 0x84,
    0x41, 0x01, 0x00, 0x54, 0xac, 0x60, 0xd1, 0xc2, 0xc5, 0x0b, 0x18, 0x30,
    0x06, 0x1c, 0x20, 0x91, 0xc2, 0xc1, 0x0d, 0x1c, 0x39, 0x74, 0xec, 0xe0,
    0xd1, 0xc3, 0xc7, 0x0f, 0x20, 0x41, 0x84, 0x0c, 0x21, 0x52, 0xc4, 0xc8,
    0x11, 0x24, 0x49, 0x94, 0x2c, 0x61, 0xd2, 0xc4, 0xc9, 0x13, 0x28, 0x51,
    0xa4, 0x4c, 0xa1, 0x52, 0xc5, 0xca, 0x15, 0x2c, 0x59, 0xb4, 0x38, 0x38,
    0x41, 0xe2, 0x40, 0x80, 0x18, 0x61, 0xc4, 0x8c, 0x51, 0x01, 0x00, 0x54,
    0xac, 0x60, 0xd1, 0xc2, 0xc5, 0x0b, 0x18, 0x30, 0x06, 0x1c, 0x20, 0x91,
    0xc2, 0xc1, 0x0d, 0x1c, 0x39, 0x74, 0xec, 0xe0, 0xd1, 0xc3, 0xc7, 0x0f,
    0x20, 0x41, 0x84, 0x0c, 0x21, 0x52, 0xc4, 0xc8, 0x11, 0x24, 0x49, 0x94,
    0x2c, 0x61, 0xd2, 0xc4, 0xc9, 0x13, 0x28, 0x51, 0xa4, 0x4c, 0xa1, 0x52,
    0xc5, 0xca, 0x15, 0x2c, 0x59, 0xb4, 0x38, 0x38, 0x21, 0xa2, 0x80, 0x80,
    0x18, 0x61, 0xc4, 0x8c, 0x51, 0x01, 0x00, 0x54, 0xac, 0x60, 0xd1, 0xc2,
    0xc5, 0x0b, 0x18, 0x30, 0x02, 0x1c, 0xf8, 0x90, 0xc2, 0xc1, 0x0d, 0x1c,
    0x39, 0x74, 0xec, 0xe0, 0xd1, 0xc3, 0xc7, 0x0f, 0x20, 0x41, 0x84, 0x0c,
    0x21, 0x52, 0xc4, 0xc8, 0x11, 0x24, 0x49, 0x94, 0x2c, 0x61, 0xd2, 0xc4,
    0xc9, 0x13, 0x28, 0x51, 0xa4, 0x4c, 0xa1, 0x52, 0xc5, 0xca, 0x15, 0x2c,
    0x59, 0xb4, 0x38, 0x40, 0x41, 0xe2, 0x80, 0x80, 0x18, 0x61, 0xc4, 0x8c,
    0x51, 0x01, 0x00, 0x54, 0xac, 0x60, 0xd1, 0xc2, 0xc5, 0x0b, 0x18, 0x30,
    0x02, 0x14, 0x10, 0x91, 0xc2, 0xc1, 0x0d, 0x1c, 0x39, 0x74, 0xec, 0xe0,
    0xd1, 0xc3, 0xc7, 0x0f, 0x20, 0x41, 0x84, 0x0c, 0x21, 0x52, 0xc4, 0xc8,
    0x11, 0x24, 0x49, 0x94, 0x2c, 0x61, 0xd2, 0xc4, 0xc9, 0x13, 0x28, 0x51,
    0xa4, 0x4c, 0xa1, 0x52, 0xc5, 0xca, 0x15, 0x2c, 0x59, 0xb4, 0x38, 0x38,
    0xf1, 0xe1, 0xc0, 0x80, 0x18, 0x61, 0xc4, 0x8c, 0x51, 0x01, 0x00, 0x54,
    0xac, 0x60, 0xd1, 0xc2, 0xc5, 0x0b, 0x18, 0x30, 0x08, 0x14, 0x20, 0x91,
    0xc2, 0xc1, 0x0d, 0x1c, 0x39, 0x74, 0xec, 0xe0, 0xd1, 0xc3, 0xc7, 0x0f,
    0x20, 0x41, 0x84, 0x0c, 0x21, 0x52, 0xc4, 0xc8, 0x11, 0x24, 0x49, 0x94,
    0x2c, 0x61, 0xd2, 0xc4, 0xc9, 0x13, 0x28, 0x51, 0xa4, 0x4c, 0xa1, 0x52,
    0xc5, 0xca, 0x15, 0x2c, 0x59, 0xb4, 0x38, 0x38, 0xf1, 0x01, 0x41, 0x80,
    0x18, 0x61, 0xc4, 0x8c, 0x51, 0x01, 0x00, 0x50, 0xa4, 0x50, 0xb1, 0x82,
    0x45, 0x0b, 0x17, 0x2e, 0x06, 0x1c, 0x20, 0x71, 0xc2, 0x41, 0x0d, 0x1b,
    0x37, 0x70, 0xe4, 0xd0, 0xb1, 0x83, 0x47, 0x0f, 0x1f, 0x3f, 0x80, 0x04,
    0x11, 0x32, 0x84, 0x48, 0x11, 0x23, 0x47, 0x90, 0x24, 0x51, 0xb2, 0x84,
    0x49, 0x13, 0x27, 0x4f, 0xa0, 0x44, 0x91, 0x32, 0x85, 0x4a, 0x15, 0x2b,
    0x57, 0xb0, 0x38, 0x38, 0x41, 0x02, 0xc1, 0x80, 0x17, 0x5f, 0xc0, 0x84,
    0x41, 0x01, 0x00, 0x54, 0xac, 0x60, 0xd1, 0xc2, 0xc5, 0x0b, 0x18, 0x30,
    0x02, 0x14, 0xf8, 0x60, 0xc2, 0xc1, 0x0d, 0x1c, 0x39, 0x74, 0xec, 0xe0,
    0xd1, 0xc3, 0xc7, 0x0f, 0x20, 0x41, 0x84, 0x0c, 0x21, 0x52, 0xc4, 0xc8,
    0x11, 0x24, 0x49, 0x94, 0x2c, 0x61, 0xd2, 0xc4, 0xc9, 0x13, 0x28, 0x51,
    0xa4, 0x4c, 0xa1, 0x52, 0xc5, 0xca, 0x15, 0x2c, 0x59, 0xb4, 0x38, 0x48,
    0x21, 0x02, 0xc1, 0x80, 0x18, 0x61, 0xc4, 0x8c, 0x51, 0x01, 0x00, 0x56,
    0xb0, 0x68, 0xe1, 0xe2, 0x05, 0x8c, 0x18, 0x31, 0x04, 0x20, 0x20, 0x91,
    0xc2, 0x01, 0x8e, 0x1c, 0x3a, 0x76, 0xf0, 0xe8, 0xe1, 0xe3, 0x07, 0x90,
    0x20, 0x42, 0x86, 0x10, 0x29, 0x62, 0xe4, 0x08, 0x92, 0x24, 0x4a, 0x96,
    0x30, 0x69, 0xe2, 0xe4, 0x09, 0x94, 0x28, 0x52, 0xa6, 0x50, 0xa9, 0x62,
    0xe5, 0x0a, 0x96, 0x2c, 0x5a, 0xb6, 0x38, 0x48, 0xa1, 0xa2, 0x80, 0x00,
    0x19, 0x62, 0xc6, 0x90, 0x59, 0x01, 0x00, 0x54, 0xac, 0x60, 0xd1, 0xc2,
    0xc5, 0x0b, 0x18, 0x30, 0x04, 0x14, 0x10, 0x91, 0xc2, 0xc1, 0x0d, 0x1c,
    0x39, 0x74, 0xec, 0xe0, 0xd1, 0xc3, 0xc7, 0x0f, 0x20, 0x41, 0x84, 0x0c,
    0x21, 0x52, 0xc4, 0xc8, 0x11, 0x24, 0x49, 0x94, 0x2c, 0x61, 0xd2, 0xc4,
    0xc9, 0x13, 0x28, 0x51, 0xa4, 0x4c, 0xa1, 0x52, 0xc5, 0xca, 0x15, 0x2c,
    0x59, 0xb4, 0x38, 0x38, 0xf1, 0x01, 0x81, 0x80, 0x18, 0x61, 0xc4, 0x8c,
    0x51, 0x01, 0x00, 0x54, 0xac, 0x60, 0xd1, 0xc2, 0xc5, 0x0b, 0x18, 0x30,
    0x02, 0x1c, 0xf8, 0x90, 0xc2, 0xc1, 0x0d, 0x1c, 0x39, 0x74, 0xec, 0xe0,
    0xd1, 0xc3, 0xc7, 0x0f, 0x20, 0x41, 0x84, 0x0c, 0x21, 0x52, 0xc4, 0xc8,
    0x11, 0x24, 0x49, 0x94, 0x2c, 0x61, 0xd2, 0xc4, 0xc9, 0x13, 0x28, 0x51,
    0xa4, 0x4c, 0xa1, 0x52, 0xc5, 0xca, 0x15, 0x2c, 0x59, 0xb4, 0x38, 0x38,
    0x41, 0xe2, 0xc0, 0x80, 0x18, 0x61, 0xc4, 0x8c, 0x51, 0x01, 0x00, 0x54,
    0xac, 0x60, 0xd1, 0xc2, 0xc5, 0x0b, 0x18, 0x30, 0x02, 0x20, 0xf8, 0x90,
    0xc2, 0xc1, 0x0d, 0x1c, 0x39, 0x74, 0xec, 0xe0, 0xd1, 0xc3, 0xc7, 0x0f,
    0x20, 0x41, 0x84, 0x0c, 0x21, 0x52, 0xc4, 0xc8, 0x11, 0x24, 0x49, 0x94,
    0x2c, 0x61, 0xd2, 0xc4, 0xc9, 0x13, 0x28, 0x51, 0xa4, 0x4c, 0xa1, 0x52,
    0xc5, 0xca, 0x15, 0x2c, 0x59, 0xb4, 0x38, 0x38, 0xf1, 0xa1, 0xc0, 0x80,
    0x18, 0x61, 0xc4, 0x8c, 0x51, 0x01, 0x00, 0x54, 0xac, 0x60, 0xd1, 0xc2,
    0xc5, 0x0b, 0x18, 0x30, 0x06, 0x14, 0x10, 0x61, 0xc2, 0xc1, 0x0d, 0x1c,
    0x39, 0x74, 0xec, 0xe0, 0xd1, 0xc3, 0xc7, 0x0f, 0x20, 0x41, 0x84, 0x0c,
    0x21, 0x52, 0xc4, 0xc8, 0x11, 0x24, 0x49, 0x94, 0x2c, 0x61, 0xd2, 0xc4,
    0xc9, 0x13, 0x28, 0x51, 0xa4, 0x4c, 0xa1, 0x52, 0xc5, 0xca, 0x15, 0x2c,
    0x59, 0xb4, 0x38, 0x48, 0x21, 0xe2, 0xc0, 0x80, 0x18, 0x61, 0xc4, 0x8c,
    0x51, 0x01, 0x00, 0x54, 0xac, 0x60, 0xd1, 0xc2, 0xc5, 0x0b, 0x18, 0x30,
    0x08, 0x14, 0x20, 0x91, 0xc2, 0xc1, 0x0d, 0x1c, 0x39, 0x74, 0xec, 0xe0,
    0xd1, 0xc3, 0xc7, 0x0f, 0x20, 0x41, 0x84, 0x0c, 0x21, 0x52, 0xc4, 0xc8,
    0x11, 0x24, 0x49, 0x94, 0x2c, 0x61, 0xd2, 0xc4, 0xc9, 0x13, 0x28, 0x51,
    0xa4, 0x4c, 0xa1, 0x52, 0xc5, 0xca, 0x15, 0x2c, 0x59, 0xb4, 0x38, 0x38,
    0xf1, 0x01, 0x41, 0x80, 0x18, 0x61, 0xc4, 0x8c, 0x51, 0x01, 0x00, 0x52,
    0xa8, 0x58, 0xc1, 0xa2, 0x85, 0x8b, 0x17, 0x2f, 0x02, 0x14, 0x20, 0x81,
    0xc2, 0x81, 0x8d, 0x1b, 0x38, 0x72, 0xe8, 0xd8, 0xc1, 0xa3, 0x87, 0x8f,
    0x1f, 0x40, 0x82, 0x08, 0x19, 0x42, 0xa4, 0x88, 0x91, 0x23, 0x48, 0x92,
    0x28, 0x59, 0xc2, 0xa4, 0x89, 0x93, 0x27, 0x50, 0xa2, 0x48, 0x99, 0x42,
    0xa5, 0x8a, 0x95, 0x2b, 0x58, 0xb2, 0x38, 0x38, 0x21, 0xe2, 0x80, 0x00,
    0x18, 0x60, 0xc2, 0x88, 0x49, 0x01, 0x00, 0x52, 0xa8, 0x58, 0xc1, 0xa2,
    0x85, 0x8b, 0x17, 0x2f, 0x06, 0x20, 0xf8, 0x80, 0xc2, 0x81, 0x8d, 0x1b,
    0x38, 0x72, 0xe8, 0xd8, 0xc1, 0xa3, 0x87, 0x8f, 0x1f, 0x40, 0x82, 0x08,
    0x19, 0x42, 0xa4, 0x88, 0x91, 0x23, 0x48, 0x92, 0x28, 0x59, 0xc2, 0xa4,
    0x89, 0x93, 0x27, 0x50, 0xa2, 0x48, 0x99, 0x42, 0xa5, 0x8a, 0x95, 0x2b,
    0x58, 0xb2, 0x38, 0x40, 0xf1, 0x01, 0x81, 0x00, 0x18, 0x60, 0xc2, 0x88,
    0x49, 0x01, 0x00, 0x52, 0xa8, 0x58, 0xc1, 0xa2, 0x85, 0x8b, 0x17, 0x2f,
    0x06, 0x20, 0x10, 0x71, 0xc2, 0x81, 0x8d, 0x1b, 0x38, 0x72, 0xe8, 0xd8,
    0xc1, 0xa3, 0x87, 0x8f, 0x1f, 0x40, 0x82, 0x08, 0x19, 0x42, 0xa4, 0x88,
    0x91, 0x23, 0x48, 0x92, 0x28, 0x59, 0xc2, 0xa4, 0x89, 0x93, 0x27, 0x50,
    0xa2, 0x48, 0x99, 0x42, 0xa5, 0x8a, 0x95, 0x2b, 0x58, 0xb2, 0x38, 0x40,
    0x41, 0xe2, 0xc0, 0x00, 0x18, 0x60, 0xc2, 0x88, 0x49, 0x01, 0x00, 0x54,
    0xac, 0x60, 0xd1, 0xc2, 0xc5, 0x0b, 0x18, 0x30, 0x04, 0x1c, 0x10, 0x91,
    0xc2, 0xc1, 0x0d, 0x1c, 0x39, 0x74, 0xec, 0xe0, 0xd1, 0xc3, 0xc7, 0x0f,
    0x20, 0x41, 0x84, 0x0c, 0x21, 0x52, 0xc4, 0xc8, 0x11, 0x24, 0x49, 0x94,
    0x2c, 0x61, 0xd2, 0xc4, 0xc9, 0x13, 0x28, 0x51, 0xa4, 0x4c, 0xa1, 0x52,
    0xc5, 0xca, 0x15, 0x2c, 0x59, 0xb4, 0x38, 0x48, 0x21, 0xe2, 0x00, 0x81,
    0x18, 0x61, 0xc4, 0x8c, 0x51, 0x01, 0x00, 0x56, 0xb0, 0x68, 0xe1, 0xe2,
    0x05, 0x8c, 0x18, 0x31, 0x06, 0x1c, 0x10, 0x91, 0xc2, 0x01, 0x8e, 0x1c,
    0x3a, 0x76, 0xf0, 0xe8, 0xe1, 0xe3, 0x07, 0x90, 0x20, 0x42, 0x86, 0x10,
    0x29, 0x62, 0xe4, 0x08, 0x92, 0x24, 0x4a, 0x96, 0x30, 0x69, 0xe2, 0xe4,
    0x09, 0x94, 0x28, 0x52, 0xa6, 0x50, 0xa9, 0x62, 0xe5, 0x0a, 0x96, 0x2c,
    0x5a, 0xb6, 0x38, 0x48, 0xa1, 0x02, 0x81, 0x00, 0x19, 0x62, 0xc6, 0x90,
    0x59, 0x01, 0x00, 0x54, 0xac, 0x60, 0xd1, 0xc2, 0xc5, 0x0b, 0x18, 0x30,
    0x04, 0x14, 0xf8, 0x70, 0xc2, 0xc1, 0x0d, 0x1c, 0x39, 0x74, 0xec, 0xe0,
    0xd1, 0xc3, 0xc7, 0x0f, 0x20, 0x41, 0x84, 0x0c, 0x21, 0x52, 0xc4, 0xc8,
    0x11, 0x24, 0x49, 0x94, 0x2c, 0x61, 0xd2, 0xc4, 0xc9, 0x13, 0x28, 0x51,
    0xa4, 0x4c, 0xa1, 0x52, 0xc5, 0xca, 0x15, 0x2c, 0x59, 0xb4, 0x38, 0x48,
    0x41, 0x02, 0xc1, 0x80, 0x18, 0x61, 0xc4, 0x8c, 0x51, 0x01, 0x00, 0x54,
    0xac, 0x60, 0xd1, 0xc2, 0xc5, 0x0b, 0x18, 0x30, 0x04, 0x1c, 0x10, 0x91,
    0xc2, 0xc1, 0x0d, 0x1c, 0x39, 0x74, 0xec, 0xe0, 0xd1, 0xc3, 0xc7, 0x0f,
    0x20, 0x41, 0x84, 0x0c, 0x21, 0x52, 0xc4, 0xc8, 0x11, 0x24, 0x49, 0x94,
    0x2c, 0x61, 0xd2, 0xc4, 0xc9, 0x13, 0x28, 0x51, 0xa4, 0x4c, 0xa1, 0x52,
    0xc5, 0xca, 0x15, 0x2c, 0x59, 0xb4, 0x38, 0x48, 0x41, 0xe2, 0xc0, 0x80,
    0x18, 0x61, 0xc4, 0x8c, 0x51, 0x01, 0x00, 0x54, 0xac, 0x60, 0xd1, 0xc2,
    0xc5, 0x0b, 0x18, 0x30, 0x02, 0x1c, 0xf8, 0x80, 0xc2, 0xc1, 0x0d, 0x1c,
    0x39, 0x74, 0xec, 0xe0, 0xd1, 0xc3, 0xc7, 0x0f, 0x20, 0x41, 0x84, 0x0c,
    0x21, 0x52, 0xc4, 0xc8, 0x11, 0x24, 0x49, 0x94, 0x2c, 0x61, 0xd2, 0xc4,
    0xc9, 0x13, 0x28, 0x51, 0xa4, 0x4c, 0xa1, 0x52, 0xc5, 0xca, 0x15, 0x2c,
    0x59, 0xb4, 0x38, 0x48, 0x41, 0x02, 0x81, 0x80, 0x18, 0x61, 0xc4, 0x8c,
    0x51, 0x01, 0x00, 0x54, 0xac, 0x60, 0xd1, 0xc2, 0xc5, 0x0b, 0x18, 0x30,
    0x04, 0x1c, 0x20, 0x91, 0xc2, 0xc1, 0x0d, 0x1c, 0x39, 0x74, 0xec, 0xe0,
    0xd1, 0xc3, 0xc7, 0x0f, 0x20, 0x41, 0x84, 0x0c, 0x21, 0x52, 0xc4, 0xc8,
    0x11, 0x24, 0x49, 0x94, 0x2c, 0x61, 0xd2, 0xc4, 0xc9, 0x13, 0x28, 0x51,
    0xa4, 0x4c, 0xa1, 0x52, 0xc5, 0xca, 0x15, 0x2c, 0x59, 0xb4, 0x38, 0x48,
    0x41, 0xe2, 0x40, 0x80, 0x18, 0x61, 0xc4, 0x8c, 0x51, 0x01, 0x00, 0x54,
    0xac, 0x60, 0xd1, 0xc2, 0xc5, 0x0b, 0x18, 0x30, 0x02, 0x14, 0x20, 0x91,
    0xc2, 0xc1, 0x0d, 0x1c, 0x39, 0x74, 0xec, 0xe0, 0xd1, 0xc3, 0xc7, 0x0f,
    0x20, 0x41, 0x84, 0x0c, 0x21, 0x52, 0xc4, 0xc8, 0x11, 0x24, 0x49, 0x94,
    0x2c, 0x61, 0xd2, 0xc4, 0xc9, 0x13, 0x28, 0x51, 0xa4, 0x4c, 0xa1, 0x52,
    0xc5, 0xca, 0x15, 0x2c, 0x59, 0xb4, 0x38, 0x38, 0x21, 0xa2, 0x80, 0x80,
    0x18, 0x61, 0xc4, 0x8c, 0x51, 0x01, 0x00, 0x56, 0xb0, 0x68, 0xe1, 0xe2,
    0x05, 0x8c, 0x18, 0x31, 0x04, 0x20, 0x50, 0x81, 0xc2, 0x01, 0x8e, 0x1c,
    0x3a, 0x76, 0xf0, 0xe8, 0xe1, 0xe3, 0x07, 0x90, 0x20, 0x42, 0x86, 0x10,
    0x29, 0x62, 0xe4, 0x08, 0x92, 0x24, 0x4a, 0x96, 0x30, 0x69, 0xe2, 0xe4,
    0x09, 0x94, 0x28, 0x52, 0xa6, 0x50, 0xa9, 0x62, 0xe5, 0x0a, 0x96, 0x2c,
    0x5a, 0xb6, 0x38, 0x48, 0x21, 0xe2, 0x80, 0x00, 0x19, 0x62, 0xc6, 0x90,
    0x59, 0x01, 0x00, 0x54, 0xac, 0x60, 0xd1, 0xc2, 0xc5, 0x0b, 0x18, 0x30,
    0x08, 0x1c, 0x20, 0x81, 0xc2, 0xc1, 0x0d, 0x1c, 0x39, 0x74, 0xec, 0xe0,
    0xd1, 0xc3, 0xc7, 0x0f, 0x20, 0x41, 0x84, 0x0c, 0x21, 0x52, 0xc4, 0xc8,
    0x11, 0x24, 0x49, 0x94, 0x2c, 0x61, 0xd2, 0xc4, 0xc9, 0x13, 0x28, 0x51,
    0xa4, 0x4c, 0xa1, 0x52, 0xc5, 0xca, 0x15, 0x2c, 0x59, 0xb4, 0x38, 0x48,
    0xf1, 0x01, 0xc1, 0x80, 0x18, 0x61, 0xc4, 0x8c, 0x51, 0x01, 0x00, 0x52,
    0xa8, 0x58, 0xc1, 0xa2, 0x85, 0x8b, 0x17, 0x2f, 0x02, 0x1c, 0x10, 0x81,
    0xc2, 0x81, 0x8d, 0x1b, 0x38, 0x72, 0xe8, 0xd8, 0xc1, 0xa3, 0x87, 0x8f,
    0x1f, 0x40, 0x82, 0x08, 0x19, 0x42, 0xa4, 0x88, 0x91, 0x23, 0x48, 0x92,
    0x28, 0x59, 0xc2, 0xa4, 0x89, 0x93, 0x27, 0x50, 0xa2, 0x48, 0x99, 0x42,
    0xa5, 0x8a, 0x95, 0x2b, 0x58, 0xb2, 0x38, 0x38, 0x41, 0xa2, 0x80, 0x00,
    0x18, 0x60, 0xc2, 0x88, 0x49, 0x01, 0x00, 0x54, 0xac, 0x60, 0xd1, 0xc2,
    0xc5, 0x0b, 0x18, 0x30, 0x06, 0x14, 0x10, 0x91, 0xc2, 0xc1, 0x0d, 0x1c,
    0x39, 0x74, 0xec, 0xe0, 0xd1, 0xc3, 0xc7, 0x0f, 0x20, 0x41, 0x84, 0x0c,
    0x21, 0x52, 0xc4, 0xc8, 0x11, 0x24, 0x49, 0x94, 0x2c, 0x61, 0xd2, 0xc4,
    0xc9, 0x13, 0x28, 0x51, 0xa4, 0x4c, 0xa1, 0x52, 0xc5, 0xca, 0x15, 0x2c,
    0x59, 0xb4, 0x38, 0x48, 0x41, 0x02, 0x01, 0x81, 0x18, 0x61, 0xc4, 0x8c,
    0x51, 0x01, 0x00, 0x54, 0xac, 0x60, 0xd1, 0xc2, 0xc5, 0x0b, 0x18, 0x30,
    0x02, 0x1c, 0x20, 0x81, 0xc2, 0xc1, 0x0d, 0x1c, 0x39, 0x74, 0xec, 0xe0,
    0xd1, 0xc3, 0xc7, 0x0f, 0x20, 0x41, 0x84, 0x0c, 0x21, 0x52, 0xc4, 0xc8,
    0x11, 0x24, 0x49, 0x94, 0x2c, 0x61, 0xd2, 0xc4, 0xc9, 0x13, 0x28, 0x51,
    0xa4, 0x4c, 0xa1, 0x52, 0xc5, 0xca, 0x15, 0x2c, 0x59, 0xb4, 0x38, 0x48,
    0x21, 0xe2, 0x80, 0x80, 0x18, 0x61, 0xc4, 0x8c, 0x51, 0x01, 0x00, 0x52,
    0xa8, 0x58, 0xc1, 0xa2, 0x85, 0x8b, 0x17, 0x2f, 0x04, 0x1c, 0x20, 0x81,
    0xc2, 0x81, 0x8d, 0x1b, 0x38, 0x72, 0xe8, 0xd8, 0xc1, 0xa3, 0x87, 0x8f,
    0x1f, 0x40, 0x82, 0x08, 0x19, 0x42, 0xa4, 0x88, 0x91, 0x23, 0x48, 0x92,
    0x28, 0x59, 0xc2, 0xa4, 0x89, 0x93, 0x27, 0x50, 0xa2, 0x48, 0x99, 0x42,
    0xa5, 0x8a, 0x95, 0x2b, 0x58, 0xb2, 0x38, 0x30, 0x41, 0x02, 0xc1, 0x00,
    0x18, 0x60, 0xc2, 0x88, 0x49, 0x01, 0x00, 0x54, 0xac, 0x60, 0xd1, 0xc2,
    0xc5, 0x0b, 0x18, 0x30, 0x04, 0x1c, 0x20, 0x91, 0xc2, 0xc1, 0x0d, 0x1c,
    0x39, 0x74, 0xec, 0xe0, 0xd1, 0xc3, 0xc7, 0x0f, 0x20, 0x41, 0x84, 0x0c,
    0x21, 0x52, 0xc4, 0xc8, 0x11, 0x24, 0x49, 0x94, 0x2c, 0x61, 0xd2, 0xc4,
    0xc9, 0x13, 0x28, 0x51, 0xa4, 0x4c, 0xa1, 0x52, 0xc5, 0xca, 0x15, 0x2c,
    0x59, 0xb4, 0x38, 0x38, 0xf1, 0xe1, 0x80, 0x80, 0x18, 0x61, 0xc4, 0x8c,
    0x51, 0x01, 0x00, 0x52, 0xa8, 0x58, 0xc1, 0xa2, 0x85, 0x8b, 0x17, 0x2f,
    0x08, 0x20, 0x20, 0x81, 0xc2, 0x81, 0x8d, 0x1b, 0x38, 0x72, 0xe8, 0xd8,
    0xc1, 0xa3, 0x87, 0x8f, 0x1f, 0x40, 0x82, 0x08, 0x19, 0x42, 0xa4, 0x88,
    0x91, 0x23, 0x48, 0x92, 0x28, 0x59, 0xc2, 0xa4, 0x89, 0x93, 0x27, 0x50,
    0xa2, 0x48, 0x99, 0x42, 0xa5, 0x8a, 0x95, 0x2b, 0x58, 0xb2, 0x38, 0x38,
    0x41, 0x02, 0xc1, 0x00, 0x18, 0x60, 0xc2, 0x88, 0x49, 0x01, 0x00, 0x52,
    0xa8, 0x58, 0xc1, 0xa2, 0x85, 0x8b, 0x17, 0x2f, 0x06, 0x20, 0x10, 0x81,
    0xc2, 0x81, 0x8d, 0x1b, 0x38, 0x72, 0xe8, 0xd8, 0xc1, 0xa3, 0x87, 0x8f,
    0x1f, 0x40, 0x82, 0x08, 0x19, 0x42, 0xa4, 0x88, 0x91, 0x23, 0x48, 0x92,
    0x28, 0x59, 0xc2, 0xa4, 0x89, 0x93, 0x27, 0x50, 0xa2, 0x48, 0x99, 0x42,
    0xa5, 0x8a, 0x95, 0x2b, 0x58, 0xb2, 0x38, 0x30, 0x41, 0xa2, 0x80, 0x00,
    0x18, 0x60, 0xc2, 0x88, 0x49, 0x01, 0x00, 0x54, 0xac, 0x60, 0xd1, 0xc2,
    0xc5, 0x0b, 0x18, 0x30, 0x04, 0x14, 0xf8, 0x90, 0xc2, 0xc1, 0x0d, 0x1c,
    0x39, 0x74, 0xec, 0xe0, 0xd1, 0xc3, 0xc7, 0x0f, 0x20, 0x41, 0x84, 0x0c,
    0x21, 0x52, 0xc4, 0xc8, 0x11, 0x24, 0x49, 0x94, 0x2c, 0x61, 0xd2, 0xc4,
    0xc9, 0x13, 0x28, 0x51, 0xa4, 0x4c, 0xa1, 0x52, 0xc5, 0xca, 0x15, 0x2c,
    0x59, 0xb4, 0x38, 0x40, 0xf1, 0xe1, 0x40, 0x80, 0x18, 0x61, 0xc4, 0x8c,
    0x51, 0x01, 0x00, 0x52, 0xa8, 0x58, 0xc1, 0xa2, 0x85, 0x8b, 0x17, 0x2f,
    0x04, 0x14, 0xf8, 0x70, 0xc2, 0x81, 0x8d, 0x1b, 0x38, 0x72, 0xe8, 0xd8,
    0xc1, 0xa3, 0x87, 0x8f, 0x1f, 0x40, 0x82, 0x08, 0x19, 0x42, 0xa4, 0x88,
    0x91, 0x23, 0x48, 0x92, 0x28, 0x59, 0xc2, 0xa4, 0x89, 0x93, 0x27, 0x50,
    0xa2, 0x48, 0x99, 0x42, 0xa5, 0x8a, 0x95, 0x2b, 0x58, 0xb2, 0x38, 0x40,
    0x21, 0xe2, 0x40, 0x00, 0x18, 0x60, 0xc2, 0x88, 0x49, 0x01, 0x00, 0x50,
    0xa4, 0x50, 0xb1, 0x82, 0x45, 0x0b, 0x17, 0x2e, 0x06, 0x14, 0xf8, 0x70,
    0xc2, 0x41, 0x0d, 0x1b, 0x37, 0x70, 0xe4, 0xd0, 0xb1, 0x83, 0x47, 0x0f,
    0x1f, 0x3f, 0x80, 0x04, 0x11, 0x32, 0x84, 0x48, 0x11, 0x23, 0x47, 0x90,
    0x24, 0x51, 0xb2, 0x84, 0x49, 0x13, 0x27, 0x4f, 0xa0, 0x44, 0x91, 0x32,
    0x85, 0x4a, 0x15, 0x2b, 0x57, 0xb0, 0x38, 0x38, 0xf1, 0xa1, 0xc0, 0x80,
    0x17, 0x5f, 0xc0, 0x84, 0x41, 0x01, 0x00, 0x50, 0xa4, 0x50, 0xb1, 0x82,
    0x45, 0x0b, 0x17, 0x2e, 0x04, 0x14, 0xf8, 0x70, 0xc2, 0x41, 0x0d, 0x1b,
    0x37, 0x70, 0xe4, 0xd0, 0xb1, 0x83, 0x47, 0x0f, 0x1f, 0x3f, 0x80, 0x04,
    0x11, 0x32, 0x84, 0x48, 0x11, 0x23, 0x47, 0x90, 0x24, 0x51, 0xb2, 0x84,
    0x49, 0x13, 0x27, 0x4f, 0xa0, 0x44, 0x91, 0x32, 0x85, 0x4a, 0x15, 0x2b,
    0x57, 0xb0, 0x38, 0x38, 0x21, 0xa2, 0xc0, 0x80, 0x17, 0x5f, 0xc0, 0x84,
    0x41, 0x01, 0x00, 0x52, 0xa8, 0x58, 0xc1, 0xa2, 0x85, 0x8b, 0x17, 0x2f,
    0x06, 0x20, 0x20, 0x61, 0xc2, 0x81, 0x8d, 0x1b, 0x38, 0x72, 0xe8, 0xd8,
    0xc1, 0xa3, 0x87, 0x8f, 0x1f, 0x40, 0x82, 0x08, 0x19, 0x42, 0xa4, 0x88,
    0x91, 0x23, 0x48, 0x92, 0x28, 0x59, 0xc2, 0xa4, 0x89, 0x93, 0x27, 0x50,
    0xa2, 0x48, 0x99, 0x42, 0xa5, 0x8a, 0x95, 0x2b, 0x58, 0xb2, 0x38, 0x40,
    0x21, 0xa2, 0x80, 0x00, 0x18, 0x60, 0xc2, 0x88, 0x49, 0x01, 0x00, 0x52,
    0xa8, 0x58, 0xc1, 0xa2, 0x85, 0x8b, 0x17, 0x2f, 0x08, 0x14, 0xf8, 0x80,
    0xc2, 0x81, 0x8d, 0x1b, 0x38, 0x72, 0xe8, 0xd8, 0xc1, 0xa3, 0x87, 0x8f,
    0x1f, 0x40, 0x82, 0x08, 0x19, 0x42, 0xa4, 0x88, 0x91, 0x23, 0x48, 0x92,
    0x28, 0x59, 0xc2, 0xa4, 0x89, 0x93, 0x27, 0x50, 0xa2, 0x48, 0x99, 0x42,
    0xa5, 0x8a, 0x95, 0x2b, 0x58, 0xb2, 0x38, 0x40, 0xf1, 0xa1, 0x00, 0x01,
    0x18, 0x60, 0xc2, 0x88, 0x49, 0x01, 0x00, 0x50, 0xa4, 0x50, 0xb1, 0x82,
    0x45, 0x0b, 0x17, 0x2e, 0x06, 0x1c, 0x10, 0x71, 0xc2, 0x41, 0x0d, 0x1b,
    0x37, 0x70, 0xe4, 0xd0, 0xb1, 0x83, 0x47, 0x0f, 0x1f, 0x3f, 0x80, 0x04,
    0x11, 0x32, 0x84, 0x48, 0x11, 0x23, 0x47, 0x90, 0x24, 0x51, 0xb2, 0x84,
    0x49, 0x13, 0x27, 0x4f, 0xa0, 0x44, 0x91, 0x32, 0x85, 0x4a, 0x15, 0x2b,
    0x57, 0xb0, 0x38, 0x38, 0xf1, 0xe1, 0x40, 0x80, 0x17, 0x5f, 0xc0, 0x84,
    0x41, 0x01, 0x00, 0x54, 0xac, 0x60, 0xd1, 0xc2, 0xc5, 0x0b, 0x18, 0x30,
    0x06, 0x1c, 0x10, 0x91, 0xc2, 0xc1, 0x0d, 0x1c, 0x39, 0x74, 0xec, 0xe0,
    0xd1, 0xc3, 0xc7, 0x0f, 0x20, 0x41, 0x84, 0x0c, 0x21, 0x52, 0xc4, 0xc8,
    0x11, 0x24, 0x49, 0x94, 0x2c, 0x61, 0xd2, 0xc4, 0xc9, 0x13, 0x28, 0x51,
    0xa4, 0x4c, 0xa1, 0x52, 0xc5, 0xca, 0x15, 0x2c, 0x59, 0xb4, 0x38, 0x38,
    0xf1, 0xe1, 0x80, 0x80, 0x18, 0x61, 0xc4, 0x8c, 0x51, 0x01, 0x00, 0x52,
    0xa8, 0x58, 0xc1, 0xa2, 0x85, 0x8b, 0x17, 0x2f, 0x08, 0x20, 0xf8, 0x80,
    0xc2, 0x81, 0x8d, 0x1b, 0x38, 0x72, 0xe8, 0xd8, 0xc1, 0xa3, 0x87, 0x8f,
    0x1f, 0x40, 0x82, 0x08, 0x19, 0x42, 0xa4, 0x88, 0x91, 0x23, 0x48, 0x92,
    0x28, 0x59, 0xc2, 0xa4, 0x89, 0x93, 0x27, 0x50, 0xa2, 0x48, 0x99, 0x42,
    0xa5, 0x8a, 0x95, 0x2b, 0x58, 0xb2, 0x38, 0x38, 0xf1, 0x01, 0x01, 0x01,
    0x18, 0x60, 0xc2, 0x88, 0x49, 0x01, 0x00, 0x56, 0xb0, 0x68, 0xe1, 0xe2,
    0x05, 0x8c, 0x18, 0x31, 0x04, 0x20, 0x10, 0x81, 0xc2, 0x01, 0x8e, 0x1c,
    0x3a, 0x76, 0xf0, 0xe8, 0xe1, 0xe3, 0x07, 0x90, 0x20, 0x42, 0x86, 0x10,
    0x29, 0x62, 0xe4, 0x08, 0x92, 0x24, 0x4a, 0x96, 0x30, 0x69, 0xe2, 0xe4,
    0x09, 0x94, 0x28, 0x52, 0xa6, 0x50, 0xa9, 0x62, 0xe5, 0x0a, 0x96, 0x2c,
    0x5a, 0xb6, 0x38, 0x38, 0xa1, 0xa2, 0xc0, 0x00, 0x19, 0x62, 0xc6, 0x90,
    0x59, 0x01, 0x00, 0x54, 0xac, 0x60, 0xd1, 0xc2, 0xc5, 0x0b, 0x18, 0x30,
    0x02, 0x14, 0xf8, 0x90, 0xc2, 0xc1, 0x0d, 0x1c, 0x39, 0x74, 0xec, 0xe0,
    0xd1, 0xc3, 0xc7, 0x0f, 0x20, 0x41, 0x84, 0x0c, 0x21, 0x52, 0xc4, 0xc8,
    0x11, 0x24, 0x49, 0x94, 0x2c, 0x61, 0xd2, 0xc4, 0xc9, 0x13, 0x28, 0x51,
    0xa4, 0x4c, 0xa1, 0x52, 0xc5, 0xca, 0x15, 0x2c, 0x59, 0xb4, 0x38, 0x48,
    0xf1, 0x01, 0x81, 0x80, 0x18, 0x61, 0xc4, 0x8c, 0x51, 0x01, 0x00, 0x54,
    0xac, 0x60, 0xd1, 0xc2, 0xc5, 0x0b, 0x18, 0x30, 0x04, 0x1c, 0xf8, 0x70,
    0xc2, 0xc1, 0x0d, 0x1c, 0x39, 0x74, 0xec, 0xe0, 0xd1, 0xc3, 0xc7, 0x0f,
    0x20, 0x41, 0x84, 0x0c, 0x21, 0x52, 0xc4, 0xc8, 0x11, 0x24, 0x49, 0x94,
    0x2c, 0x61, 0xd2, 0xc4, 0xc9, 0x13, 0x28, 0x51, 0xa4, 0x4c, 0xa1, 0x52,
    0xc5, 0xca, 0x15, 0x2c, 0x59, 0xb4, 0x38, 0x48, 0x41, 0xe2, 0xc0, 0x80,
    0x18, 0x61, 0xc4, 0x8c, 0x51, 0x01, 0x00, 0x54, 0xac, 0x60, 0xd1, 0xc2,
    0xc5, 0x0b, 0x18, 0x30, 0x02, 0x14, 0xf8, 0x90, 0xc2, 0xc1, 0x0d, 0x1c,
    0x39, 0x74, 0xec, 0xe0, 0xd1, 0xc3, 0xc7, 0x0f, 0x20, 0x41, 0x84, 0x0c,
    0x21, 0x52, 0xc4, 0xc8, 0x11, 0x24, 0x49, 0x94, 0x2c, 0x61, 0xd2, 0xc4,
    0xc9, 0x13, 0x28, 0x51, 0xa4, 0x4c, 0xa1, 0x52, 0xc5, 0xca, 0x15, 0x2c,
    0x59, 0xb4, 0x38, 0x38, 0x41, 0x02, 0x01, 0x81, 0x18, 0x61, 0xc4, 0x8c,
    0x51, 0x01, 0x00, 0x54, 0xac, 0x60, 0xd1, 0xc2, 0xc5, 0x0b, 0x18, 0x30,
    0x06, 0x20, 0x10, 0x91, 0xc2, 0xc1, 0x0d, 0x1c, 0x39, 0x74, 0xec, 0xe0,
    0xd1, 0xc3, 0xc7, 0x0f, 0x20, 0x41, 0x84, 0x0c, 0x21, 0x52, 0xc4, 0xc8,
    0x11, 0x24, 0x49, 0x94, 0x2c, 0x61, 0xd2, 0xc4, 0xc9, 0x13, 0x28, 0x51,
    0xa4, 0x4c, 0xa1, 0x52, 0xc5, 0xca, 0x15, 0x2c, 0x59, 0xb4, 0x38, 0x40,
    0xf1, 0xa1, 0xc0, 0x80, 0x18, 0x61, 0xc4, 0x8c, 0x51, 0x01, 0x00, 0x50,
    0xa4, 0x50, 0xb1, 0x82, 0x45, 0x0b, 0x17, 0x2e, 0x08, 0x1c, 0x20, 0x71,
    0xc2, 0x41, 0x0d, 0x1b, 0x37, 0x70, 0xe4, 0xd0, 0xb1, 0x83, 0x47, 0x0f,
    0x1f, 0x3f, 0x80, 0x04, 0x11, 0x32, 0x84, 0x48, 0x11, 0x23, 0x47, 0x90,
    0x24, 0x51, 0xb2, 0x84, 0x49, 0x13, 0x27, 0x4f, 0xa0, 0x44, 0x91, 0x32,
    0x85, 0x4a, 0x15, 0x2b, 0x57, 0xb0, 0x38, 0x38, 0x41, 0x02, 0x81, 0x80,
    0x17, 0x5f, 0xc0, 0x84, 0x41, 0x01, 0x00, 0x52, 0xa8, 0x58, 0xc1, 0xa2,
    0x85, 0x8b, 0x17, 0x2f, 0x06, 0x20, 0x20, 0x81, 0xc2, 0x81, 0x8d, 0x1b,
    0x38, 0x72, 0xe8, 0xd8, 0xc1, 0xa3, 0x87, 0x8f, 0x1f, 0x40, 0x82, 0x08,
    0x19, 0x42, 0xa4, 0x88, 0x91, 0x23, 0x48, 0x92, 0x28, 0x59, 0xc2, 0xa4,
    0x89, 0x93, 0x27, 0x50, 0xa2, 0x48, 0x99, 0x42, 0xa5, 0x8a, 0x95, 0x2b,
    0x58, 0xb2, 0x38, 0x30, 0xf1, 0x01, 0xc1, 0x00, 0x18, 0x60, 0xc2, 0x88,
    0x49, 0x01, 0x00, 0x50, 0xa4, 0x50, 0xb1, 0x82, 0x45, 0x0b, 0x17, 0x2e,
    0x06, 0x1c, 0xf8, 0x70, 0xc2, 0x41, 0x0d, 0x1b, 0x37, 0x70, 0xe4, 0xd0,
    0xb1, 0x83, 0x47, 0x0f, 0x1f, 0x3f, 0x80, 0x04, 0x11, 0x32, 0x84, 0x48,
    0x11, 0x23, 0x47, 0x90, 0x24, 0x51, 0xb2, 0x84, 0x49, 0x13, 0x27, 0x4f,
    0xa0, 0x44, 0x91, 0x32, 0x85, 0x4a, 0x15, 0x2b, 0x57, 0xb0, 0x38, 0x38,
    0x41, 0xe2, 0xc0, 0x80, 0x17, 0x5f, 0xc0, 0x84, 0x41, 0x01, 0x00, 0x54,
    0xac, 0x60, 0xd1, 0xc2, 0xc5, 0x0b, 0x18, 0x30, 0x04, 0x20, 0x10, 0x61,
    0xc2, 0xc1, 0x0d, 0x1c, 0x39, 0x74, 0xec, 0xe0, 0xd1, 0xc3, 0xc7, 0x0f,
    0x20, 0x41, 0x84, 0x0c, 0x21, 0x52, 0xc4, 0xc8, 0x11, 0x24, 0x49, 0x94,
    0x2c, 0x61, 0xd2, 0xc4, 0xc9, 0x13, 0x28, 0x51, 0xa4, 0x4c, 0xa1, 0x52,
    0xc5, 0xca, 0x15, 0x2c, 0x59, 0xb4, 0x38, 0x48, 0xf1, 0x01, 0x41, 0x80,
    0x18, 0x61, 0xc4, 0x8c, 0x51, 0x01, 0x00, 0x52, 0xa8, 0x58, 0xc1, 0xa2,
    0x85, 0x8b, 0x17, 0x2f, 0x06, 0x20, 0x20, 0x81, 0xc2, 0x81, 0x8d, 0x1b,
    0x38, 0x72, 0xe8, 0xd8, 0xc1, 0xa3, 0x87, 0x8f, 0x1f, 0x40, 0x82, 0x08,
    0x19, 0x42, 0xa4, 0x88, 0x91, 0x23, 0x48, 0x92, 0x28, 0x59, 0xc2, 0xa4,
    0x89, 0x93, 0x27, 0x50, 0xa2, 0x48, 0x99, 0x42, 0xa5, 0x8a, 0x95, 0x2b,
    0x58, 0xb2, 0x38, 0x38, 0xf1, 0xe1, 0x00, 0x01, 0x18, 0x60, 0xc2, 0x88,
    0x49, 0x01, 0x00, 0x54, 0xac, 0x60, 0xd1, 0xc2, 0xc5, 0x0b, 0x18, 0x30,
    0x02, 0x20, 0xf8, 0x90, 0xc2, 0xc1, 0x0d, 0x1c, 0x39, 0x74, 0xec, 0xe0,
    0xd1, 0xc3, 0xc7, 0x0f, 0x20, 0x41, 0x84, 0x0c, 0x21, 0x52, 0xc4, 0xc8,
    0x11, 0x24, 0x49, 0x94, 0x2c, 0x61, 0xd2, 0xc4, 0xc9, 0x13, 0x28, 0x51,
    0xa4, 0x4c, 0xa1, 0x52, 0xc5, 0xca, 0x15, 0x2c, 0x59, 0xb4, 0x38, 0x38,
    0x41, 0x02, 0x41, 0x80, 0x18, 0x61, 0xc4, 0x8c, 0x51, 0x01, 0x00, 0x54,
    0xac, 0x60, 0xd1, 0xc2, 0xc5, 0x0b, 0x18, 0x30, 0x04, 0x1c, 0x20, 0x91,
    0xc2, 0xc1, 0x0d, 0x1c, 0x39, 0x74, 0xec, 0xe0, 0xd1, 0xc3, 0xc7, 0x0f,
    0x20, 0x41, 0x84, 0x0c, 0x21, 0x52, 0xc4, 0xc8, 0x11, 0x24, 0x49, 0x94,
    0x2c, 0x61, 0xd2, 0xc4, 0xc9, 0x13, 0x28, 0x51, 0xa4, 0x4c, 0xa1, 0x52,
    0xc5, 0xca, 0x15, 0x2c, 0x59, 0xb4, 0x38, 0x38, 0xf1, 0xe1, 0x40, 0x80,
    0x18, 0x61, 0xc4, 0x8c, 0x51, 0x01, 0x00, 0x50, 0xa4, 0x50, 0xb1, 0x82,
    0x45, 0x0b, 0x17, 0x2e, 0x04, 0x1c, 0xf8, 0x70, 0xc2, 0x41, 0x0d, 0x1b,
    0x37, 0x70, 0xe4, 0xd0, 0xb1, 0x83, 0x47, 0x0f, 0x1f, 0x3f, 0x80, 0x04,
    0x11, 0x32, 0x84, 0x48, 0x11, 0x23, 0x47, 0x90, 0x24, 0x51, 0xb2, 0x84,
    0x49, 0x13, 0x27, 0x4f, 0xa0, 0x44, 0x91, 0x32, 0x85, 0x4a, 0x15, 0x2b,
    0x57, 0xb0, 0x38, 0x38, 0x41, 0xa2, 0x00, 0x81, 0x17, 0x5f, 0xc0, 0x84,
    0x41, 0x01, 0x00, 0x52, 0xa8, 0x58, 0xc1, 0xa2, 0x85, 0x8b, 0x17, 0x2f,
    0x04, 0x1c, 0x20, 0x81, 0xc2, 0x81, 0x8d, 0x1b, 0x38, 0x72, 0xe8, 0xd8,
    0xc1, 0xa3, 0x87, 0x8f, 0x1f, 0x40, 0x82, 0x08, 0x19, 0x42, 0xa4, 0x88,
    0x91, 0x23, 0x48, 0x92, 0x28, 0x59, 0xc2, 0xa4, 0x89, 0x93, 0x27, 0x50,
    0xa2, 0x48, 0x99, 0x42, 0xa5, 0x8a, 0x95, 0x2b, 0x58, 0xb2, 0x38, 0x40,
    0x41, 0xe2, 0x80, 0x00, 0x18, 0x60, 0xc2, 0x88, 0x49, 0x01, 0x00, 0x54,
    0xac, 0x60, 0xd1, 0xc2, 0xc5, 0x0b, 0x18, 0x30, 0x06, 0x20, 0x20, 0x71,
    0xc2, 0xc1, 0x0d, 0x1c, 0x39, 0x74, 0xec, 0xe0, 0xd1, 0xc3, 0xc7, 0x0f,
    0x20, 0x41, 0x84, 0x0c, 0x21, 0x52, 0xc4, 0xc8, 0x11, 0x24, 0x49, 0x94,
    0x2c, 0x61, 0xd2, 0xc4, 0xc9, 0x13, 0x28, 0x51, 0xa4, 0x4c, 0xa1, 0x52,
    0xc5, 0xca, 0x15, 0x2c, 0x59, 0xb4, 0x38, 0x48, 0x41, 0xa2, 0x80, 0x80,
    0x18, 0x61, 0xc4, 0x8c, 0x51, 0x01, 0x00, 0x50, 0xa4, 0x50, 0xb1, 0x82,
    0x45, 0x0b, 0x17, 0x2e, 0x06, 0x14, 0x10, 0x71, 0xc2, 0x41, 0x0d, 0x1b,
    0x37, 0x70, 0xe4, 0xd0, 0xb1, 0x83, 0x47, 0x0f, 0x1f, 0x3f, 0x80, 0x04,
    0x11, 0x32, 0x84, 0x48, 0x11, 0x23, 0x47, 0x90, 0x24, 0x51, 0xb2, 0x84,
    0x49, 0x13, 0x27, 0x4f, 0xa0, 0x44, 0x91, 0x32, 0x85, 0x4a, 0x15, 0x2b,
    0x57, 0xb0, 0x38, 0x38, 0x41, 0xe2, 0x80, 0x80, 0x17, 0x5f, 0xc0, 0x84,
    0x41, 0x01, 0x00, 0x54, 0xac, 0x60, 0xd1, 0xc2, 0xc5, 0x0b, 0x18, 0x30,
    0x04, 0x14, 0x20, 0x91, 0xc2, 0xc1, 0x0d, 0x1c, 0x39, 0x74, 0xec, 0xe0,
    0xd1, 0xc3, 0xc7, 0x0f, 0x20, 0x41, 0x84, 0x0c, 0x21, 0x52, 0xc4, 0xc8,
    0x11, 0x24, 0x49, 0x94, 0x2c, 0x61, 0xd2, 0xc4, 0xc9, 0x13, 0x28, 0x51,
    0xa4, 0x4c, 0xa1, 0x52, 0xc5, 0xca, 0x15, 0x2c, 0x59, 0xb4, 0x38, 0x48,
    0xf1, 0xe1, 0x80, 0x80, 0x18, 0x61, 0xc4, 0x8c, 0x51, 0x01, 0x00, 0x54,
    0xac, 0x60, 0xd1, 0xc2, 0xc5, 0x0b, 0x18, 0x30, 0x08, 0x20, 0x10, 0x91,
    0xc2, 0xc1, 0x0d, 0x1c, 0x39, 0x74, 0xec, 0xe0, 0xd1, 0xc3, 0xc7, 0x0f,
    0x20, 0x41, 0x84, 0x0c, 0x21, 0x52, 0xc4, 0xc8, 0x11, 0x24, 0x49, 0x94,
    0x2c, 0x61, 0xd2, 0xc4, 0xc9, 0x13, 0x28, 0x51, 0xa4, 0x4c, 0xa1, 0x52,
    0xc5, 0xca, 0x15, 0x2c, 0x59, 0xb4, 0x38, 0x30, 0xf1, 0x01, 0x41, 0x80,
    0x18, 0x61, 0xc4, 0x8c, 0x51, 0x01, 0x00, 0x56, 0xb0, 0x68, 0xe1, 0xe2,
    0x05, 0x8c, 0x18, 0x31, 0x08, 0x14, 0xf8, 0x90, 0xc2, 0x01, 0x8e, 0x1c,
    0x3a, 0x76, 0xf0, 0xe8, 0xe1, 0xe3, 0x07, 0x90, 0x20, 0x42, 0x86, 0x10,
    0x29, 0x62, 0xe4, 0x08, 0x92, 0x24, 0x4a, 0x96, 0x30, 0x69, 0xe2, 0xe4,
    0x09, 0x94, 0x28, 0x52, 0xa6, 0x50, 0xa9, 0x62, 0xe5, 0x0a, 0x96, 0x2c,
    0x5a, 0xb6, 0x38, 0x48, 0xa1, 0xa2, 0xc0, 0x00, 0x19, 0x62, 0xc6, 0x90,
    0x59, 0x01, 0x00, 0x52, 0xa8, 0x58, 0xc1, 0xa2, 0x85, 0x8b, 0x17, 0x2f,
    0x06, 0x1c, 0x10, 0x71, 0xc2, 0x81, 0x8d, 0x1b, 0x38, 0x72, 0xe8, 0xd8,
    0xc1, 0xa3, 0x87, 0x8f, 0x1f, 0x40, 0x82, 0x08, 0x19, 0x42, 0xa4, 0x88,
    0x91, 0x23, 0x48, 0x92, 0x28, 0x59, 0xc2, 0xa4, 0x89, 0x93, 0x27, 0x50,
    0xa2, 0x48, 0x99, 0x42, 0xa5, 0x8a, 0x95, 0x2b, 0x58, 0xb2, 0x38, 0x40,
    0x41, 0xa2, 0x40, 0x00, 0x18, 0x60, 0xc2, 0x88, 0x49, 0x01, 0x00, 0x50,
    0xa4, 0x50, 0xb1, 0x82, 0x45, 0x0b, 0x17, 0x2e, 0x02, 0x20, 0x10, 0x61,
    0xc2, 0x41, 0x0d, 0x1b, 0x37, 0x70, 0xe4, 0xd0, 0xb1, 0x83, 0x47, 0x0f,
    0x1f, 0x3f, 0x80, 0x04, 0x11, 0x32, 0x84, 0x48, 0x11, 0x23, 0x47, 0x90,
    0x24, 0x51, 0xb2, 0x84, 0x49, 0x13, 0x27, 0x4f, 0xa0, 0x44, 0x91, 0x32,
    0x85, 0x4a, 0x15, 0x2b, 0x57, 0xb0, 0x38, 0x38, 0x21, 0x02, 0x01, 0x81,
    0x17, 0x5f, 0xc0, 0x84, 0x41, 0x01, 0x00, 0x54, 0xac, 0x60, 0xd1, 0xc2,
    0xc5, 0x0b, 0x18, 0x30, 0x02, 0x20, 0x10, 0x81, 0xc2, 0xc1, 0x0d, 0x1c,
    0x39, 0x74, 0xec, 0xe0, 0xd1, 0xc3, 0xc7, 0x0f, 0x20, 0x41, 0x84, 0x0c,
    0x21, 0x52, 0xc4, 0xc8, 0x11, 0x24, 0x49, 0x94, 0x2c, 0x61, 0xd2, 0xc4,
    0xc9, 0x13, 0x28, 0x51, 0xa4, 0x4c, 0xa1, 0x52, 0xc5, 0xca, 0x15, 0x2c,
    0x59, 0xb4, 0x38, 0x48, 0x21, 0x02, 0x41, 0x80, 0x18, 0x61, 0xc4, 0x8c,
    0x51, 0x01, 0x00, 0x52, 0xa8, 0x58, 0xc1, 0xa2, 0x85, 0x8b, 0x17, 0x2f,
    0x02, 0x20, 0x10, 0x81, 0xc2, 0x81, 0x8d, 0x1b, 0x38, 0x72, 0xe8, 0xd8,
    0xc1, 0xa3, 0x87, 0x8f, 0x1f, 0x40, 0x82, 0x08, 0x19, 0x42, 0xa4, 0x88,
    0x91, 0x23, 0x48, 0x92, 0x28, 0x59, 0xc2, 0xa4, 0x89, 0x93, 0x27, 0x50,
    0xa2, 0x48, 0x99, 0x42, 0xa5, 0x8a, 0x95, 0x2b, 0x58, 0xb2, 0x38, 0x40,
    0xf1, 0x01, 0x81, 0x00, 0x18, 0x60, 0xc2, 0x88, 0x49, 0x01, 0x00, 0x54,
    0xac, 0x60, 0xd1, 0xc2, 0xc5, 0x0b, 0x18, 0x30, 0x02, 0x20, 0x10, 0x71,
    0xc2, 0xc1, 0x0d, 0x1c, 0x39, 0x74, 0xec, 0xe0, 0xd1, 0xc3, 0xc7, 0x0f,
    0x20, 0x41, 0x84, 0x0c, 0x21, 0x52, 0xc4, 0xc8, 0x11, 0x24, 0x49, 0x94,
    0x2c, 0x61, 0xd2, 0xc4, 0xc9, 0x13, 0x28, 0x51, 0xa4, 0x4c, 0xa1, 0x52,
    0xc5, 0xca, 0x15, 0x2c, 0x59, 0xb4, 0x38, 0x48, 0x41, 0xe2, 0x00, 0x81,
    0x18, 0x61, 0xc4, 0x8c, 0x51, 0x01, 0x00, 0x52, 0xa8, 0x58, 0xc1, 0xa2,
    0x85, 0x8b, 0x17, 0x2f, 0x02, 0x1c, 0xf8, 0x80, 0xc2, 0x81, 0x8d, 0x1b,
    0x38, 0x72, 0xe8, 0xd8, 0xc1, 0xa3, 0x87, 0x8f, 0x1f, 0x40, 0x82, 0x08,
    0x19, 0x42, 0xa4, 0x88, 0x91, 0x23, 0x48, 0x92, 0x28, 0x59, 0xc2, 0xa4,
    0x89, 0x93, 0x27, 0x50, 0xa2, 0x48, 0x99, 0x42, 0xa5, 0x8a, 0x95, 0x2b,
    0x58, 0xb2, 0x38, 0x40, 0x21, 0xe2, 0x80, 0x00, 0x18, 0x60, 0xc2, 0x88,
    0x49, 0x01, 0x00, 0x54, 0xac, 0x60, 0xd1, 0xc2, 0xc5, 0x0b, 0x18, 0x30,
    0x06, 0x14, 0x20, 0x61, 0xc2, 0xc1, 0x0d, 0x1c, 0x39, 0x74, 0xec, 0xe0,
    0xd1, 0xc3, 0xc7, 0x0f, 0x20, 0x41, 0x84, 0x0c, 0x21, 0x52, 0xc4, 0xc8,
    0x11, 0x24, 0x49, 0x94, 0x2c, 0x61, 0xd2, 0xc4, 0xc9, 0x13, 0x28, 0x51,
    0xa4, 0x4c, 0xa1, 0x52, 0xc5, 0xca, 0x15, 0x2c, 0x59, 0xb4, 0x38, 0x48,
    0xf1, 0xa1, 0xc0, 0x80, 0x18, 0x61, 0xc4, 0x8c, 0x51, 0x01, 0x00, 0x50,
    0xa4, 0x50, 0xb1, 0x82, 0x45, 0x0b, 0x17, 0x2e, 0x04, 0x14, 0xf8, 0x70,
    0xc2, 0x41, 0x0d, 0x1b, 0x37, 0x70, 0xe4, 0xd0, 0xb1, 0x83, 0x47, 0x0f,
    0x1f, 0x3f, 0x80, 0x04, 0x11, 0x32, 0x84, 0x48, 0x11, 0x23, 0x47, 0x90,
    0x24, 0x51, 0xb2, 0x84, 0x49, 0x13, 0x27, 0x4f, 0xa0, 0x44, 0x91, 0x32,
    0x85, 0x4a, 0x15, 0x2b, 0x57, 0xb0, 0x38, 0x38, 0xf1, 0xe1, 0xc0, 0x80,
    0x17, 0x5f, 0xc0, 0x84, 0x41, 0x01, 0x00, 0x56, 0xb0, 0x68, 0xe1, 0xe2,
    0x05, 0x8c, 0x18, 0x31, 0x06, 0x14, 0x50, 0x91, 0xc2, 0x01, 0x8e, 0x1c,
    0x3a, 0x76, 0xf0, 0xe8, 0xe1, 0xe3, 0x07, 0x90, 0x20, 0x42, 0x86, 0x10,
    0x29, 0x62, 0xe4, 0x08, 0x92, 0x24, 0x4a, 0x96, 0x30, 0x69, 0xe2, 0xe4,
    0x09, 0x94, 0x28, 0x52, 0xa6, 0x50, 0xa9, 0x62, 0xe5, 0x0a, 0x96, 0x2c,
    0x5a, 0xb6, 0x38, 0x30, 0x41, 0x02, 0x41, 0x00, 0x19, 0x62, 0xc6, 0x90,
    0x59, 0x01, 0x00, 0x54, 0xac, 0x60, 0xd1, 0xc2, 0xc5, 0x0b, 0x18, 0x30,
    0x02, 0x1c, 0x10, 0x91, 0xc2, 0xc1, 0x0d, 0x1c, 0x39, 0x74, 0xec, 0xe0,
    0xd1, 0xc3, 0xc7, 0x0f, 0x20, 0x41, 0x84, 0x0c, 0x21, 0x52, 0xc4, 0xc8,
    0x11, 0x24, 0x49, 0x94, 0x2c, 0x61, 0xd2, 0xc4, 0xc9, 0x13, 0x28, 0x51,
    0xa4, 0x4c, 0xa1, 0x52, 0xc5, 0xca, 0x15, 0x2c, 0x59, 0xb4, 0x38, 0x38,
    0x41, 0x02, 0xc1, 0x80, 0x18, 0x61, 0xc4, 0x8c, 0x51, 0x01, 0x00, 0x54,
    0xac, 0x60, 0xd1, 0xc2, 0xc5, 0x0b, 0x18, 0x30, 0x02, 0x1c, 0xf8, 0x70,
    0xc2, 0xc1, 0x0d, 0x1c, 0x39, 0x74, 0xec, 0xe0, 0xd1, 0xc3, 0xc7, 0x0f,
    0x20, 0x41, 0x84, 0x0c, 0x21, 0x52, 0xc4, 0xc8, 0x11, 0x24, 0x49, 0x94,
    0x2c, 0x61, 0xd2, 0xc4, 0xc9, 0x13, 0x28, 0x51, 0xa4, 0x4c, 0xa1, 0x52,
    0xc5, 0xca, 0x15, 0x2c, 0x59, 0xb4, 0x38, 0x48, 0xf1, 0x01, 0x41, 0x80,
    0x18, 0x61, 0xc4, 0x8c, 0x51, 0x01, 0x00, 0x50, 0xa4, 0x50, 0xb1, 0x82,
    0x45, 0x0b, 0x17, 0x2e, 0x04, 0x1c, 0x10, 0x71, 0xc2, 0x41, 0x0d, 0x1b,
    0x37, 0x70, 0xe4, 0xd0, 0xb1, 0x83, 0x47, 0x0f, 0x1f, 0x3f, 0x80, 0x04,
    0x11, 0x32, 0x84, 0x48, 0x11, 0x23, 0x47, 0x90, 0x24, 0x51, 0xb2, 0x84,
    0x49, 0x13, 0x27, 0x4f, 0xa0, 0x44, 0x91, 0x32, 0x85, 0x4a, 0x15, 0x2b,
    0x57, 0xb0, 0x38, 0x38, 0x21, 0x02, 0x81, 0x80, 0x17, 0x5f, 0xc0, 0x84,
    0x41, 0x01, 0x00, 0x56, 0xb0, 0x68, 0xe1, 0xe2, 0x05, 0x8c, 0x18, 0x31,
    0x06, 0x20, 0x50, 0x71, 0xc2, 0x01, 0x8e, 0x1c, 0x3a, 0x76, 0xf0, 0xe8,
    0xe1, 0xe3, 0x07, 0x90, 0x20, 0x42, 0x86, 0x10, 0x29, 0x62, 0xe4, 0x08,
    0x92, 0x24, 0x4a, 0x96, 0x30, 0x69, 0xe2, 0xe4, 0x09, 0x94, 0x28, 0x52,
    0xa6, 0x50, 0xa9, 0x62, 0xe5, 0x0a, 0x96, 0x2c, 0x5a, 0xb6, 0x38, 0x48,
    0x41, 0xa2, 0xc0, 0x00, 0x19, 0x62, 0xc6, 0x90, 0x59, 0x01, 0x00, 0x54,
    0xac, 0x60, 0xd1, 0xc2, 0xc5, 0x0b, 0x18, 0x30, 0x02, 0x14, 0xf8, 0x70,
    0xc2, 0xc1, 0x0d, 0x1c, 0x39, 0x74, 0xec, 0xe0, 0xd1, 0xc3, 0xc7, 0x0f,
    0x20, 0x41, 0x84, 0x0c, 0x21, 0x52, 0xc4, 0xc8, 0x11, 0x24, 0x49, 0x94,
    0x2c, 0x61, 0xd2, 0xc4, 0xc9, 0x13, 0x28, 0x51, 0xa4, 0x4c, 0xa1, 0x52,
    0xc5, 0xca, 0x15, 0x2c, 0x59, 0xb4, 0x38, 0x48, 0xf1, 0xe1, 0x40, 0x80,
    0x18, 0x61, 0xc4, 0x8c, 0x51, 0x01, 0x00, 0x54, 0xac, 0x60, 0xd1, 0xc2,
    0xc5, 0x0b, 0x18, 0x30, 0x06, 0x1c, 0x20, 0x91, 0xc2, 0xc1, 0x0d, 0x1c,
    0x39, 0x74, 0xec, 0xe0, 0xd1, 0xc3, 0xc7, 0x0f, 0x20, 0x41, 0x84, 0x0c,
    0x21, 0x52, 0xc4, 0xc8, 0x11, 0x24, 0x49, 0x94, 0x2c, 0x61, 0xd2, 0xc4,
    0xc9, 0x13, 0x28, 0x51, 0xa4, 0x4c, 0xa1, 0x52, 0xc5, 0xca, 0x15, 0x2c,
    0x59, 0xb4, 0x38, 0x38, 0x21, 0x02, 0x81, 0x80, 0x18, 0x61, 0xc4, 0x8c,
    0x51, 0x01, 0x00, 0x54, 0xac, 0x60, 0xd1, 0xc2, 0xc5, 0x0b, 0x18, 0x30,
    0x08, 0x1c, 0x10, 0x71, 0xc2, 0xc1, 0x0d, 0x1c, 0x39, 0x74, 0xec, 0xe0,
    0xd1, 0xc3, 0xc7, 0x0f, 0x20, 0x41, 0x84, 0x0c, 0x21, 0x52, 0xc4, 0xc8,
    0x11, 0x24, 0x49, 0x94, 0x2c, 0x61, 0xd2, 0xc4, 0xc9, 0x13, 0x28, 0x51,
    0xa4, 0x4c, 0xa1, 0x52, 0xc5, 0xca, 0x15, 0x2c, 0x59, 0xb4, 0x38, 0x48,
    0xf1, 0x01, 0x81, 0x80, 0x18, 0x61, 0xc4, 0x8c, 0x51, 0x01, 0x00, 0x54,
    0xac, 0x60, 0xd1, 0xc2, 0xc5, 0x0b, 0x18, 0x30, 0x06, 0x1c, 0x20, 0x71,
    0xc2, 0xc1, 0x0d, 0x1c, 0x39, 0x74, 0xec, 0xe0, 0xd1, 0xc3, 0xc7, 0x0f,
    0x20, 0x41, 0x84, 0x0c, 0x21, 0x52, 0xc4, 0xc8, 0x11, 0x24, 0x49, 0x94,
    0x2c, 0x61, 0xd2, 0xc4, 0xc9, 0x13, 0x28, 0x51, 0xa4, 0x4c, 0xa1, 0x52,
    0xc5, 0xca, 0x15, 0x2c, 0x59, 0xb4, 0x38, 0x48, 0xf1, 0x01, 0x41, 0x80,
    0x18, 0x61, 0xc4, 0x8c, 0x51, 0x01, 0x00, 0x54, 0xac, 0x60, 0xd1, 0xc2,
    0xc5, 0x0b, 0x18, 0x30, 0x06, 0x20, 0xf8, 0x90, 0xc2, 0xc1, 0x0d, 0x1c,
    0x39, 0x74, 0xec, 0xe0, 0xd1, 0xc3, 0xc7, 0x0f, 0x20, 0x41, 0x84, 0x0c,
    0x21, 0x52, 0xc4, 0xc8, 0x11, 0x24, 0x49, 0x94, 0x2c, 0x61, 0xd2, 0xc4,
    0xc9, 0x13, 0x28, 0x51, 0xa4, 0x4c, 0xa1, 0x52, 0xc5, 0xca, 0x15, 0x2c,
    0x59, 0xb4, 0x38, 0x48, 0x41, 0x02, 0x81, 0x80, 0x18, 0x61, 0xc4, 0x8c,
    0x51, 0x01, 0x00, 0x54, 0xac, 0x60, 0xd1, 0xc2, 0xc5, 0x0b, 0x18, 0x30,
    0x04, 0x20, 0xf8, 0x90, 0xc2, 0xc1, 0x0d, 0x1c, 0x39, 0x74, 0xec, 0xe0,
    0xd1, 0xc3, 0xc7, 0x0f, 0x20, 0x41, 0x84, 0x0c, 0x21, 0x52, 0xc4, 0xc8,
    0x11, 0x24, 0x49, 0x94, 0x2c, 0x61, 0xd2, 0xc4, 0xc9, 0x13, 0x28, 0x51,
    0xa4, 0x4c, 0xa1, 0x52, 0xc5, 0xca, 0x15, 0x2c, 0x59, 0xb4, 0x38, 0x48,
    0x41, 0x02, 0x41, 0x80, 0x18, 0x61, 0xc4, 0x8c, 0x51, 0x01, 0x00, 0x50,
    0xa4, 0x50, 0xb1, 0x82, 0x45, 0x0b, 0x17, 0x2e, 0x02, 0x20, 0xf8, 0x70,
    0xc2, 0x41, 0x0d, 0x1b, 0x37, 0x70, 0xe4, 0xd0, 0xb1, 0x83, 0x47, 0x0f,
    0x1f, 0x3f, 0x80, 0x04, 0x11, 0x32, 0x84, 0x48, 0x11, 0x23, 0x47, 0x90,
    0x24, 0x51, 0xb2, 0x84, 0x49, 0x13, 0x27, 0x4f, 0xa0, 0x44, 0x91, 0x32,
    0x85, 0x4a, 0x15, 0x2b, 0x57, 0xb0, 0x38, 0x38, 0x41, 0x02, 0x41, 0x80,
    0x17, 0x5f, 0xc0, 0x84, 0x41, 0x01, 0x00, 0x52, 0xa8, 0x58, 0xc1, 0xa2,
    0x85, 0x8b, 0x17, 0x2f, 0x06, 0x20, 0x20, 0x81, 0xc2, 0x81, 0x8d, 0x1b,
    0x38, 0x72, 0xe8, 0xd8, 0xc1, 0xa3, 0x87, 0x8f, 0x1f, 0x40, 0x82, 0x08,
    0x19, 0x42, 0xa4, 0x88, 0x91, 0x23, 0x48, 0x92, 0x28, 0x59, 0xc2, 0xa4,
    0x89, 0x93, 0x27, 0x50, 0xa2, 0x48, 0x99, 0x42, 0xa5, 0x8a, 0x95, 0x2b,
    0x58, 0xb2, 0x38, 0x38, 0xf1, 0x01, 0x81, 0x00, 0x18, 0x60, 0xc2, 0x88,
    0x49, 0x01, 0x00, 0x52, 0xa8, 0x58, 0xc1, 0xa2, 0x85, 0x8b, 0x17, 0x2f,
    0x02, 0x1c, 0xf8, 0x60, 0xc2, 0x81, 0x8d, 0x1b, 0x38, 0x72, 0xe8, 0xd8,
    0xc1, 0xa3, 0x87, 0x8f, 0x1f, 0x40, 0x82, 0x08, 0x19, 0x42, 0xa4, 0x88,
    0x91, 0x23, 0x48, 0x92, 0x28, 0x59, 0xc2, 0xa4, 0x89, 0x93, 0x27, 0x50,
    0xa2, 0x48, 0x99, 0x42, 0xa5, 0x8a, 0x95, 0x2b, 0x58, 0xb2, 0x38, 0x40,
    0x21, 0x02, 0xc1, 0x00, 0x18, 0x60, 0xc2, 0x88, 0x49, 0x01, 0x00, 0x52,
    0xa8, 0x58, 0xc1, 0xa2, 0x85, 0x8b, 0x17, 0x2f, 0x02, 0x1c, 0xf8, 0x80,
    0xc2, 0x81, 0x8d, 0x1b, 0x38, 0x72, 0xe8, 0xd8, 0xc1, 0xa3, 0x87, 0x8f,
    0x1f, 0x40, 0x82, 0x08, 0x19, 0x42, 0xa4, 0x88, 0x91, 0x23, 0x48, 0x92,
    0x28, 0x59, 0xc2, 0xa4, 0x89, 0x93, 0x27, 0x50, 0xa2, 0x48, 0x99, 0x42,
    0xa5, 0x8a, 0x95, 0x2b, 0x58, 0xb2, 0x38, 0x38, 0x21, 0xe2, 0x80, 0x00,
    0x18, 0x60, 0xc2, 0x88, 0x49, 0x01, 0x00, 0x54, 0xac, 0x60, 0xd1, 0xc2,
    0xc5, 0x0b, 0x18, 0x30, 0x06, 0x14, 0x20, 0x91, 0xc2, 0xc1, 0x0d, 0x1c,
    0x39, 0x74, 0xec, 0xe0, 0xd1, 0xc3, 0xc7, 0x0f, 0x20, 0x41, 0x84, 0x0c,
    0x21, 0x52, 0xc4, 0xc8, 0x11, 0x24, 0x49, 0x94, 0x2c, 0x61, 0xd2, 0xc4,
    0xc9, 0x13, 0x28, 0x51, 0xa4, 0x4c, 0xa1, 0x52, 0xc5, 0xca, 0x15, 0x2c,
    0x59, 0xb4, 0x38, 0x48, 0xf1, 0xa1, 0x80, 0x80, 0x18, 0x61, 0xc4, 0x8c,
    0x51, 0x01, 0x00, 0x54, 0xac, 0x60, 0xd1, 0xc2, 0xc5, 0x0b, 0x18, 0x30,
    0x08, 0x14, 0x20, 0x91, 0xc2, 0xc1, 0x0d, 0x1c, 0x39, 0x74, 0xec, 0xe0,
    0xd1, 0xc3, 0xc7, 0x0f, 0x20, 0x41, 0x84, 0x0c, 0x21, 0x52, 0xc4, 0xc8,
    0x11, 0x24, 0x49, 0x94, 0x2c, 0x61, 0xd2, 0xc4, 0xc9, 0x13, 0x28, 0x51,
    0xa4, 0x4c, 0xa1, 0x52, 0xc5, 0xca, 0x15, 0x2c, 0x59, 0xb4, 0x38, 0x48,
    0xf1, 0x01, 0x41, 0x80, 0x18, 0x61, 0xc4, 0x8c, 0x51, 0x01, 0x00, 0x50,
    0xa4, 0x50, 0xb1, 0x82, 0x45, 0x0b, 0x17, 0x2e, 0x02, 0x14, 0x20, 0x71,
    0xc2, 0x41, 0x0d, 0x1b, 0x37, 0x70, 0xe4, 0xd0, 0xb1, 0x83, 0x47, 0x0f,
    0x1f, 0x3f, 0x80, 0x04, 0x11, 0x32, 0x84, 0x48, 0x11, 0x23, 0x47, 0x90,
    0x24, 0x51, 0xb2, 0x84, 0x49, 0x13, 0x27, 0x4f, 0xa0, 0x44, 0x91, 0x32,
    0x85, 0x4a, 0x15, 0x2b, 0x57, 0xb0, 0x38, 0x30, 0xf1, 0xa1, 0x80, 0x80,
    0x17, 0x5f, 0xc0, 0x84, 0x41, 0x01, 0x00, 0x56, 0xb0, 0x68, 0xe1, 0xe2,
    0x05, 0x8c, 0x18, 0x31, 0x04, 0x20, 0x10, 0x71, 0xc2, 0x01, 0x8e, 0x1c,
    0x3a, 0x76, 0xf0, 0xe8, 0xe1, 0xe3, 0x07, 0x90, 0x20, 0x42, 0x86, 0x10,
    0x29, 0x62, 0xe4, 0x08, 0x92, 0x24, 0x4a, 0x96, 0x30, 0x69, 0xe2, 0xe4,
    0x09, 0x94, 0x28, 0x52, 0xa6, 0x50, 0xa9, 0x62, 0xe5, 0x0a, 0x96, 0x2c,
    0x5a, 0xb6, 0x38, 0x48, 0xa1, 0x02, 0xc1, 0x00, 0x19, 0x62, 0xc6, 0x90,
    0x59, 0x01, 0x00, 0x52, 0xa8, 0x58, 0xc1, 0xa2, 0x85, 0x8b, 0x17, 0x2f,
    0x06, 0x1c, 0x20, 0x81, 0xc2, 0x81, 0x8d, 0x1b, 0x38, 0x72, 0xe8, 0xd8,
    0xc1, 0xa3, 0x87, 0x8f, 0x1f, 0x40, 0x82, 0x08, 0x19, 0x42, 0xa4, 0x88,
    0x91, 0x23, 0x48, 0x92, 0x28, 0x59, 0xc2, 0xa4, 0x89, 0x93, 0x27, 0x50,
    0xa2, 0x48, 0x99, 0x42, 0xa5, 0x8a, 0x95, 0x2b, 0x58, 0xb2, 0x38, 0x38,
    0x41, 0xe2, 0xc0, 0x00, 0x18, 0x60, 0xc2, 0x88, 0x49, 0x01, 0x00, 0x54,
    0xac, 0x60, 0xd1, 0xc2, 0xc5, 0x0b, 0x18, 0x30, 0x02, 0x14, 0x10, 0x71,
    0xc2, 0xc1, 0x0d, 0x1c, 0x39, 0x74, 0xec, 0xe0, 0xd1, 0xc3, 0xc7, 0x0f,
    0x20, 0x41, 0x84, 0x0c, 0x21, 0x52, 0xc4, 0xc8, 0x11, 0x24, 0x49, 0x94,
    0x2c, 0x61, 0xd2, 0xc4, 0xc9, 0x13, 0x28, 0x51, 0xa4, 0x4c, 0xa1, 0x52,
    0xc5, 0xca, 0x15, 0x2c, 0x59, 0xb4, 0x38, 0x48, 0x21, 0xe2, 0xc0, 0x80,
    0x18, 0x61, 0xc4, 0x8c, 0x51, 0x01, 0x00, 0x56, 0xb0, 0x68, 0xe1, 0xe2,
    0x05, 0x8c, 0x18, 0x31, 0x06, 0x20, 0x10, 0x91, 0xc2, 0x01, 0x8e, 0x1c,
    0x3a, 0x76, 0xf0, 0xe8, 0xe1, 0xe3, 0x07, 0x90, 0x20, 0x42, 0x86, 0x10,
    0x29, 0x62, 0xe4, 0x08, 0x92, 0x24, 0x4a, 0x96, 0x30, 0x69, 0xe2, 0xe4,
    0x09, 0x94, 0x28, 0x52, 0xa6, 0x50, 0xa9, 0x62, 0xe5, 0x0a, 0x96, 0x2c,
    0x5a, 0xb6, 0x38, 0x48, 0xa1, 0xa2, 0x00, 0x01, 0x19, 0x62, 0xc6, 0x90,
    0x59, 0x01, 0x00, 0x54, 0xac, 0x60, 0xd1, 0xc2, 0xc5, 0x0b, 0x18, 0x30,
    0x02, 0x20, 0xf8, 0x70, 0xc2, 0xc1, 0x0d, 0x1c, 0x39, 0x74, 0xec, 0xe0,
    0xd1, 0xc3, 0xc7, 0x0f, 0x20, 0x41, 0x84, 0x0c, 0x21, 0x52, 0xc4, 0xc8,
    0x11, 0x24, 0x49, 0x94, 0x2c, 0x61, 0xd2, 0xc4, 0xc9, 0x13, 0x28, 0x51,
    0xa4, 0x4c, 0xa1, 0x52, 0xc5, 0xca, 0x15, 0x2c, 0x59, 0xb4, 0x38, 0x48,
    0x21, 0x02, 0x81, 0x80, 0x18, 0x61, 0xc4, 0x8c, 0x51, 0x01, 0x00, 0x50,
    0xa4, 0x50, 0xb1, 0x82, 0x45, 0x0b, 0x17, 0x2e, 0x04, 0x14, 0xf8, 0x70,
    0xc2, 0x41, 0x0d, 0x1b, 0x37, 0x70, 0xe4, 0xd0, 0xb1, 0x83, 0x47, 0x0f,
    0x1f, 0x3f, 0x80, 0x04, 0x11, 0x32, 0x84, 0x48, 0x11, 0x23, 0x47, 0x90,
    0x24, 0x51, 0xb2, 0x84, 0x49, 0x13, 0x27, 0x4f, 0xa0, 0x44, 0x91, 0x32,
    0x85, 0x4a, 0x15, 0x2b, 0x57, 0xb0, 0x38, 0x38, 0x21, 0x02, 0xc1, 0x80,
    0x17, 0x5f, 0xc0, 0x84, 0x41, 0x01, 0x00, 0x54, 0xac, 0x60, 0xd1, 0xc2,
    0xc5, 0x0b, 0x18, 0x30, 0x08, 0x20, 0xf8, 0x90, 0xc2, 0xc1, 0x0d, 0x1c,
    0x39, 0x74, 0xec, 0xe0, 0xd1, 0xc3, 0xc7, 0x0f, 0x20, 0x41, 0x84, 0x0c,
    0x21, 0x52, 0xc4, 0xc8, 0x11, 0x24, 0x49, 0x94, 0x2c, 0x61, 0xd2, 0xc4,
    0xc9, 0x13, 0x28, 0x51, 0xa4, 0x4c, 0xa1, 0x52, 0xc5, 0xca, 0x15, 0x2c,
    0x59, 0xb4, 0x38, 0x38, 0x41, 0x02, 0x41, 0x80, 0x18, 0x61, 0xc4, 0x8c,
    0x51, 0x01, 0x00, 0x52, 0xa8, 0x58, 0xc1, 0xa2, 0x85, 0x8b, 0x17, 0x2f,
    0x02, 0x1c, 0xf8, 0x80, 0xc2, 0x81, 0x8d, 0x1b, 0x38, 0x72, 0xe8, 0xd8,
    0xc1, 0xa3, 0x87, 0x8f, 0x1f, 0x40, 0x82, 0x08, 0x19, 0x42, 0xa4, 0x88,
    0x91, 0x23, 0x48, 0x92, 0x28, 0x59, 0xc2, 0xa4, 0x89, 0x93, 0x27, 0x50,
    0xa2, 0x48, 0x99, 0x42, 0xa5, 0x8a, 0x95, 0x2b, 0x58, 0xb2, 0x38, 0x38,
    0x41, 0xa2, 0x80, 0x00, 0x18, 0x60, 0xc2, 0x88, 0x49, 0x01, 0x00, 0x54,
    0xac, 0x60, 0xd1, 0xc2, 0xc5, 0x0b, 0x18, 0x30, 0x02, 0x20, 0xf8, 0x90,
    0xc2, 0xc1, 0x0d, 0x1c, 0x39, 0x74, 0xec, 0xe0, 0xd1, 0xc3, 0xc7, 0x0f,
    0x20, 0x41, 0x84, 0x0c, 0x21, 0x52, 0xc4, 0xc8, 0x11, 0x24, 0x49, 0x94,
    0x2c, 0x61, 0xd2, 0xc4, 0xc9, 0x13, 0x28, 0x51, 0xa4, 0x4c, 0xa1, 0x52,
    0xc5, 0xca, 0x15, 0x2c, 0x59, 0xb4, 0x38, 0x40, 0xf1, 0xa1, 0x80, 0x80,
    0x18, 0x61, 0xc4, 0x8c, 0x51, 0x01, 0x00, 0x52, 0xa8, 0x58, 0xc1, 0xa2,
    0x85, 0x8b, 0x17, 0x2f, 0x06, 0x1c, 0xf8, 0x70, 0xc2, 0x81, 0x8d, 0x1b,
    0x38, 0x72, 0xe8, 0xd8, 0xc1, 0xa3, 0x87, 0x8f, 0x1f, 0x40, 0x82, 0x08,
    0x19, 0x42, 0xa4, 0x88, 0x91, 0x23, 0x48, 0x92, 0x28, 0x59, 0xc2, 0xa4,
    0x89, 0x93, 0x27, 0x50, 0xa2, 0x48, 0x99, 0x42, 0xa5, 0x8a, 0x95, 0x2b,
    0x58, 0xb2, 0x38, 0x40, 0x21, 0xa2, 0x80, 0x00, 0x18, 0x60, 0xc2, 0x88,
    0x49, 0x01, 0x00, 0x54, 0xac, 0x60, 0xd1, 0xc2, 0xc5, 0x0b, 0x18, 0x30,
    0x02, 0x20, 0x10, 0x71, 0xc2, 0xc1, 0x0d, 0x1c, 0x39, 0x74, 0xec, 0xe0,
    0xd1, 0xc3, 0xc7, 0x0f, 0x20, 0x41, 0x84, 0x0c, 0x21, 0x52, 0xc4, 0xc8,
    0x11, 0x24, 0x49, 0x94, 0x2c, 0x61, 0xd2, 0xc4, 0xc9, 0x13, 0x28, 0x51,
    0xa4, 0x4c, 0xa1, 0x52, 0xc5, 0xca, 0x15, 0x2c, 0x59, 0xb4, 0x38, 0x48,
    0x41, 0xe2, 0xc0, 0x80, 0x18, 0x61, 0xc4, 0x8c, 0x51, 0x01, 0x00, 0x54,
    0xac, 0x60, 0xd1, 0xc2, 0xc5, 0x0b, 0x18, 0x30, 0x04, 0x14, 0x10, 0x91,
    0xc2, 0xc1, 0x0d, 0x1c, 0x39, 0x74, 0xec, 0xe0, 0xd1, 0xc3, 0xc7, 0x0f,
    0x20, 0x41, 0x84, 0x0c, 0x21, 0x52, 0xc4, 0xc8, 0x11, 0x24, 0x49, 0x94,
    0x2c, 0x61, 0xd2, 0xc4, 0xc9, 0x13, 0x28, 0x51, 0xa4, 0x4c, 0xa1, 0x52,
    0xc5, 0xca, 0x15, 0x2c, 0x59, 0xb4, 0x38, 0x48, 0xf1, 0x01, 0xc1, 0x80,
    0x18, 0x61, 0xc4, 0x8c, 0x51, 0x01, 0x00, 0x54, 0xac, 0x60, 0xd1, 0xc2,
    0xc5, 0x0b, 0x18, 0x30, 0x08, 0x20, 0x20, 0x91, 0xc2, 0xc1, 0x0d, 0x1c,
    0x39, 0x74, 0xec, 0xe0, 0xd1, 0xc3, 0xc7, 0x0f, 0x20, 0x41, 0x84, 0x0c,
    0x21, 0x52, 0xc4, 0xc8, 0x11, 0x24, 0x49, 0x94, 0x2c, 0x61, 0xd2, 0xc4,
    0xc9, 0x13, 0x28, 0x51, 0xa4, 0x4c, 0xa1, 0x52, 0xc5, 0xca, 0x15, 0x2c,
    0x59, 0xb4, 0x38, 0x38, 0xf1, 0xe1, 0x40, 0x80, 0x18, 0x61, 0xc4, 0x8c,
    0x51, 0x01, 0x00, 0x56, 0xb0, 0x68, 0xe1, 0xe2, 0x05, 0x8c, 0x18, 0x31,
    0x08, 0x1c, 0x50, 0x71, 0xc2, 0x01, 0x8e, 0x1c, 0x3a, 0x76, 0xf0, 0xe8,
    0xe1, 0xe3, 0x07, 0x90, 0x20, 0x42, 0x86, 0x10, 0x29, 0x62, 0xe4, 0x08,
    0x92, 0x24, 0x4a, 0x96, 0x30, 0x69, 0xe2, 0xe4, 0x09, 0x94, 0x28, 0x52,
    0xa6, 0x50, 0xa9, 0x62, 0xe5, 0x0a, 0x96, 0x2c, 0x5a, 0xb6, 0x38, 0x48,
    0x21, 0x02, 0xc1, 0x00, 0x19, 0x62, 0xc6, 0x90, 0x59, 0x01, 0x00, 0x50,
    0xa4, 0x50, 0xb1, 0x82, 0x45, 0x0b, 0x17, 0x2e, 0x06, 0x20, 0x20, 0x71,
    0xc2, 0x41, 0x0d, 0x1b, 0x37, 0x70, 0xe4, 0xd0, 0xb1, 0x83, 0x47, 0x0f,
    0x1f, 0x3f, 0x80, 0x04, 0x11, 0x32, 0x84, 0x48, 0x11, 0x23, 0x47, 0x90,
    0x24, 0x51, 0xb2, 0x84, 0x49, 0x13, 0x27, 0x4f, 0xa0, 0x44, 0x91, 0x32,
    0x85, 0x4a, 0x15, 0x2b, 0x57, 0xb0, 0x38, 0x38, 0x41, 0xe2, 0x80, 0x80,
    0x17, 0x5f, 0xc0, 0x84, 0x41, 0x01, 0x00, 0x52, 0xa8, 0x58, 0xc1, 0xa2,
    0x85, 0x8b, 0x17, 0x2f, 0x02, 0x1c, 0xf8, 0x80, 0xc2, 0x81, 0x8d, 0x1b,
    0x38, 0x72, 0xe8, 0xd8, 0xc1, 0xa3, 0x87, 0x8f, 0x1f, 0x40, 0x82, 0x08,
    0x19, 0x42, 0xa4, 0x88, 0x91, 0x23, 0x48, 0x92, 0x28, 0x59, 0xc2, 0xa4,
    0x89, 0x93, 0x27, 0x50, 0xa2, 0x48, 0x99, 0x42, 0xa5, 0x8a, 0x95, 0x2b,
    0x58, 0xb2, 0x38, 0x38, 0xf1, 0xe1, 0x40, 0x00, 0x18, 0x60, 0xc2, 0x88,
    0x49, 0x01, 0x00, 0x54, 0xac, 0x60, 0xd1, 0xc2, 0xc5, 0x0b, 0x18, 0x30,
    0x08, 0x14, 0x10, 0x71, 0xc2, 0xc1, 0x0d, 0x1c, 0x39, 0x74, 0xec, 0xe0,
    0xd1, 0xc3, 0xc7, 0x0f, 0x20, 0x41, 0x84, 0x0c, 0x21, 0x52, 0xc4, 0xc8,
    0x11, 0x24, 0x49, 0x94, 0x2c, 0x61, 0xd2, 0xc4, 0xc9, 0x13, 0x28, 0x51,
    0xa4, 0x4c, 0xa1, 0x52, 0xc5, 0xca, 0x15, 0x2c, 0x59, 0xb4, 0x38, 0x48,
    0x41, 0x02, 0x41, 0x80, 0x18, 0x61, 0xc4, 0x8c, 0x51, 0x01, 0x00, 0x54,
    0xac, 0x60, 0xd1, 0xc2, 0xc5, 0x0b, 0x18, 0x30, 0x06, 0x20, 0x20, 0x91,
    0xc2, 0xc1, 0x0d, 0x1c, 0x39, 0x74, 0xec, 0xe0, 0xd1, 0xc3, 0xc7, 0x0f,
    0x20, 0x41, 0x84, 0x0c, 0x21, 0x52, 0xc4, 0xc8, 0x11, 0x24, 0x49, 0x94,
    0x2c, 0x61, 0xd2, 0xc4, 0xc9, 0x13, 0x28, 0x51, 0xa4, 0x4c, 0xa1, 0x52,
    0xc5, 0xca, 0x15, 0x2c, 0x59, 0xb4, 0x38, 0x40, 0xf1, 0xe1, 0x80, 0x80,
    0x18, 0x61, 0xc4, 0x8c, 0x51, 0x01, 0x00, 0x54, 0xac, 0x60, 0xd1, 0xc2,
    0xc5, 0x0b, 0x18, 0x30, 0x06, 0x20, 0x20, 0x91, 0xc2, 0xc1, 0x0d, 0x1c,
    0x39, 0x74, 0xec, 0xe0, 0xd1, 0xc3, 0xc7, 0x0f, 0x20, 0x41, 0x84, 0x0c,
    0x21, 0x52, 0xc4, 0xc8, 0x11, 0x24, 0x49, 0x94, 0x2c, 0x61, 0xd2, 0xc4,
    0xc9, 0x13, 0x28, 0x51, 0xa4, 0x4c, 0xa1, 0x52, 0xc5, 0xca, 0x15, 0x2c,
    0x59, 0xb4, 0x38, 0x38, 0x41, 0xe2, 0xc0, 0x80, 0x18, 0x61, 0xc4, 0x8c,
    0x51, 0x01, 0x00, 0x50, 0xa4, 0x50, 0xb1, 0x82, 0x45, 0x0b, 0x17, 0x2e,
    0x02, 0x14, 0x20, 0x71, 0xc2, 0x41, 0x0d, 0x1b, 0x37, 0x70, 0xe4, 0xd0,
    0xb1, 0x83, 0x47, 0x0f, 0x1f, 0x3f, 0x80, 0x04, 0x11, 0x32, 0x84, 0x48,
    0x11, 0x23, 0x47, 0x90, 0x24, 0x51, 0xb2, 0x84, 0x49, 0x13, 0x27, 0x4f,
    0xa0, 0x44, 0x91, 0x32, 0x85, 0x4a, 0x15, 0x2b, 0x57, 0xb0, 0x38, 0x38,
    0xf1, 0xe1, 0x40, 0x80, 0x17, 0x5f, 0xc0, 0x84, 0x41, 0x01, 0x00, 0x50,
    0xa4, 0x50, 0xb1, 0x82, 0x45, 0x0b, 0x17, 0x2e, 0x06, 0x14, 0x20, 0x71,
    0xc2, 0x41, 0x0d, 0x1b, 0x37, 0x70, 0xe4, 0xd0, 0xb1, 0x83, 0x47, 0x0f,
    0x1f, 0x3f, 0x80, 0x04, 0x11, 0x32, 0x84, 0x48, 0x11, 0x23, 0x47, 0x90,
    0x24, 0x51, 0xb2, 0x84, 0x49, 0x13, 0x27, 0x4f, 0xa0, 0x44, 0x91, 0x32,
    0x85, 0x4a, 0x15, 0x2b, 0x57, 0xb0, 0x38, 0x38, 0x41, 0xa2, 0xc0, 0x80,
    0x17, 0x5f, 0xc0, 0x84, 0x41, 0x01, 0x00, 0x52, 0xa8, 0x58, 0xc1, 0xa2,
    0x85, 0x8b, 0x17, 0x2f, 0x02, 0x14, 0xf8, 0x70, 0xc2, 0x81, 0x8d, 0x1b,
    0x38, 0x72, 0xe8, 0xd8, 0xc1, 0xa3, 0x87, 0x8f, 0x1f, 0x40, 0x82, 0x08,
    0x19, 0x42, 0xa4, 0x88, 0x91, 0x23, 0x48, 0x92, 0x28, 0x59, 0xc2, 0xa4,
    0x89, 0x93, 0x27, 0x50, 0xa2, 0x48, 0x99, 0x42, 0xa5, 0x8a, 0x95, 0x2b,
    0x58, 0xb2, 0x38, 0x40, 0x21, 0xa2, 0xc0, 0x00, 0x18, 0x60, 0xc2, 0x88,
    0x49, 0x01, 0x00, 0x4e, 0xa0, 0x48, 0xa1, 0x62, 0x05, 0x8b, 0x16, 0x2d,
    0x02, 0x24, 0xf8, 0x60, 0xc2, 0x01, 0x8d, 0x1a, 0x36, 0x6e, 0xe0, 0xc8,
    0xa1, 0x63, 0x07, 0x8f, 0x1e, 0x3e, 0x7e, 0x00, 0x09, 0x22, 0x64, 0x08,
    0x91, 0x22, 0x46, 0x8e, 0x20, 0x49, 0xa2, 0x64, 0x09, 0x93, 0x26, 0x4e,
    0x9e, 0x40, 0x89, 0x22, 0x65, 0x0a, 0x95, 0x2a, 0x56, 0xae, 0x38, 0x30,
    0x41, 0x02, 0x81, 0x00, 0x17, 0x5e, 0xbe, 0x80, 0x39, 0x01, 0x00, 0x54,
    0xac, 0x60, 0xd1, 0xc2, 0xc5, 0x0b, 0x18, 0x30, 0x08, 0x14, 0xf8, 0x90,
    0xc2, 0xc1, 0x0d, 0x1c, 0x39, 0x74, 0xec, 0xe0, 0xd1, 0xc3, 0xc7, 0x0f,
    0x20, 0x41, 0x84, 0x0c, 0x21, 0x52, 0xc4, 0xc8, 0x11, 0x24, 0x49, 0x94,
    0x2c, 0x61, 0xd2, 0xc4, 0xc9, 0x13, 0x28, 0x51, 0xa4, 0x4c, 0xa1, 0x52,
    0xc5, 0xca, 0x15, 0x2c, 0x59, 0xb4, 0x38, 0x38, 0xf1, 0xa1, 0x80, 0x80,
    0x18, 0x61, 0xc4, 0x8c, 0x51, 0x01, 0x00, 0x52, 0xa8, 0x58, 0xc1, 0xa2,
    0x85, 0x8b, 0x17, 0x2f, 0x06, 0x20, 0xf8, 0x80, 0xc2, 0x81, 0x8d, 0x1b,
    0x38, 0x72, 0xe8, 0xd8, 0xc1, 0xa3, 0x87, 0x8f, 0x1f, 0x40, 0x82, 0x08,
    0x19, 0x42, 0xa4, 0x88, 0x91, 0x23, 0x48, 0x92, 0x28, 0x59, 0xc2, 0xa4,
    0x89, 0x93, 0x27, 0x50, 0xa2, 0x48, 0x99, 0x42, 0xa5, 0x8a, 0x95, 0x2b,
    0x58, 0xb2, 0x38, 0x38, 0xf1, 0x01, 0x41, 0x00, 0x18, 0x60, 0xc2, 0x88,
    0x49, 0x01, 0x00, 0x54, 0xac, 0x60, 0xd1, 0xc2, 0xc5, 0x0b, 0x18, 0x30,
    0x06, 0x14, 0x20, 0x91, 0xc2, 0xc1, 0x0d, 0x1c, 0x39, 0x74, 0xec, 0xe0,
    0xd1, 0xc3, 0xc7, 0x0f, 0x20, 0x41, 0x84, 0x0c, 0x21, 0x52, 0xc4, 0xc8,
    0x11, 0x24, 0x49, 0x94, 0x2c, 0x61, 0xd2, 0xc4, 0xc9, 0x13, 0x28, 0x51,
    0xa4, 0x4c, 0xa1, 0x52, 0xc5, 0xca, 0x15, 0x2c, 0x59, 0xb4, 0x38, 0x30,
    0x21, 0xa2, 0x40, 0x80, 0x18, 0x61, 0xc4, 0x8c, 0x51, 0x01, 0x00, 0x54,
    0xac, 0x60, 0xd1, 0xc2, 0xc5, 0x0b, 0x18, 0x30, 0x04, 0x1c, 0xf8, 0x90,
    0xc2, 0xc1, 0x0d, 0x1c, 0x39, 0x74, 0xec, 0xe0, 0xd1, 0xc3, 0xc7, 0x0f,
    0x20, 0x41, 0x84, 0x0c, 0x21, 0x52, 0xc4, 0xc8, 0x11, 0x24, 0x49, 0x94,
    0x2c, 0x61, 0xd2, 0xc4, 0xc9, 0x13, 0x28, 0x51, 0xa4, 0x4c, 0xa1, 0x52,
    0xc5, 0xca, 0x15, 0x2c, 0x59, 0xb4, 0x38, 0x40, 0x41, 0xa2, 0x40, 0x80,
    0x18, 0x61, 0xc4, 0x8c, 0x51, 0x01, 0x00, 0x54, 0xac, 0x60, 0xd1, 0xc2,
    0xc5, 0x0b, 0x18, 0x30, 0x06, 0x1c, 0x10, 0x91, 0xc2, 0xc1, 0x0d, 0x1c,
    0x39, 0x74, 0xec, 0xe0, 0xd1, 0xc3, 0xc7, 0x0f, 0x20, 0x41, 0x84, 0x0c,
    0x21, 0x52, 0xc4, 0xc8, 0x11, 0x24, 0x49, 0x94, 0x2c, 0x61, 0xd2, 0xc4,
    0xc9, 0x13, 0x28, 0x51, 0xa4, 0x4c, 0xa1, 0x52, 0xc5, 0xca, 0x15, 0x2c,
    0x59, 0xb4, 0x38, 0x38, 0xf1, 0x01, 0x81, 0x80, 0x18, 0x61, 0xc4, 0x8c,
    0x51, 0x01, 0x00, 0x54, 0xac, 0x60, 0xd1, 0xc2, 0xc5, 0x0b, 0x18, 0x30,
    0x08, 0x20, 0x10, 0x71, 0xc2, 0xc1, 0x0d, 0x1c, 0x39, 0x74, 0xec, 0xe0,
    0xd1, 0xc3, 0xc7, 0x0f, 0x20, 0x41, 0x84, 0x0c, 0x21, 0x52, 0xc4, 0xc8,
    0x11, 0x24, 0x49, 0x94, 0x2c, 0x61, 0xd2, 0xc4, 0xc9, 0x13, 0x28, 0x51,
    0xa4, 0x4c, 0xa1, 0x52, 0xc5, 0xca, 0x15, 0x2c, 0x59, 0xb4, 0x38, 0x48,
    0x21, 0x02, 0xc1, 0x80, 0x18, 0x61, 0xc4, 0x8c, 0x51, 0x01, 0x00, 0x54,
    0xac, 0x60, 0xd1, 0xc2, 0xc5, 0x0b, 0x18, 0x30, 0x04, 0x20, 0xf8, 0x80,
    0xc2, 0xc1, 0x0d, 0x1c, 0x39, 0x74, 0xec, 0xe0, 0xd1, 0xc3, 0xc7, 0x0f,
    0x20, 0x41, 0x84, 0x0c, 0x21, 0x52, 0xc4, 0xc8, 0x11, 0x24, 0x49, 0x94,
    0x2c, 0x61, 0xd2, 0xc4, 0xc9, 0x13, 0x28, 0x51, 0xa4, 0x4c, 0xa1, 0x52,
    0xc5, 0xca, 0x15, 0x2c, 0x59, 0xb4, 0x38, 0x48, 0xf1, 0xa1, 0x00, 0x81,
    0x18, 0x61, 0xc4, 0x8c, 0x51, 0x01, 0x00, 0x54, 0xac, 0x60, 0xd1, 0xc2,
    0xc5, 0x0b, 0x18, 0x30, 0x02, 0x14, 0x10, 0x91, 0xc2, 0xc1, 0x0d, 0x1c,
    0x39, 0x74, 0xec, 0xe0, 0xd1, 0xc3, 0xc7, 0x0f, 0x20, 0x41, 0x84, 0x0c,
    0x21, 0x52, 0xc4, 0xc8, 0x11, 0x24, 0x49, 0x94, 0x2c, 0x61, 0xd2, 0xc4,
    0xc9, 0x13, 0x28, 0x51, 0xa4, 0x4c, 0xa1, 0x52, 0xc5, 0xca, 0x15, 0x2c,
    0x59, 0xb4, 0x38, 0x40, 0xf1, 0x01, 0x81, 0x80, 0x18, 0x61, 0xc4, 0x8c,
    0x51, 0x01, 0x00, 0x54, 0xac, 0x60, 0xd1, 0xc2, 0xc5, 0x0b, 0x18, 0x30,
    0x04, 0x14, 0x20, 0x71, 0xc2, 0xc1, 0x0d, 0x1c, 0x39, 0x74, 0xec, 0xe0,
    0xd1, 0xc3, 0xc7, 0x0f, 0x20, 0x41, 0x84, 0x0c, 0x21, 0x52, 0xc4, 0xc8,
    0x11, 0x24, 0x49, 0x94, 0x2c, 0x61, 0xd2, 0xc4, 0xc9, 0x13, 0x28, 0x51,
    0xa4, 0x4c, 0xa1, 0x52, 0xc5, 0xca, 0x15, 0x2c, 0x59, 0xb4, 0x38, 0x48,
    0x41, 0xa2, 0x40, 0x80, 0x18, 0x61, 0xc4, 0x8c, 0x51, 0x01, 0x00, 0x54,
    0xac, 0x60, 0xd1, 0xc2, 0xc5, 0x0b, 0x18, 0x30, 0x04, 0x1c, 0x10, 0x71,
    0xc2, 0xc1, 0x0d, 0x1c, 0x39, 0x74, 0xec, 0xe0, 0xd1, 0xc3, 0xc7, 0x0f,
    0x20, 0x41, 0x84, 0x0c, 0x21, 0x52, 0xc4, 0xc8, 0x11, 0x24, 0x49, 0x94,
    0x2c, 0x61, 0xd2, 0xc4, 0xc9, 0x13, 0x28, 0x51, 0xa4, 0x4c, 0xa1, 0x52,
    0xc5, 0xca, 0x15, 0x2c, 0x59, 0xb4, 0x38, 0x48, 0x41, 0xe2, 0x80, 0x80,
    0x18, 0x61, 0xc4, 0x8c, 0x51, 0x01, 0x00, 0x54, 0xac, 0x60, 0xd1, 0xc2,
    0xc5, 0x0b, 0x18, 0x30, 0x02, 0x1c, 0xf8, 0x90, 0xc2, 0xc1, 0x0d, 0x1c,
    0x39, 0x74, 0xec, 0xe0, 0xd1, 0xc3, 0xc7, 0x0f, 0x20, 0x41, 0x84, 0x0c,
    0x21, 0x52, 0xc4, 0xc8, 0x11, 0x24, 0x49, 0x94, 0x2c, 0x61, 0xd2, 0xc4,
    0xc9, 0x13, 0x28, 0x51, 0xa4, 0x4c, 0xa1, 0x52, 0xc5, 0xca, 0x15, 0x2c,
    0x59, 0xb4, 0x38, 0x40, 0xf1, 0x01, 0x41, 0x80, 0x18, 0x61, 0xc4, 0x8c,
    0x51, 0x01, 0x00, 0x54, 0xac, 0x60, 0xd1, 0xc2, 0xc5, 0x0b, 0x18, 0x30,
    0x08, 0x1c, 0xf8, 0x70, 0xc2, 0xc1, 0x0d, 0x1c, 0x39, 0x74, 0xec, 0xe0,
    0xd1, 0xc3, 0xc7, 0x0f, 0x20, 0x41, 0x84, 0x0c, 0x21, 0x52, 0xc4, 0xc8,
    0x11, 0x24, 0x49, 0x94, 0x2c, 0x61, 0xd2, 0xc4, 0xc9, 0x13, 0x28, 0x51,
    0xa4, 0x4c, 0xa1, 0x52, 0xc5, 0xca, 0x15, 0x2c, 0x59, 0xb4, 0x38, 0x48,
    0xf1, 0x01, 0x41, 0x80, 0x18, 0x61, 0xc4, 0x8c, 0x51, 0x01, 0x00, 0x54,
    0xac, 0x60, 0xd1, 0xc2, 0xc5, 0x0b, 0x18, 0x30, 0x04, 0x20, 0x20, 0x81,
    0xc2, 0xc1, 0x0d, 0x1c, 0x39, 0x74, 0xec, 0xe0, 0xd1, 0xc3, 0xc7, 0x0f,
    0x20, 0x41, 0x84, 0x0c, 0x21, 0x52, 0xc4, 0xc8, 0x11, 0x24, 0x49, 0x94,
    0x2c, 0x61, 0xd2, 0xc4, 0xc9, 0x13, 0x28, 0x51, 0xa4, 0x4c, 0xa1, 0x52,
    0xc5, 0xca, 0x15, 0x2c, 0x59, 0xb4, 0x38, 0x48, 0x41, 0x02, 0xc1, 0x80,
    0x18, 0x61, 0xc4, 0x8c, 0x51, 0x01, 0x00, 0x52, 0xa8, 0x58, 0xc1, 0xa2,
    0x85, 0x8b, 0x17, 0x2f, 0x02, 0x1c, 0x10, 0x81, 0xc2, 0x81, 0x8d, 0x1b,
    0x38, 0x72, 0xe8, 0xd8, 0xc1, 0xa3, 0x87, 0x8f, 0x1f, 0x40, 0x82, 0x08,
    0x19, 0x42, 0xa4, 0x88, 0x91, 0x23, 0x48, 0x92, 0x28, 0x59, 0xc2, 0xa4,
    0x89, 0x93, 0x27, 0x50, 0xa2, 0x48, 0x99, 0x42, 0xa5, 0x8a, 0x95, 0x2b,
    0x58, 0xb2, 0x38, 0x38, 0x41, 0xe2, 0x80, 0x00, 0x18, 0x60, 0xc2, 0x88,
    0x49, 0x01, 0x00, 0x52, 0xa8, 0x58, 0xc1, 0xa2, 0x85, 0x8b, 0x17, 0x2f,
    0x08, 0x1c, 0xf8, 0x80, 0xc2, 0x81, 0x8d, 0x1b, 0x38, 0x72, 0xe8, 0xd8,
    0xc1, 0xa3, 0x87, 0x8f, 0x1f, 0x40, 0x82, 0x08, 0x19, 0x42, 0xa4, 0x88,
    0x91, 0x23, 0x48, 0x92, 0x28, 0x59, 0xc2, 0xa4, 0x89, 0x93, 0x27, 0x50,
    0xa2, 0x48, 0x99, 0x42, 0xa5, 0x8a, 0x95, 0x2b, 0x58, 0xb2, 0x38, 0x38,
    0x41, 0xa2, 0x80, 0x00, 0x18, 0x60, 0xc2, 0x88, 0x49, 0x01, 0x00, 0x54,
    0xac, 0x60, 0xd1, 0xc2, 0xc5, 0x0b, 0x18, 0x30, 0x02, 0x1c, 0x10, 0x91,
    0xc2, 0xc1, 0x0d, 0x1c, 0x39, 0x74, 0xec, 0xe0, 0xd1, 0xc3, 0xc7, 0x0f,
    0x20, 0x41, 0x84, 0x0c, 0x21, 0x52, 0xc4, 0xc8, 0x11, 0x24, 0x49, 0x94,
    0x2c, 0x61, 0xd2, 0xc4, 0xc9, 0x13, 0x28, 0x51, 0xa4, 0x4c, 0xa1, 0x52,
    0xc5, 0xca, 0x15, 0x2c, 0x59, 0xb4, 0x38, 0x48, 0xf1, 0xa1, 0x00, 0x81,
    0x18, 0x61, 0xc4, 0x8c, 0x51, 0x01, 0x00, 0x52, 0xa8, 0x58, 0xc1, 0xa2,
    0x85, 0x8b, 0x17, 0x2f, 0x04, 0x20, 0x20, 0x81, 0xc2, 0x81, 0x8d, 0x1b,
    0x38, 0x72, 0xe8, 0xd8, 0xc1, 0xa3, 0x87, 0x8f, 0x1f, 0x40, 0x82, 0x08,
    0x19, 0x42, 0xa4, 0x88, 0x91, 0x23, 0x48, 0x92, 0x28, 0x59, 0xc2, 0xa4,
    0x89, 0x93, 0x27, 0x50, 0xa2, 0x48, 0x99, 0x42, 0xa5, 0x8a, 0x95, 0x2b,
    0x58, 0xb2, 0x38, 0x30, 0x21, 0x02, 0x81, 0x00, 0x18, 0x60, 0xc2, 0x88,
    0x49, 0x01, 0x00, 0x52, 0xa8, 0x58, 0xc1, 0xa2, 0x85, 0x8b, 0x17, 0x2f,
    0x08, 0x1c, 0xf8, 0x70, 0xc2, 0x81, 0x8d, 0x1b, 0x38, 0x72, 0xe8, 0xd8,
    0xc1, 0xa3, 0x87, 0x8f, 0x1f, 0x40, 0x82, 0x08, 0x19, 0x42, 0xa4, 0x88,
    0x91, 0x23, 0x48, 0x92, 0x28, 0x59, 0xc2, 0xa4, 0x89, 0x93, 0x27, 0x50,
    0xa2, 0x48, 0x99, 0x42, 0xa5, 0x8a, 0x95, 0x2b, 0x58, 0xb2, 0x38, 0x40,
    0x41, 0xe2, 0x80, 0x00, 0x18, 0x60, 0xc2, 0x88, 0x49, 0x01, 0x00, 0x52,
    0xa8, 0x58, 0xc1, 0xa2, 0x85, 0x8b, 0x17, 0x2f, 0x04, 0x20, 0xf8, 0x60,
    0xc2, 0x81, 0x8d, 0x1b, 0x38, 0x72, 0xe8, 0xd8, 0xc1, 0xa3, 0x87, 0x8f,
    0x1f, 0x40, 0x82, 0x08, 0x19, 0x42, 0xa4, 0x88, 0x91, 0x23, 0x48, 0x92,
    0x28, 0x59, 0xc2, 0xa4, 0x89, 0x93, 0x27, 0x50, 0xa2, 0x48, 0x99, 0x42,
    0xa5, 0x8a, 0x95, 0x2b, 0x58, 0xb2, 0x38, 0x40, 0x41, 0x02, 0x41, 0x00,
    0x18, 0x60, 0xc2, 0x88, 0x49, 0x01, 0x00, 0x56, 0xb0, 0x68, 0xe1, 0xe2,
    0x05, 0x8c, 0x18, 0x31, 0x02, 0x14, 0x20, 0x91, 0xc2, 0x01, 0x8e, 0x1c,
    0x3a, 0x76, 0xf0, 0xe8, 0xe1, 0xe3, 0x07, 0x90, 0x20, 0x42, 0x86, 0x10,
    0x29, 0x62, 0xe4, 0x08, 0x92, 0x24, 0x4a, 0x96, 0x30, 0x69, 0xe2, 0xe4,
    0x09, 0x94, 0x28, 0x52, 0xa6, 0x50, 0xa9, 0x62, 0xe5, 0x0a, 0x96, 0x2c,
    0x5a, 0xb6, 0x38, 0x40, 0xa1, 0xa2, 0xc0, 0x00, 0x19, 0x62, 0xc6, 0x90,
    0x59, 0x01, 0x00, 0x54, 0xac, 0x60, 0xd1, 0xc2, 0xc5, 0x0b, 0x18, 0x30,
    0x04, 0x20, 0xf8, 0x60, 0xc2, 0xc1, 0x0d, 0x1c, 0x39, 0x74, 0xec, 0xe0,
    0xd1, 0xc3, 0xc7, 0x0f, 0x20, 0x41, 0x84, 0x0c, 0x21, 0x52, 0xc4, 0xc8,
    0x11, 0x24, 0x49, 0x94, 0x2c, 0x61, 0xd2, 0xc4, 0xc9, 0x13, 0x28, 0x51,
    0xa4, 0x4c, 0xa1, 0x52, 0xc5, 0xca, 0x15, 0x2c, 0x59, 0xb4, 0x38, 0x48,
    0x41, 0xe2, 0x80, 0x80, 0x18, 0x61, 0xc4, 0x8c, 0x51, 0x01, 0x00, 0x52,
    0xa8, 0x58, 0xc1, 0xa2, 0x85, 0x8b, 0x17, 0x2f, 0x06, 0x14, 0xf8, 0x80,
    0xc2, 0x81, 0x8d, 0x1b, 0x38, 0x72, 0xe8, 0xd8, 0xc1, 0xa3, 0x87, 0x8f,
    0x1f, 0x40, 0x82, 0x08, 0x19, 0x42, 0xa4, 0x88, 0x91, 0x23, 0x48, 0x92,
    0x28, 0x59, 0xc2, 0xa4, 0x89, 0x93, 0x27, 0x50, 0xa2, 0x48, 0x99, 0x42,
    0xa5, 0x8a, 0x95, 0x2b, 0x58, 0xb2, 0x38, 0x30, 0x21, 0xa2, 0xc0, 0x00,
    0x18, 0x60, 0xc2, 0x88, 0x49, 0x01, 0x00, 0x50, 0xa4, 0x50, 0xb1, 0x82,
    0x45, 0x0b, 0x17, 0x2e, 0x04, 0x20, 0xf8, 0x60, 0xc2, 0x41, 0x0d, 0x1b,
    0x37, 0x70, 0xe4, 0xd0, 0xb1, 0x83, 0x47, 0x0f, 0x1f, 0x3f, 0x80, 0x04,
    0x11, 0x32, 0x84, 0x48, 0x11, 0x23, 0x47, 0x90, 0x24, 0x51, 0xb2, 0x84,
    0x49, 0x13, 0x27, 0x4f, 0xa0, 0x44, 0x91, 0x32, 0x85, 0x4a, 0x15, 0x2b,
    0x57, 0xb0, 0x38, 0x38, 0x21, 0xa2, 0x00, 0x81, 0x17, 0x5f, 0xc0, 0x84,
    0x41, 0x01, 0x00, 0x54, 0xac, 0x60, 0xd1, 0xc2, 0xc5, 0x0b, 0x18, 0x30,
    0x02, 0x20, 0xf8, 0x90, 0xc2, 0xc1, 0x0d, 0x1c, 0x39, 0x74, 0xec, 0xe0,
    0xd1, 0xc3, 0xc7, 0x0f, 0x20, 0x41, 0x84, 0x0c, 0x21, 0x52, 0xc4, 0xc8,
    0x11, 0x24, 0x49, 0x94, 0x2c, 0x61, 0xd2, 0xc4, 0xc9, 0x13, 0x28, 0x51,
    0xa4, 0x4c, 0xa1, 0x52, 0xc5, 0xca, 0x15, 0x2c, 0x59, 0xb4, 0x38, 0x38,
    0x41, 0x02, 0x81, 0x80, 0x18, 0x61, 0xc4, 0x8c, 0x51, 0x01, 0x00, 0x54,
    0xac, 0x60, 0xd1, 0xc2, 0xc5, 0x0b, 0x18, 0x30, 0x08, 0x1c, 0x20, 0x91,
    0xc2, 0xc1, 0x0d, 0x1c, 0x39, 0x74, 0xec, 0xe0, 0xd1, 0xc3, 0xc7, 0x0f,
    0x20, 0x41, 0x84, 0x0c, 0x21, 0x52, 0xc4, 0xc8, 0x11, 0x24, 0x49, 0x94,
    0x2c, 0x61, 0xd2, 0xc4, 0xc9, 0x13, 0x28, 0x51, 0xa4, 0x4c, 0xa1, 0x52,
    0xc5, 0xca, 0x15, 0x2c, 0x59, 0xb4, 0x38, 0x40, 0x41, 0x02, 0x81, 0x80,
    0x18, 0x61, 0xc4, 0x8c, 0x51, 0x01, 0x00, 0x56, 0xb0, 0x68, 0xe1, 0xe2,
    0x05, 0x8c, 0x18, 0x31, 0x04, 0x1c, 0x50, 0x81, 0xc2, 0x01, 0x8e, 0x1c,
    0x3a, 0x76, 0xf0, 0xe8, 0xe1, 0xe3, 0x07, 0x90, 0x20, 0x42, 0x86, 0x10,
    0x29, 0x62, 0xe4, 0x08, 0x92, 0x24, 0x4a, 0x96, 0x30, 0x69, 0xe2, 0xe4,
    0x09, 0x94, 0x28, 0x52, 0xa6, 0x50, 0xa9, 0x62, 0xe5, 0x0a, 0x96, 0x2c,
    0x5a, 0xb6, 0x38, 0x38, 0x41, 0x02, 0x81, 0x00, 0x19, 0x62, 0xc6, 0x90,
    0x59, 0x01, 0x00, 0x54, 0xac, 0x60, 0xd1, 0xc2, 0xc5, 0x0b, 0x18, 0x30,
    0x06, 0x14, 0x20, 0x91, 0xc2, 0xc1, 0x0d, 0x1c, 0x39, 0x74, 0xec, 0xe0,
    0xd1, 0xc3, 0xc7, 0x0f, 0x20, 0x41, 0x84, 0x0c, 0x21, 0x52, 0xc4, 0xc8,
    0x11, 0x24, 0x49, 0x94, 0x2c, 0x61, 0xd2, 0xc4, 0xc9, 0x13, 0x28, 0x51,
    0xa4, 0x4c, 0xa1, 0x52, 0xc5, 0xca, 0x15, 0x2c, 0x59, 0xb4, 0x38, 0x40,
    0xf1, 0xa1, 0x40, 0x80, 0x18, 0x61, 0xc4, 0x8c, 0x51, 0x01, 0x00, 0x56,
    0xb0, 0x68, 0xe1, 0xe2, 0x05, 0x8c, 0x18, 0x31, 0x04, 0x14, 0xf8, 0x90,
    0xc2, 0x01, 0x8e, 0x1c, 0x3a, 0x76, 0xf0, 0xe8, 0xe1, 0xe3, 0x07, 0x90,
    0x20, 0x42, 0x86, 0x10, 0x29, 0x62, 0xe4, 0x08, 0x92, 0x24, 0x4a, 0x96,
    0x30, 0x69, 0xe2, 0xe4, 0x09, 0x94, 0x28, 0x52, 0xa6, 0x50, 0xa9, 0x62,
    0xe5, 0x0a, 0x96, 0x2c, 0x5a, 0xb6, 0x38, 0x48, 0xa1, 0x02, 0x41, 0x00,
    0x19, 0x62, 0xc6, 0x90, 0x59, 0x01, 0x00, 0x50, 0xa4, 0x50, 0xb1, 0x82,
    0x45, 0x0b, 0x17, 0x2e, 0x06, 0x14, 0x10, 0x71, 0xc2, 0x41, 0x0d, 0x1b,
    0x37, 0x70, 0xe4, 0xd0, 0xb1, 0x83, 0x47, 0x0f, 0x1f, 0x3f, 0x80, 0x04,
    0x11, 0x32, 0x84, 0x48, 0x11, 0x23, 0x47, 0x90, 0x24, 0x51, 0xb2, 0x84,
    0x49, 0x13, 0x27, 0x4f, 0xa0, 0x44, 0x91, 0x32, 0x85, 0x4a, 0x15, 0x2b,
    0x57, 0xb0, 0x38, 0x38, 0xf1, 0xe1, 0xc0, 0x80, 0x17, 0x5f, 0xc0, 0x84,
    0x41, 0x01, 0x00, 0x52, 0xa8, 0x58, 0xc1, 0xa2, 0x85, 0x8b, 0x17, 0x2f,
    0x04, 0x1c, 0x20, 0x81, 0xc2, 0x81, 0x8d, 0x1b, 0x38, 0x72, 0xe8, 0xd8,
    0xc1, 0xa3, 0x87, 0x8f, 0x1f, 0x40, 0x82, 0x08, 0x19, 0x42, 0xa4, 0x88,
    0x91, 0x23, 0x48, 0x92, 0x28, 0x59, 0xc2, 0xa4, 0x89, 0x93, 0x27, 0x50,
    0xa2, 0x48, 0x99, 0x42, 0xa5, 0x8a, 0x95, 0x2b, 0x58, 0xb2, 0x38, 0x40,
    0x41, 0xe2, 0x40, 0x00, 0x18, 0x60, 0xc2, 0x88, 0x49, 0x01, 0x00, 0x56,
    0xb0, 0x68, 0xe1, 0xe2, 0x05, 0x8c, 0x18, 0x31, 0x04, 0x14, 0x50, 0x81,
    0xc2, 0x01, 0x8e, 0x1c, 0x3a, 0x76, 0xf0, 0xe8, 0xe1, 0xe3, 0x07, 0x90,
    0x20, 0x42, 0x86, 0x10, 0x29, 0x62, 0xe4, 0x08, 0x92, 0x24, 0x4a, 0x96,
    0x30, 0x69, 0xe2, 0xe4, 0x09, 0x94, 0x28, 0x52, 0xa6, 0x50, 0xa9, 0x62,
    0xe5, 0x0a, 0x96, 0x2c, 0x5a, 0xb6, 0x38, 0x48, 0xf1, 0x01, 0xc1, 0x00,
    0x19, 0x62, 0xc6, 0x90, 0x59, 0x01, 0x00, 0x54, 0xac, 0x60, 0xd1, 0xc2,
    0xc5, 0x0b, 0x18, 0x30, 0x02, 0x14, 0x10, 0x91, 0xc2, 0xc1, 0x0d, 0x1c,
    0x39, 0x74, 0xec, 0xe0, 0xd1, 0xc3, 0xc7, 0x0f, 0x20, 0x41, 0x84, 0x0c,
    0x21, 0x52, 0xc4, 0xc8, 0x11, 0x24, 0x49, 0x94, 0x2c, 0x61, 0xd2, 0xc4,
    0xc9, 0x13, 0x28, 0x51, 0xa4, 0x4c, 0xa1, 0x52, 0xc5, 0xca, 0x15, 0x2c,
    0x59, 0xb4, 0x38, 0x48, 0xf1, 0x01, 0x81, 0x80, 0x18, 0x61, 0xc4, 0x8c,
    0x51, 0x01, 0x00, 0x54, 0xac, 0x60, 0xd1, 0xc2, 0xc5, 0x0b, 0x18, 0x30,
    0x04, 0x20, 0x20, 0x91, 0xc2, 0xc1, 0x0d, 0x1c, 0x39, 0x74, 0xec, 0xe0,
    0xd1, 0xc3, 0xc7, 0x0f, 0x20, 0x41, 0x84, 0x0c, 0x21, 0x52, 0xc4, 0xc8,
    0x11, 0x24, 0x49, 0x94, 0x2c, 0x61, 0xd2, 0xc4, 0xc9, 0x13, 0x28, 0x51,
    0xa4, 0x4c, 0xa1, 0x52, 0xc5, 0xca, 0x15, 0x2c, 0x59, 0xb4, 0x38, 0x30,
    0xf1, 0xe1, 0x80, 0x80, 0x18, 0x61, 0xc4, 0x8c, 0x51, 0x01, 0x00, 0x54,
    0xac, 0x60, 0xd1, 0xc2, 0xc5, 0x0b, 0x18, 0x30, 0x08, 0x1c, 0xf8, 0x90,
    0xc2, 0xc1, 0x0d, 0x1c, 0x39, 0x74, 0xec, 0xe0, 0xd1, 0xc3, 0xc7, 0x0f,
    0x20, 0x41, 0x84, 0x0c, 0x21, 0x52, 0xc4, 0xc8, 0x11, 0x24, 0x49, 0x94,
    0x2c, 0x61, 0xd2, 0xc4, 0xc9, 0x13, 0x28, 0x51, 0xa4, 0x4c, 0xa1, 0x52,
    0xc5, 0xca, 0x15, 0x2c, 0x59, 0xb4, 0x38, 0x30, 0xf1, 0x01, 0x81, 0x80,
    0x18, 0x61, 0xc4, 0x8c, 0x51, 0x01, 0x00, 0x52, 0xa8, 0x58, 0xc1, 0xa2,
    0x85, 0x8b, 0x17, 0x2f, 0x04, 0x1c, 0xf8, 0x80, 0xc2, 0x81, 0x8d, 0x1b,
    0x38, 0x72, 0xe8, 0xd8, 0xc1, 0xa3, 0x87, 0x8f, 0x1f, 0x40, 0x82, 0x08,
    0x19, 0x42, 0xa4, 0x88, 0x91, 0x23, 0x48, 0x92, 0x28, 0x59, 0xc2, 0xa4,
    0x89, 0x93, 0x27, 0x50, 0xa2, 0x48, 0x99, 0x42, 0xa5, 0x8a, 0x95, 0x2b,
    0x58, 0xb2, 0x38, 0x40, 0x41, 0xe2, 0x80, 0x00, 0x18, 0x60, 0xc2, 0x88,
    0x49, 0x01, 0x00, 0x50, 0xa4, 0x50, 0xb1, 0x82, 0x45, 0x0b, 0x17, 0x2e,
    0x02, 0x20, 0x20, 0x71, 0xc2, 0x41, 0x0d, 0x1b, 0x37, 0x70, 0xe4, 0xd0,
    0xb1, 0x83, 0x47, 0x0f, 0x1f, 0x3f, 0x80, 0x04, 0x11, 0x32, 0x84, 0x48,
    0x11, 0x23, 0x47, 0x90, 0x24, 0x51, 0xb2, 0x84, 0x49, 0x13, 0x27, 0x4f,
    0xa0, 0x44, 0x91, 0x32, 0x85, 0x4a, 0x15, 0x2b, 0x57, 0xb0, 0x38, 0x38,
    0xf1, 0xa1, 0x80, 0x80, 0x17, 0x5f, 0xc0, 0x84, 0x41, 0x01, 0x00, 0x56,
    0xb0, 0x68, 0xe1, 0xe2, 0x05, 0x8c, 0x18, 0x31, 0x02, 0x14, 0xf8, 0x90,
    0xc2, 0x01, 0x8e, 0x1c, 0x3a, 0x76, 0xf0, 0xe8, 0xe1, 0xe3, 0x07, 0x90,
    0x20, 0x42, 0x86, 0x10, 0x29, 0x62, 0xe4, 0x08, 0x92, 0x24, 0x4a, 0x96,
    0x30, 0x69, 0xe2, 0xe4, 0x09, 0x94, 0x28, 0x52, 0xa6, 0x50, 0xa9, 0x62,
    0xe5, 0x0a, 0x96, 0x2c, 0x5a, 0xb6, 0x38, 0x48, 0xa1, 0x02, 0x01, 0x01,
    0x19, 0x62, 0xc6, 0x90, 0x59, 0x01, 0x00, 0x54, 0xac, 0x60, 0xd1, 0xc2,
    0xc5, 0x0b, 0x18, 0x30, 0x04, 0x1c, 0x20, 0x81, 0xc2, 0xc1, 0x0d, 0x1c,
    0x39, 0x74, 0xec, 0xe0, 0xd1, 0xc3, 0xc7, 0x0f, 0x20, 0x41, 0x84, 0x0c,
    0x21, 0x52, 0xc4, 0xc8, 0x11, 0x24, 0x49, 0x94, 0x2c, 0x61, 0xd2, 0xc4,
    0xc9, 0x13, 0x28, 0x51, 0xa4, 0x4c, 0xa1, 0x52, 0xc5, 0xca, 0x15, 0x2c,
    0x59, 0xb4, 0x38, 0x48, 0x41, 0xe2, 0x80, 0x80, 0x18, 0x61, 0xc4, 0x8c,
    0x51, 0x01, 0x00, 0x52, 0xa8, 0x58, 0xc1, 0xa2, 0x85, 0x8b, 0x17, 0x2f,
    0x02, 0x20, 0xf8, 0x70, 0xc2, 0x81, 0x8d, 0x1b, 0x38, 0x72, 0xe8, 0xd8,
    0xc1, 0xa3, 0x87, 0x8f, 0x1f, 0x40, 0x82, 0x08, 0x19, 0x42, 0xa4, 0x88,
    0x91, 0x23, 0x48, 0x92, 0x28, 0x59, 0xc2, 0xa4, 0x89, 0x93, 0x27, 0x50,
    0xa2, 0x48, 0x99, 0x42, 0xa5, 0x8a, 0x95, 0x2b, 0x58, 0xb2, 0x38, 0x40,
    0x41, 0x22, 0x81, 0x00, 0x18, 0x60, 0xc2, 0x88, 0x49, 0x01, 0x00, 0x54,
    0xac, 0x60, 0xd1, 0xc2, 0xc5, 0x0b, 0x18, 0x30, 0x06, 0x20, 0x10, 0x81,
    0xc2, 0xc1, 0x0d, 0x1c, 0x39, 0x74, 0xec, 0xe0, 0xd1, 0xc3, 0xc7, 0x0f,
    0x20, 0x41, 0x84, 0x0c, 0x21, 0x52, 0xc4, 0xc8, 0x11, 0x24, 0x49, 0x94,
    0x2c, 0x61, 0xd2, 0xc4, 0xc9, 0x13, 0x28, 0x51, 0xa4, 0x4c, 0xa1, 0x52,
    0xc5, 0xca, 0x15, 0x2c, 0x59, 0xb4, 0x38, 0x48, 0x21, 0xe2, 0x80, 0x80,
    0x18, 0x61, 0xc4, 0x8c, 0x51, 0x01, 0x00, 0x54, 0xac, 0x60, 0xd1, 0xc2,
    0xc5, 0x0b, 0x18, 0x30, 0x04, 0x1c, 0xf8, 0x70, 0xc2, 0xc1, 0x0d, 0x1c,
    0x39, 0x74, 0xec, 0xe0, 0xd1, 0xc3, 0xc7, 0x0f, 0x20, 0x41, 0x84, 0x0c,
    0x21, 0x52, 0xc4, 0xc8, 0x11, 0x24, 0x49, 0x94, 0x2c, 0x61, 0xd2, 0xc4,
    0xc9, 0x13, 0x28, 0x51, 0xa4, 0x4c, 0xa1, 0x52, 0xc5, 0xca, 0x15, 0x2c,
    0x59, 0xb4, 0x38, 0x48, 0x21, 0xe2, 0x80, 0x80, 0x18, 0x61, 0xc4, 0x8c,
    0x51, 0x01, 0x00, 0x54, 0xac, 0x60, 0xd1, 0xc2, 0xc5, 0x0b, 0x18, 0x30,
    0x08, 0x20, 0x20, 0x61, 0xc2, 0xc1, 0x0d, 0x1c, 0x39, 0x74, 0xec, 0xe0,
    0xd1, 0xc3, 0xc7, 0x0f, 0x20, 0x41, 0x84, 0x0c, 0x21, 0x52, 0xc4, 0xc8,
    0x11, 0x24, 0x49, 0x94, 0x2c, 0x61, 0xd2, 0xc4, 0xc9, 0x13, 0x28, 0x51,
    0xa4, 0x4c, 0xa1, 0x52, 0xc5, 0xca, 0x15, 0x2c, 0x59, 0xb4, 0x38, 0x48,
    0x41, 0x02, 0x81, 0x80, 0x18, 0x61, 0xc4, 0x8c, 0x51, 0x01, 0x00, 0x54,
    0xac, 0x60, 0xd1, 0xc2, 0xc5, 0x0b, 0x18, 0x30, 0x04, 0x20, 0xf8, 0x90,
    0xc2, 0xc1, 0x0d, 0x1c, 0x39, 0x74, 0xec, 0xe0, 0xd1, 0xc3, 0xc7, 0x0f,
    0x20, 0x41, 0x84, 0x0c, 0x21, 0x52, 0xc4, 0xc8, 0x11, 0x24, 0x49, 0x94,
    0x2c, 0x61, 0xd2, 0xc4, 0xc9, 0x13, 0x28, 0x51, 0xa4, 0x4c, 0xa1, 0x52,
    0xc5, 0xca, 0x15, 0x2c, 0x59, 0xb4, 0x38, 0x40, 0x41, 0x22, 0x81, 0x80,
    0x18, 0x61, 0xc4, 0x8c, 0x51, 0x01, 0x00, 0x56, 0xb0, 0x68, 0xe1, 0xe2,
    0x05, 0x8c, 0x18, 0x31, 0x02, 0x20, 0x10, 0x81, 0xc2, 0x01, 0x8e, 0x1c,
    0x3a, 0x76, 0xf0, 0xe8, 0xe1, 0xe3, 0x07, 0x90, 0x20, 0x42, 0x86, 0x10,
    0x29, 0x62, 0xe4, 0x08, 0x92, 0x24, 0x4a, 0x96, 0x30, 0x69, 0xe2, 0xe4,
    0x09, 0x94, 0x28, 0x52, 0xa6, 0x50, 0xa9, 0x62, 0xe5, 0x0a, 0x96, 0x2c,
    0x5a, 0xb6, 0x38, 0x38, 0xa1, 0xe2, 0xc0, 0x00, 0x19, 0x62, 0xc6, 0x90,
    0x59, 0x01, 0x00, 0x54, 0xac, 0x60, 0xd1, 0xc2, 0xc5, 0x0b, 0x18, 0x30,
    0x02, 0x14, 0x20, 0x81, 0xc2, 0xc1, 0x0d, 0x1c, 0x39, 0x74, 0xec, 0xe0,
    0xd1, 0xc3, 0xc7, 0x0f, 0x20, 0x41, 0x84, 0x0c, 0x21, 0x52, 0xc4, 0xc8,
    0x11, 0x24, 0x49, 0x94, 0x2c, 0x61, 0xd2, 0xc4, 0xc9, 0x13, 0x28, 0x51,
    0xa4, 0x4c, 0xa1, 0x52, 0xc5, 0xca, 0x15, 0x2c, 0x59, 0xb4, 0x38, 0x48,
    0x41, 0xa2, 0xc0, 0x80, 0x18, 0x61, 0xc4, 0x8c, 0x51, 0x01, 0x00, 0x52,
    0xa8, 0x58, 0xc1, 0xa2, 0x85, 0x8b, 0x17, 0x2f, 0x08, 0x1c, 0x10, 0x81,
    0xc2, 0x81, 0x8d, 0x1b, 0x38, 0x72, 0xe8, 0xd8, 0xc1, 0xa3, 0x87, 0x8f,
    0x1f, 0x40, 0x82, 0x08, 0x19, 0x42, 0xa4, 0x88, 0x91, 0x23, 0x48, 0x92,
    0x28, 0x59, 0xc2, 0xa4, 0x89, 0x93, 0x27, 0x50, 0xa2, 0x48, 0x99, 0x42,
    0xa5, 0x8a, 0x95, 0x2b, 0x58, 0xb2, 0x38, 0x38, 0x41, 0xe2, 0x80, 0x00,
    0x18, 0x60, 0xc2, 0x88, 0x49, 0x01, 0x00, 0x54, 0xac, 0x60, 0xd1, 0xc2,
    0xc5, 0x0b, 0x18, 0x30, 0x08, 0x1c, 0xf8, 0x90, 0xc2, 0xc1, 0x0d, 0x1c,
    0x39, 0x74, 0xec, 0xe0, 0xd1, 0xc3, 0xc7, 0x0f, 0x20, 0x41, 0x84, 0x0c,
    0x21, 0x52, 0xc4, 0xc8, 0x11, 0x24, 0x49, 0x94, 0x2c, 0x61, 0xd2, 0xc4,
    0xc9, 0x13, 0x28, 0x51, 0xa4, 0x4c, 0xa1, 0x52, 0xc5, 0xca, 0x15, 0x2c,
    0x59, 0xb4, 0x38, 0x40, 0x21, 0xa2, 0xc0, 0x80, 0x18, 0x61, 0xc4, 0x8c,
    0x51, 0x01, 0x00, 0x50, 0xa4, 0x50, 0xb1, 0x82, 0x45, 0x0b, 0x17, 0x2e,
    0x02, 0x20, 0xf8, 0x70, 0xc2, 0x41, 0x0d, 0x1b, 0x37, 0x70, 0xe4, 0xd0,
    0xb1, 0x83, 0x47, 0x0f, 0x1f, 0x3f, 0x80, 0x04, 0x11, 0x32, 0x84, 0x48,
    0x11, 0x23, 0x47, 0x90, 0x24, 0x51, 0xb2, 0x84, 0x49, 0x13, 0x27, 0x4f,
    0xa0, 0x44, 0x91, 0x32, 0x85, 0x4a, 0x15, 0x2b, 0x57, 0xb0, 0x38, 0x30,
    0x41, 0x02, 0xc1, 0x80, 0x17, 0x5f, 0xc0, 0x84, 0x41, 0x01, 0x00, 0x52,
    0xa8, 0x58, 0xc1, 0xa2, 0x85, 0x8b, 0x17, 0x2f, 0x06, 0x1c, 0xf8, 0x80,
    0xc2, 0x81, 0x8d, 0x1b, 0x38, 0x72, 0xe8, 0xd8, 0xc1, 0xa3, 0x87, 0x8f,
    0x1f, 0x40, 0x82, 0x08, 0x19, 0x42, 0xa4, 0x88, 0x91, 0x23, 0x48, 0x92,
    0x28, 0x59, 0xc2, 0xa4, 0x89, 0x93, 0x27, 0x50, 0xa2, 0x48, 0x99, 0x42,
    0xa5, 0x8a, 0x95, 0x2b, 0x58, 0xb2, 0x38, 0x40, 0xf1, 0xe1, 0xc0, 0x00,
    0x18, 0x60, 0xc2, 0x88, 0x49, 0x01, 0x00, 0x54, 0xac, 0x60, 0xd1, 0xc2,
    0xc5, 0x0b, 0x18, 0x30, 0x08, 0x1c, 0xf8, 0x90, 0xc2, 0xc1, 0x0d, 0x1c,
    0x39, 0x74, 0xec, 0xe0, 0xd1, 0xc3, 0xc7, 0x0f, 0x20, 0x41, 0x84, 0x0c,
    0x21, 0x52, 0xc4, 0xc8, 0x11, 0x24, 0x49, 0x94, 0x2c, 0x61, 0xd2, 0xc4,
    0xc9, 0x13, 0x28, 0x51, 0xa4, 0x4c, 0xa1, 0x52, 0xc5, 0xca, 0x15, 0x2c,
    0x59, 0xb4, 0x38, 0x48, 0xf1, 0xe1, 0x40, 0x80, 0x18, 0x61, 0xc4, 0x8c,
    0x51, 0x01, 0x00, 0x52, 0xa8, 0x58, 0xc1, 0xa2, 0x85, 0x8b, 0x17, 0x2f,
    0x04, 0x14, 0x10, 0x81, 0xc2, 0x81, 0x8d, 0x1b, 0x38, 0x72, 0xe8, 0xd8,
    0xc1, 0xa3, 0x87, 0x8f, 0x1f, 0x40, 0x82, 0x08, 0x19, 0x42, 0xa4, 0x88,
    0x91, 0x23, 0x48, 0x92, 0x28, 0x59, 0xc2, 0xa4, 0x89, 0x93, 0x27, 0x50,
    0xa2, 0x48, 0x99, 0x42, 0xa5, 0x8a, 0x95, 0x2b, 0x58, 0xb2, 0x38, 0x38,
    0x21, 0xe2, 0x40, 0x00, 0x18, 0x60, 0xc2, 0x88, 0x49, 0x01, 0x00, 0x54,
    0xac, 0x60, 0xd1, 0xc2, 0xc5, 0x0b, 0x18, 0x30, 0x06, 0x1c, 0x20, 0x71,
    0xc2, 0xc1, 0x0d, 0x1c, 0x39, 0x74, 0xec, 0xe0, 0xd1, 0xc3, 0xc7, 0x0f,
    0x20, 0x41, 0x84, 0x0c, 0x21, 0x52, 0xc4, 0xc8, 0x11, 0x24, 0x49, 0x94,
    0x2c, 0x61, 0xd2, 0xc4, 0xc9, 0x13, 0x28, 0x51, 0xa4, 0x4c, 0xa1, 0x52,
    0xc5, 0xca, 0x15, 0x2c, 0x59, 0xb4, 0x38, 0x48, 0x41, 0x02, 0x01, 0x81,
    0x18, 0x61, 0xc4, 0x8c, 0x51, 0x01, 0x00, 0x54, 0xac, 0x60, 0xd1, 0xc2,
    0xc5, 0x0b, 0x18, 0x30, 0x02, 0x14, 0x20, 0x81, 0xc2, 0xc1, 0x0d, 0x1c,
    0x39, 0x74, 0xec, 0xe0, 0xd1, 0xc3, 0xc7, 0x0f, 0x20, 0x41, 0x84, 0x0c,
    0x21, 0x52, 0xc4, 0xc8, 0x11, 0x24, 0x49, 0x94, 0x2c, 0x61, 0xd2, 0xc4,
    0xc9, 0x13, 0x28, 0x51, 0xa4, 0x4c, 0xa1, 0x52, 0xc5, 0xca, 0x15, 0x2c,
    0x59, 0xb4, 0x38, 0x48, 0x21, 0x02, 0x81, 0x80, 0x18, 0x61, 0xc4, 0x8c,
    0x51, 0x01, 0x00, 0x54, 0xac, 0x60, 0xd1, 0xc2, 0xc5, 0x0b, 0x18, 0x30,
    0x02, 0x1c, 0x10, 0x91, 0xc2, 0xc1, 0x0d, 0x1c, 0x39, 0x74, 0xec, 0xe0,
    0xd1, 0xc3, 0xc7, 0x0f, 0x20, 0x41, 0x84, 0x0c, 0x21, 0x52, 0xc4, 0xc8,
    0x11, 0x24, 0x49, 0x94, 0x2c, 0x61, 0xd2, 0xc4, 0xc9, 0x13, 0x28, 0x51,
    0xa4, 0x4c, 0xa1, 0x52, 0xc5, 0xca, 0x15, 0x2c, 0x59, 0xb4, 0x38, 0x48,
    0x41, 0x02, 0x41, 0x80, 0x18, 0x61, 0xc4, 0x8c, 0x51, 0x01, 0x00, 0x54,
    0xac, 0x60, 0xd1, 0xc2, 0xc5, 0x0b, 0x18, 0x30, 0x06, 0x20, 0x10, 0x91,
    0xc2, 0xc1, 0x0d, 0x1c, 0x39, 0x74, 0xec, 0xe0, 0xd1, 0xc3, 0xc7, 0x0f,
    0x20, 0x41, 0x84, 0x0c, 0x21, 0x52, 0xc4, 0xc8, 0x11, 0x24, 0x49, 0x94,
    0x2c, 0x61, 0xd2, 0xc4, 0xc9, 0x13, 0x28, 0x51, 0xa4, 0x4c, 0xa1, 0x52,
    0xc5, 0xca, 0x15, 0x2c, 0x59, 0xb4, 0x38, 0x48, 0x41, 0x02, 0x01, 0x81,
    0x18, 0x61, 0xc4, 0x8c, 0x51, 0x01, 0x00, 0x50, 0xa4, 0x50, 0xb1, 0x82,
    0x45, 0x0b, 0x17, 0x2e, 0x04, 0x1c, 0x10, 0x71, 0xc2, 0x41, 0x0d, 0x1b,
    0x37, 0x70, 0xe4, 0xd0, 0xb1, 0x83, 0x47, 0x0f, 0x1f, 0x3f, 0x80, 0x04,
    0x11, 0x32, 0x84, 0x48, 0x11, 0x23, 0x47, 0x90, 0x24, 0x51, 0xb2, 0x84,
    0x49, 0x13, 0x27, 0x4f, 0xa0, 0x44, 0x91, 0x32, 0x85, 0x4a, 0x15, 0x2b,
    0x57, 0xb0, 0x38, 0x38, 0xf1, 0x01, 0x81, 0x80, 0x17, 0x5f, 0xc0, 0x84,
    0x41, 0x01, 0x00, 0x54, 0xac, 0x60, 0xd1, 0xc2, 0xc5, 0x0b, 0x18, 0x30,
    0x06, 0x1c, 0x20, 0x91, 0xc2, 0xc1, 0x0d, 0x1c, 0x39, 0x74, 0xec, 0xe0,
    0xd1, 0xc3, 0xc7, 0x0f, 0x20, 0x41, 0x84, 0x0c, 0x21, 0x52, 0xc4, 0xc8,
    0x11, 0x24, 0x49, 0x94, 0x2c, 0x61, 0xd2, 0xc4, 0xc9, 0x13, 0x28, 0x51,
    0xa4, 0x4c, 0xa1, 0x52, 0xc5, 0xca, 0x15, 0x2c, 0x59, 0xb4, 0x38, 0x30,
    0xf1, 0xe1, 0x80, 0x80, 0x18, 0x61, 0xc4, 0x8c, 0x51, 0x01, 0x00, 0x54,
    0xac, 0x60, 0xd1, 0xc2, 0xc5, 0x0b, 0x18, 0x30, 0x06, 0x1c, 0x10, 0x91,
    0xc2, 0xc1, 0x0d, 0x1c, 0x39, 0x74, 0xec, 0xe0, 0xd1, 0xc3, 0xc7, 0x0f,
    0x20, 0x41, 0x84, 0x0c, 0x21, 0x52, 0xc4, 0xc8, 0x11, 0x24, 0x49, 0x94,
    0x2c, 0x61, 0xd2, 0xc4, 0xc9, 0x13, 0x28, 0x51, 0xa4, 0x4c, 0xa1, 0x52,
    0xc5, 0xca, 0x15, 0x2c, 0x59, 0xb4, 0x38, 0x40, 0x41, 0x02, 0xc1, 0x80,
    0x18, 0x61, 0xc4, 0x8c, 0x51, 0x01, 0x00, 0x54, 0xac, 0x60, 0xd1, 0xc2,
    0xc5, 0x0b, 0x18, 0x30, 0x08, 0x20, 0x20, 0x91, 0xc2, 0xc1, 0x0d, 0x1c,
    0x39, 0x74, 0xec, 0xe0, 0xd1, 0xc3, 0xc7, 0x0f, 0x20, 0x41, 0x84, 0x0c,
    0x21, 0x52, 0xc4, 0xc8, 0x11, 0x24, 0x49, 0x94, 0x2c, 0x61, 0xd2, 0xc4,
    0xc9, 0x13, 0x28, 0x51, 0xa4, 0x4c, 0xa1, 0x52, 0xc5, 0xca, 0x15, 0x2c,
    0x59, 0xb4, 0x38, 0x38, 0x41, 0x02, 0x81, 0x80, 0x18, 0x61, 0xc4, 0x8c,
    0x51, 0x01, 0x00, 0x56, 0xb0, 0x68, 0xe1, 0xe2, 0x05, 0x8c, 0x18, 0x31,
    0x06, 0x14, 0x20, 0x91, 0xc2, 0x01, 0x8e, 0x1c, 0x3a, 0x76, 0xf0, 0xe8,
    0xe1, 0xe3, 0x07, 0x90, 0x20, 0x42, 0x86, 0x10, 0x29, 0x62, 0xe4, 0x08,
    0x92, 0x24, 0x4a, 0x96, 0x30, 0x69, 0xe2, 0xe4, 0x09, 0x94, 0x28, 0x52,
    0xa6, 0x50, 0xa9, 0x62, 0xe5, 0x0a, 0x96, 0x2c, 0x5a, 0xb6, 0x38, 0x38,
    0xa1, 0x02, 0xc1, 0x00, 0x19, 0x62, 0xc6, 0x90, 0x59, 0x01, 0x00, 0x50,
    0xa4, 0x50, 0xb1, 0x82, 0x45, 0x0b, 0x17, 0x2e, 0x06, 0x20, 0x20, 0x71,
    0xc2, 0x41, 0x0d, 0x1b, 0x37, 0x70, 0xe4, 0xd0, 0xb1, 0x83, 0x47, 0x0f,
    0x1f, 0x3f, 0x80, 0x04, 0x11, 0x32, 0x84, 0x48, 0x11, 0x23, 0x47, 0x90,
    0x24, 0x51, 0xb2, 0x84, 0x49, 0x13, 0x27, 0x4f, 0xa0, 0x44, 0x91, 0x32,
    0x85, 0x4a, 0x15, 0x2b, 0x57, 0xb0, 0x38, 0x30, 0x21, 0x02, 0xc1, 0x80,
    0x17, 0x5f, 0xc0, 0x84, 0x41, 0x01, 0x00, 0x50, 0xa4, 0x50, 0xb1, 0x82,
    0x45, 0x0b, 0x17, 0x2e, 0x04, 0x14, 0x20, 0x61, 0xc2, 0x41, 0x0d, 0x1b,
    0x37, 0x70, 0xe4, 0xd0, 0xb1, 0x83, 0x47, 0x0f, 0x1f, 0x3f, 0x80, 0x04,
    0x11, 0x32, 0x84, 0x48, 0x11, 0x23, 0x47, 0x90, 0x24, 0x51, 0xb2, 0x84,
    0x49, 0x13, 0x27, 0x4f, 0xa0, 0x44, 0x91, 0x32, 0x85, 0x4a, 0x15, 0x2b,
    0x57, 0xb0, 0x38, 0x38, 0x21, 0x02, 0x81, 0x80, 0x17, 0x5f, 0xc0, 0x84,
    0x41, 0x01, 0x00, 0x54, 0xac, 0x60, 0xd1, 0xc2, 0xc5, 0x0b, 0x18, 0x30,
    0x06, 0x20, 0xf8, 0x90, 0xc2, 0xc1, 0x0d, 0x1c, 0x39, 0x74, 0xec, 0xe0,
    0xd1, 0xc3, 0xc7, 0x0f, 0x20, 0x41, 0x84, 0x0c, 0x21, 0x52, 0xc4, 0xc8,
    0x11, 0x24, 0x49, 0x94, 0x2c, 0x61, 0xd2, 0xc4, 0xc9, 0x13, 0x28, 0x51,
    0xa4, 0x4c, 0xa1, 0x52, 0xc5, 0xca, 0x15, 0x2c, 0x59, 0xb4, 0x38, 0x40,
    0xf1, 0xe1, 0xc0, 0x80, 0x18, 0x61, 0xc4, 0x8c, 0x51, 0x01, 0x00, 0x56,
    0xb0, 0x68, 0xe1, 0xe2, 0x05, 0x8c, 0x18, 0x31, 0x08, 0x14, 0x50, 0x91,
    0xc2, 0x01, 0x8e, 0x1c, 0x3a, 0x76, 0xf0, 0xe8, 0xe1, 0xe3, 0x07, 0x90,
    0x20, 0x42, 0x86, 0x10, 0x29, 0x62, 0xe4, 0x08, 0x92, 0x24, 0x4a, 0x96,
    0x30, 0x69, 0xe2, 0xe4, 0x09, 0x94, 0x28, 0x52, 0xa6, 0x50, 0xa9, 0x62,
    0xe5, 0x0a, 0x96, 0x2c, 0x5a, 0xb6, 0x38, 0x38, 0x41, 0xe2, 0xc0, 0x00,
    0x19, 0x62, 0xc6, 0x90, 0x59, 0x01, 0x00, 0x52, 0xa8, 0x58, 0xc1, 0xa2,
    0x85, 0x8b, 0x17, 0x2f, 0x02, 0x20, 0xf8, 0x70, 0xc2, 0x81, 0x8d, 0x1b,
    0x38, 0x72, 0xe8, 0xd8, 0xc1, 0xa3, 0x87, 0x8f, 0x1f, 0x40, 0x82, 0x08,
    0x19, 0x42, 0xa4, 0x88, 0x91, 0x23, 0x48, 0x92, 0x28, 0x59, 0xc2, 0xa4,
    0x89, 0x93, 0x27, 0x50, 0xa2, 0x48, 0x99, 0x42, 0xa5, 0x8a, 0x95, 0x2b,
    0x58, 0xb2, 0x38, 0x40, 0x21, 0xa2, 0xc0, 0x00, 0x18, 0x60, 0xc2, 0x88,
    0x49, 0x01, 0x00, 0x52, 0xa8, 0x58, 0xc1, 0xa2, 0x85, 0x8b, 0x17, 0x2f,
    0x02, 0x20, 0xf8, 0x80, 0xc2, 0x81, 0x8d, 0x1b, 0x38, 0x72, 0xe8, 0xd8,
    0xc1, 0xa3, 0x87, 0x8f, 0x1f, 0x40, 0x82, 0x08, 0x19, 0x42, 0xa4, 0x88,
    0x91, 0x23, 0x48, 0x92, 0x28, 0x59, 0xc2, 0xa4, 0x89, 0x93, 0x27, 0x50,
    0xa2, 0x48, 0x99, 0x42, 0xa5, 0x8a, 0x95, 0x2b, 0x58, 0xb2, 0x38, 0x30,
    0xf1, 0xa1, 0x00, 0x01, 0x18, 0x60, 0xc2, 0x88, 0x49, 0x01, 0x00, 0x52,
    0xa8, 0x58, 0xc1, 0xa2, 0x85, 0x8b, 0x17, 0x2f, 0x04, 0x14, 0x10, 0x81,
    0xc2, 0x81, 0x8d, 0x1b, 0x38, 0x72, 0xe8, 0xd8, 0xc1, 0xa3, 0x87, 0x8f,
    0x1f, 0x40, 0x82, 0x08, 0x19, 0x42, 0xa4, 0x88, 0x91, 0x23, 0x48, 0x92,
    0x28, 0x59, 0xc2, 0xa4, 0x89, 0x93, 0x27, 0x50, 0xa2, 0x48, 0x99, 0x42,
    0xa5, 0x8a, 0x95, 0x2b, 0x58, 0xb2, 0x38, 0x40, 0x41, 0x02, 0x81, 0x00,
    0x18, 0x60, 0xc2, 0x88, 0x49, 0x01, 0x00, 0x54, 0xac, 0x60, 0xd1, 0xc2,
    0xc5, 0x0b, 0x18, 0x30, 0x04, 0x1c, 0x20, 0x91, 0xc2, 0xc1, 0x0d, 0x1c,
    0x39, 0x74, 0xec, 0xe0, 0xd1, 0xc3, 0xc7, 0x0f, 0x20, 0x41, 0x84, 0x0c,
    0x21, 0x52, 0xc4, 0xc8, 0x11, 0x24, 0x49, 0x94, 0x2c, 0x61, 0xd2, 0xc4,
    0xc9, 0x13, 0x28, 0x51, 0xa4, 0x4c, 0xa1, 0x52, 0xc5, 0xca, 0x15, 0x2c,
    0x59, 0xb4, 0x38, 0x40, 0xf1, 0x01, 0x01, 0x81, 0x18, 0x61, 0xc4, 0x8c,
    0x51, 0x01, 0x00, 0x52, 0xa8, 0x58, 0xc1, 0xa2, 0x85, 0x8b, 0x17, 0x2f,
    0x06, 0x14, 0x20, 0x81, 0xc2, 0x81, 0x8d, 0x1b, 0x38, 0x72, 0xe8, 0xd8,
    0xc1, 0xa3, 0x87, 0x8f, 0x1f, 0x40, 0x82, 0x08, 0x19, 0x42, 0xa4, 0x88,
    0x91, 0x23, 0x48, 0x92, 0x28, 0x59, 0xc2, 0xa4, 0x89, 0x93, 0x27, 0x50,
    0xa2, 0x48, 0x99, 0x42, 0xa5, 0x8a, 0x95, 0x2b, 0x58, 0xb2, 0x38, 0x40,
    0xf1, 0xe1, 0xc0, 0x00, 0x18, 0x60, 0xc2, 0x88, 0x49, 0x01, 0x00, 0x52,
    0xa8, 0x58, 0xc1, 0xa2, 0x85, 0x8b, 0x17, 0x2f, 0x06, 0x20, 0xf8, 0x80,
    0xc2, 0x81, 0x8d, 0x1b, 0x38, 0x72, 0xe8, 0xd8, 0xc1, 0xa3, 0x87, 0x8f,
    0x1f, 0x40, 0x82, 0x08, 0x19, 0x42, 0xa4, 0x88, 0x91, 0x23, 0x48, 0x92,
    0x28, 0x59, 0xc2, 0xa4, 0x89, 0x93, 0x27, 0x50, 0xa2, 0x48, 0x99, 0x42,
    0xa5, 0x8a, 0x95, 0x2b, 0x58, 0xb2, 0x38, 0x38, 0xf1, 0x01, 0x41, 0x00,
    0x18, 0x60, 0xc2, 0x88, 0x49, 0x01, 0x00, 0x54, 0xac, 0x60, 0xd1, 0xc2,
    0xc5, 0x0b, 0x18, 0x30, 0x06, 0x14, 0xf8, 0x70, 0xc2, 0xc1, 0x0d, 0x1c,
    0x39, 0x74, 0xec, 0xe0, 0xd1, 0xc3, 0xc7, 0x0f, 0x20, 0x41, 0x84, 0x0c,
    0x21, 0x52, 0xc4, 0xc8, 0x11, 0x24, 0x49, 0x94, 0x2c, 0x61, 0xd2, 0xc4,
    0xc9, 0x13, 0x28, 0x51, 0xa4, 0x4c, 0xa1, 0x52, 0xc5, 0xca, 0x15, 0x2c,
    0x59, 0xb4, 0x38, 0x48, 0x21, 0x02, 0xc1, 0x80, 0x18, 0x61, 0xc4, 0x8c,
    0x51, 0x01, 0x00, 0x54, 0xac, 0x60, 0xd1, 0xc2, 0xc5, 0x0b, 0x18, 0x30,
    0x02, 0x20, 0xf8, 0x90, 0xc2, 0xc1, 0x0d, 0x1c, 0x39, 0x74, 0xec, 0xe0,
    0xd1, 0xc3, 0xc7, 0x0f, 0x20, 0x41, 0x84, 0x0c, 0x21, 0x52, 0xc4, 0xc8,
    0x11, 0x24, 0x49, 0x94, 0x2c, 0x61, 0xd2, 0xc4, 0xc9, 0x13, 0x28, 0x51,
    0xa4, 0x4c, 0xa1, 0x52, 0xc5, 0xca, 0x15, 0x2c, 0x59, 0xb4, 0x38, 0x40,
    0x21, 0xe2, 0x80, 0x80, 0x18, 0x61, 0xc4, 0x8c, 0x51, 0x01, 0x00, 0x52,
    0xa8, 0x58, 0xc1, 0xa2, 0x85, 0x8b, 0x17, 0x2f, 0x04, 0x20, 0x20, 0x71,
    0xc2, 0x81, 0x8d, 0x1b, 0x38, 0x72, 0xe8, 0xd8, 0xc1, 0xa3, 0x87, 0x8f,
    0x1f, 0x40, 0x82, 0x08, 0x19, 0x42, 0xa4, 0x88, 0x91, 0x23, 0x48, 0x92,
    0x28, 0x59, 0xc2, 0xa4, 0x89, 0x93, 0x27, 0x50, 0xa2, 0x48, 0x99, 0x42,
    0xa5, 0x8a, 0x95, 0x2b, 0x58, 0xb2, 0x38, 0x40, 0x21, 0x02, 0x81, 0x00,
    0x18, 0x60, 0xc2, 0x88, 0x49, 0x01, 0x00, 0x54, 0xac, 0x60, 0xd1, 0xc2,
    0xc5, 0x0b, 0x18, 0x30, 0x06, 0x1c, 0x10, 0x91, 0xc2, 0xc1, 0x0d, 0x1c,
    0x39, 0x74, 0xec, 0xe0, 0xd1, 0xc3, 0xc7, 0x0f, 0x20, 0x41, 0x84, 0x0c,
    0x21, 0x52, 0xc4, 0xc8, 0x11, 0x24, 0x49, 0x94, 0x2c, 0x61, 0xd2, 0xc4,
    0xc9, 0x13, 0x28, 0x51, 0xa4, 0x4c, 0xa1, 0x52, 0xc5, 0xca, 0x15, 0x2c,
    0x59, 0xb4, 0x38, 0x38, 0x41, 0xa2, 0xc0, 0x80, 0x18, 0x61, 0xc4, 0x8c,
    0x51, 0x01, 0x00, 0x54, 0xac, 0x60, 0xd1, 0xc2, 0xc5, 0x0b, 0x18, 0x30,
    0x02, 0x20, 0x20, 0x91, 0xc2, 0xc1, 0x0d, 0x1c, 0x39, 0x74, 0xec, 0xe0,
    0xd1, 0xc3, 0xc7, 0x0f, 0x20, 0x41, 0x84, 0x0c, 0x21, 0x52, 0xc4, 0xc8,
    0x11, 0x24, 0x49, 0x94, 0x2c, 0x61, 0xd2, 0xc4, 0xc9, 0x13, 0x28, 0x51,
    0xa4, 0x4c, 0xa1, 0x52, 0xc5, 0xca, 0x15, 0x2c, 0x59, 0xb4, 0x38, 0x48,
    0x41, 0x02, 0xc1, 0x80, 0x18, 0x61, 0xc4, 0x8c, 0x51, 0x01, 0x00, 0x54,
    0xac, 0x60, 0xd1, 0xc2, 0xc5, 0x0b, 0x18, 0x30, 0x08, 0x20, 0x10, 0x91,
    0xc2, 0xc1, 0x0d, 0x1c, 0x39, 0x74, 0xec, 0xe0, 0xd1, 0xc3, 0xc7, 0x0f,
    0x20, 0x41, 0x84, 0x0c, 0x21, 0x52, 0xc4, 0xc8, 0x11, 0x24, 0x49, 0x94,
    0x2c, 0x61, 0xd2, 0xc4, 0xc9, 0x13, 0x28, 0x51, 0xa4, 0x4c, 0xa1, 0x52,
    0xc5, 0xca, 0x15, 0x2c, 0x59, 0xb4, 0x38, 0x48, 0x41, 0x02, 0xc1, 0x80,
    0x18, 0x61, 0xc4, 0x8c, 0x51, 0x01, 0x00, 0x54, 0xac, 0x60, 0xd1, 0xc2,
    0xc5, 0x0b, 0x18, 0x30, 0x08, 0x20, 0x10, 0x91, 0xc2, 0xc1, 0x0d, 0x1c,
    0x39, 0x74, 0xec, 0xe0, 0xd1, 0xc3, 0xc7, 0x0f, 0x20, 0x41, 0x84, 0x0c,
    0x21, 0x52, 0xc4, 0xc8, 0x11, 0x24, 0x49, 0x94, 0x2c, 0x61, 0xd2, 0xc4,
    0xc9, 0x13, 0x28, 0x51, 0xa4, 0x4c, 0xa1, 0x52, 0xc5, 0xca, 0x15, 0x2c,
    0x59, 0xb4, 0x38, 0x48, 0x41, 0x02, 0xc1, 0x80, 0x18, 0x61, 0xc4, 0x8c,
    0x51, 0x01, 0x00, 0x54, 0xac, 0x60, 0xd1, 0xc2, 0xc5, 0x0b, 0x18, 0x30,
    0x06, 0x1c, 0xf8, 0x90, 0xc2, 0xc1, 0x0d, 0x1c, 0x39, 0x74, 0xec, 0xe0,
    0xd1, 0xc3, 0xc7, 0x0f, 0x20, 0x41, 0x84, 0x0c, 0x21, 0x52, 0xc4, 0xc8,
    0x11, 0x24, 0x49, 0x94, 0x2c, 0x61, 0xd2, 0xc4, 0xc9, 0x13, 0x28, 0x51,
    0xa4, 0x4c, 0xa1, 0x52, 0xc5, 0xca, 0x15, 0x2c, 0x59, 0xb4, 0x38, 0x38,
    0xf1, 0xa1, 0xc0, 0x80, 0x18, 0x61, 0xc4, 0x8c, 0x51, 0x01, 0x00, 0x54,
    0xac, 0x60, 0xd1, 0xc2, 0xc5, 0x0b, 0x18, 0x30, 0x06, 0x20, 0x20, 0x91,
    0xc2, 0xc1, 0x0d, 0x1c, 0x39, 0x74, 0xec, 0xe0, 0xd1, 0xc3, 0xc7, 0x0f,
    0x20, 0x41, 0x84, 0x0c, 0x21, 0x52, 0xc4, 0xc8, 0x11, 0x24, 0x49, 0x94,
    0x2c, 0x61, 0xd2, 0xc4, 0xc9, 0x13, 0x28, 0x51, 0xa4, 0x4c, 0xa1, 0x52,
    0xc5, 0xca, 0x15, 0x2c, 0x59, 0xb4, 0x38, 0x48, 0xf1, 0xe1, 0x00, 0x81,
    0x18, 0x61, 0xc4, 0x8c, 0x51, 0x01, 0x00, 0x56, 0xb0, 0x68, 0xe1, 0xe2,
    0x05, 0x8c, 0x18, 0x31, 0x06, 0x20, 0xf8, 0x90, 0xc2, 0x01, 0x8e, 0x1c,
    0x3a, 0x76, 0xf0, 0xe8, 0xe1, 0xe3, 0x07, 0x90, 0x20, 0x42, 0x86, 0x10,
    0x29, 0x62, 0xe4, 0x08, 0x92, 0x24, 0x4a, 0x96, 0x30, 0x69, 0xe2, 0xe4,
    0x09, 0x94, 0x28, 0x52, 0xa6, 0x50, 0xa9, 0x62, 0xe5, 0x0a, 0x96, 0x2c,
    0x5a, 0xb6, 0x38, 0x38, 0xa1, 0xe2, 0x40, 0x00, 0x19, 0x62, 0xc6, 0x90,
    0x59, 0x01, 0x00, 0x50, 0xa4, 0x50, 0xb1, 0x82, 0x45, 0x0b, 0x17, 0x2e,
    0x02, 0x20, 0x20, 0x71, 0xc2, 0x41, 0x0d, 0x1b, 0x37, 0x70, 0xe4, 0xd0,
    0xb1, 0x83, 0x47, 0x0f, 0x1f, 0x3f, 0x80, 0x04, 0x11, 0x32, 0x84, 0x48,
    0x11, 0x23, 0x47, 0x90, 0x24, 0x51, 0xb2, 0x84, 0x49, 0x13, 0x27, 0x4f,
    0xa0, 0x44, 0x91, 0x32, 0x85, 0x4a, 0x15, 0x2b, 0x57, 0xb0, 0x38, 0x38,
    0x41, 0x02, 0x81, 0x80, 0x17, 0x5f, 0xc0, 0x84, 0x41, 0x01, 0x00, 0x54,
    0xac, 0x60, 0xd1, 0xc2, 0xc5, 0x0b, 0x18, 0x30, 0x06, 0x14, 0x10, 0x81,
    0xc2, 0xc1, 0x0d, 0x1c, 0x39, 0x74, 0xec, 0xe0, 0xd1, 0xc3, 0xc7, 0x0f,
    0x20, 0x41, 0x84, 0x0c, 0x21, 0x52, 0xc4, 0xc8, 0x11, 0x24, 0x49, 0x94,
    0x2c, 0x61, 0xd2, 0xc4, 0xc9, 0x13, 0x28, 0x51, 0xa4, 0x4c, 0xa1, 0x52,
    0xc5, 0xca, 0x15, 0x2c, 0x59, 0xb4, 0x38, 0x48, 0x41, 0x02, 0x81, 0x80,
    0x18, 0x61, 0xc4, 0x8c, 0x51, 0x01, 0x00, 0x52, 0xa8, 0x58, 0xc1, 0xa2,
    0x85, 0x8b, 0x17, 0x2f, 0x04, 0x1c, 0xf8, 0x80, 0xc2, 0x81, 0x8d, 0x1b,
    0x38, 0x72, 0xe8, 0xd8, 0xc1, 0xa3, 0x87, 0x8f, 0x1f, 0x40, 0x82, 0x08,
    0x19, 0x42, 0xa4, 0x88, 0x91, 0x23, 0x48, 0x92, 0x28, 0x59, 0xc2, 0xa4,
    0x89, 0x93, 0x27, 0x50, 0xa2, 0x48, 0x99, 0x42, 0xa5, 0x8a, 0x95, 0x2b,
    0x58, 0xb2, 0x38, 0x40, 0x41, 0xa2, 0x40, 0x00, 0x18, 0x60, 0xc2, 0x88,
    0x49, 0x01, 0x00, 0x56, 0xb0, 0x68, 0xe1, 0xe2, 0x05, 0x8c, 0x18, 0x31,
    0x04, 0x20, 0x20, 0x91, 0xc2, 0x01, 0x8e, 0x1c, 0x3a, 0x76, 0xf0, 0xe8,
    0xe1, 0xe3, 0x07, 0x90, 0x20, 0x42, 0x86, 0x10, 0x29, 0x62, 0xe4, 0x08,
    0x92, 0x24, 0x4a, 0x96, 0x30, 0x69, 0xe2, 0xe4, 0x09, 0x94, 0x28, 0x52,
    0xa6, 0x50, 0xa9, 0x62, 0xe5, 0x0a, 0x96, 0x2c, 0x5a, 0xb6, 0x38, 0x48,
    0xa1, 0x02, 0x01, 0x01, 0x19, 0x62, 0xc6, 0x90, 0x59, 0x01, 0x00, 0x4e,
    0xa0, 0x48, 0xa1, 0x62, 0x05, 0x8b, 0x16, 0x2d, 0x06, 0x1c, 0x20, 0x61,
    0xc2, 0x01, 0x8d, 0x1a, 0x36, 0x6e, 0xe0, 0xc8, 0xa1, 0x63, 0x07, 0x8f,
    0x1e, 0x3e, 0x7e, 0x00, 0x09, 0x22, 0x64, 0x08, 0x91, 0x22, 0x46, 0x8e,
    0x20, 0x49, 0xa2, 0x64, 0x09, 0x93, 0x26, 0x4e, 0x9e, 0x40, 0x89, 0x22,
    0x65, 0x0a, 0x95, 0x2a, 0x56, 0xae, 0x38, 0x30, 0xf1, 0xe1, 0xc0, 0x00,
    0x17, 0x5e, 0xbe, 0x80, 0x39, 0x01, 0x00, 0x56, 0xb0, 0x68, 0xe1, 0xe2,
    0x05, 0x8c, 0x18, 0x31, 0x06, 0x20, 0xf8, 0x70, 0xc2, 0x01, 0x8e, 0x1c,
    0x3a, 0x76, 0xf0, 0xe8, 0xe1, 0xe3, 0x07, 0x90, 0x20, 0x42, 0x86, 0x10,
    0x29, 0x62, 0xe4, 0x08, 0x92, 0x24, 0x4a, 0x96, 0x30, 0x69, 0xe2, 0xe4,
    0x09, 0x94, 0x28, 0x52, 0xa6, 0x50, 0xa9, 0x62, 0xe5, 0x0a, 0x96, 0x2c,
    0x5a, 0xb6, 0x38, 0x38, 0xa1, 0xe2, 0x00, 0x01, 0x19, 0x62, 0xc6, 0x90,
    0x59, 0x01, 0x00, 0x52, 0xa8, 0x58, 0xc1, 0xa2, 0x85, 0x8b, 0x17, 0x2f,
    0x02, 0x1c, 0x20, 0x71, 0xc2, 0x81, 0x8d, 0x1b, 0x38, 0x72, 0xe8, 0xd8,
    0xc1, 0xa3, 0x87, 0x8f, 0x1f, 0x40, 0x82, 0x08, 0x19, 0x42, 0xa4, 0x88,
    0x91, 0x23, 0x48, 0x92, 0x28, 0x59, 0xc2, 0xa4, 0x89, 0x93, 0x27, 0x50,
    0xa2, 0x48, 0x99, 0x42, 0xa5, 0x8a, 0x95, 0x2b, 0x58, 0xb2, 0x38, 0x40,
    0xf1, 0xa1, 0x80, 0x00, 0x18, 0x60, 0xc2, 0x88, 0x49, 0x01, 0x00, 0x54,
    0xac, 0x60, 0xd1, 0xc2, 0xc5, 0x0b, 0x18, 0x30, 0x08, 0x14, 0xf8, 0x80,
    0xc2, 0xc1, 0x0d, 0x1c, 0x39, 0x74, 0xec, 0xe0, 0xd1, 0xc3, 0xc7, 0x0f,
    0x20, 0x41, 0x84, 0x0c, 0x21, 0x52, 0xc4, 0xc8, 0x11, 0x24, 0x49, 0x94,
    0x2c, 0x61, 0xd2, 0xc4, 0xc9, 0x13, 0x28, 0x51, 0xa4, 0x4c, 0xa1, 0x52,
    0xc5, 0xca, 0x15, 0x2c, 0x59, 0xb4, 0x38, 0x48, 0x41, 0xe2, 0x80, 0x80,
    0x18, 0x61, 0xc4, 0x8c, 0x51, 0x01, 0x00, 0x50, 0xa4, 0x50, 0xb1, 0x82,
    0x45, 0x0b, 0x17, 0x2e, 0x02, 0x14, 0xf8, 0x60, 0xc2, 0x41, 0x0d, 0x1b,
    0x37, 0x70, 0xe4, 0xd0, 0xb1, 0x83, 0x47, 0x0f, 0x1f, 0x3f, 0x80, 0x04,
    0x11, 0x32, 0x84, 0x48, 0x11, 0x23, 0x47, 0x90, 0x24, 0x51, 0xb2, 0x84,
    0x49, 0x13, 0x27, 0x4f, 0xa0, 0x44, 0x91, 0x32, 0x85, 0x4a, 0x15, 0x2b,
    0x57, 0xb0, 0x38, 0x38, 0x21, 0xa2, 0x80, 0x80, 0x17, 0x5f, 0xc0, 0x84,
    0x41, 0x01, 0x00, 0x54, 0xac, 0x60, 0xd1, 0xc2, 0xc5, 0x0b, 0x18, 0x30,
    0x02, 0x14, 0x20, 0x91, 0xc2, 0xc1, 0x0d, 0x1c, 0x39, 0x74, 0xec, 0xe0,
    0xd1, 0xc3, 0xc7, 0x0f, 0x20, 0x41, 0x84, 0x0c, 0x21, 0x52, 0xc4, 0xc8,
    0x11, 0x24, 0x49, 0x94, 0x2c, 0x61, 0xd2, 0xc4, 0xc9, 0x13, 0x28, 0x51,
    0xa4, 0x4c, 0xa1, 0x52, 0xc5, 0xca, 0x15, 0x2c, 0x59, 0xb4, 0x38, 0x38,
    0x21, 0x02, 0x41, 0x80, 0x18, 0x61, 0xc4, 0x8c, 0x51, 0x01, 0x00, 0x54,
    0xac, 0x60, 0xd1, 0xc2, 0xc5, 0x0b, 0x18, 0x30, 0x04, 0x1c, 0x10, 0x91,
    0xc2, 0xc1, 0x0d, 0x1c, 0x39, 0x74, 0xec, 0xe0, 0xd1, 0xc3, 0xc7, 0x0f,
    0x20, 0x41, 0x84, 0x0c, 0x21, 0x52, 0xc4, 0xc8, 0x11, 0x24, 0x49, 0x94,
    0x2c, 0x61, 0xd2, 0xc4, 0xc9, 0x13, 0x28, 0x51, 0xa4, 0x4c, 0xa1, 0x52,
    0xc5, 0xca, 0x15, 0x2c, 0x59, 0xb4, 0x38, 0x40, 0xf1, 0xa1, 0xc0, 0x80,
    0x18, 0x61, 0xc4, 0x8c, 0x51, 0x01, 0x00, 0x52, 0xa8, 0x58, 0xc1, 0xa2,
    0x85, 0x8b, 0x17, 0x2f, 0x06, 0x1c, 0x20, 0x61, 0xc2, 0x81, 0x8d, 0x1b,
    0x38, 0x72, 0xe8, 0xd8, 0xc1, 0xa3, 0x87, 0x8f, 0x1f, 0x40, 0x82, 0x08,
    0x19, 0x42, 0xa4, 0x88, 0x91, 0x23, 0x48, 0x92, 0x28, 0x59, 0xc2, 0xa4,
    0x89, 0x93, 0x27, 0x50, 0xa2, 0x48, 0x99, 0x42, 0xa5, 0x8a, 0x95, 0x2b,
    0x58, 0xb2, 0x38, 0x40, 0xf1, 0xe1, 0x80, 0x00, 0x18, 0x60, 0xc2, 0x88,
    0x49, 0x01, 0x00, 0x52, 0xa8, 0x58, 0xc1, 0xa2, 0x85, 0x8b, 0x17, 0x2f,
    0x04, 0x14, 0x20, 0x81, 0xc2, 0x81, 0x8d, 0x1b, 0x38, 0x72, 0xe8, 0xd8,
    0xc1, 0xa3, 0x87, 0x8f, 0x1f, 0x40, 0x82, 0x08, 0x19, 0x42, 0xa4, 0x88,
    0x91, 0x23, 0x48, 0x92, 0x28, 0x59, 0xc2, 0xa4, 0x89, 0x93, 0x27, 0x50,
    0xa2, 0x48, 0x99, 0x42, 0xa5, 0x8a, 0x95, 0x2b, 0x58, 0xb2, 0x38, 0x38,
    0xf1, 0x01, 0x81, 0x00, 0x18, 0x60, 0xc2, 0x88, 0x49, 0x01, 0x00, 0x54,
    0xac, 0x60, 0xd1, 0xc2, 0xc5, 0x0b, 0x18, 0x30, 0x04, 0x20, 0xf8, 0x90,
    0xc2, 0xc1, 0x0d, 0x1c, 0x39, 0x74, 0xec, 0xe0, 0xd1, 0xc3, 0xc7, 0x0f,
    0x20, 0x41, 0x84, 0x0c, 0x21, 0x52, 0xc4, 0xc8, 0x11, 0x24, 0x49, 0x94,
    0x2c, 0x61, 0xd2, 0xc4, 0xc9, 0x13, 0x28, 0x51, 0xa4, 0x4c, 0xa1, 0x52,
    0xc5, 0xca, 0x15, 0x2c, 0x59, 0xb4, 0x38, 0x40, 0x41, 0xe2, 0x00, 0x81,
    0x18, 0x61, 0xc4, 0x8c, 0x51, 0x01, 0x00, 0x50, 0xa4, 0x50, 0xb1, 0x82,
    0x45, 0x0b, 0x17, 0x2e, 0x06, 0x20, 0x20, 0x61, 0xc2, 0x41, 0x0d, 0x1b,
    0x37, 0x70, 0xe4, 0xd0, 0xb1, 0x83, 0x47, 0x0f, 0x1f, 0x3f, 0x80, 0x04,
    0x11, 0x32, 0x84, 0x48, 0x11, 0x23, 0x47, 0x90, 0x24, 0x51, 0xb2, 0x84,
    0x49, 0x13, 0x27, 0x4f, 0xa0, 0x44, 0x91, 0x32, 0x85, 0x4a, 0x15, 0x2b,
    0x57, 0xb0, 0x38, 0x38, 0x41, 0x02, 0xc1, 0x80, 0x17, 0x5f, 0xc0, 0x84,
    0x41, 0x01, 0x00, 0x54, 0xac, 0x60, 0xd1, 0xc2, 0xc5, 0x0b, 0x18, 0x30,
    0x06, 0x14, 0xf8, 0x60, 0xc2, 0xc1, 0x0d, 0x1c, 0x39, 0x74, 0xec, 0xe0,
    0xd1, 0xc3, 0xc7, 0x0f, 0x20, 0x41, 0x84, 0x0c, 0x21, 0x52, 0xc4, 0xc8,
    0x11, 0x24, 0x49, 0x94, 0x2c, 0x61, 0xd2, 0xc4, 0xc9, 0x13, 0x28, 0x51,
    0xa4, 0x4c, 0xa1, 0x52, 0xc5, 0xca, 0x15, 0x2c, 0x59, 0xb4, 0x38, 0x48,
    0xf1, 0xa1, 0x80, 0x80, 0x18, 0x61, 0xc4, 0x8c, 0x51, 0x01, 0x00, 0x54,
    0xac, 0x60, 0xd1, 0xc2, 0xc5, 0x0b, 0x18, 0x30, 0x04, 0x1c, 0x10, 0x91,
    0xc2, 0xc1, 0x0d, 0x1c, 0x39, 0x74, 0xec, 0xe0, 0xd1, 0xc3, 0xc7, 0x0f,
    0x20, 0x41, 0x84, 0x0c, 0x21, 0x52, 0xc4, 0xc8, 0x11, 0x24, 0x49, 0x94,
    0x2c, 0x61, 0xd2, 0xc4, 0xc9, 0x13, 0x28, 0x51, 0xa4, 0x4c, 0xa1, 0x52,
    0xc5, 0xca, 0x15, 0x2c, 0x59, 0xb4, 0x38, 0x38, 0x21, 0xe2, 0x40, 0x80,
    0x18, 0x61, 0xc4, 0x8c, 0x51, 0x01, 0x00, 0x54, 0xac, 0x60, 0xd1, 0xc2,
    0xc5, 0x0b, 0x18, 0x30, 0x04, 0x20, 0xf8, 0x80, 0xc2, 0xc1, 0x0d, 0x1c,
    0x39, 0x74, 0xec, 0xe0, 0xd1, 0xc3, 0xc7, 0x0f, 0x20, 0x41, 0x84, 0x0c,
    0x21, 0x52, 0xc4, 0xc8, 0x11, 0x24, 0x49, 0x94, 0x2c, 0x61, 0xd2, 0xc4,
    0xc9, 0x13, 0x28, 0x51, 0xa4, 0x4c, 0xa1, 0x52, 0xc5, 0xca, 0x15, 0x2c,
    0x59, 0xb4, 0x38, 0x48, 0x41, 0xa2, 0x80, 0x80, 0x18, 0x61, 0xc4, 0x8c,
    0x51, 0x01, 0x00, 0x54, 0xac, 0x60, 0xd1, 0xc2, 0xc5, 0x0b, 0x18, 0x30,
    0x04, 0x20, 0x10, 0x91, 0xc2, 0xc1, 0x0d, 0x1c, 0x39, 0x74, 0xec, 0xe0,
    0xd1, 0xc3, 0xc7, 0x0f, 0x20, 0x41, 0x84, 0x0c, 0x21, 0x52, 0xc4, 0xc8,
    0x11, 0x24, 0x49, 0x94, 0x2c, 0x61, 0xd2, 0xc4, 0xc9, 0x13, 0x28, 0x51,
    0xa4, 0x4c, 0xa1, 0x52, 0xc5, 0xca, 0x15, 0x2c, 0x59, 0xb4, 0x38, 0x48,
    0x41, 0xe2, 0xc0, 0x80, 0x18, 0x61, 0xc4, 0x8c, 0x51, 0x01, 0x00, 0x54,
    0xac, 0x60, 0xd1, 0xc2, 0xc5, 0x0b, 0x18, 0x30, 0x02, 0x20, 0xf8, 0x70,
    0xc2, 0xc1, 0x0d, 0x1c, 0x39, 0x74, 0xec, 0xe0, 0xd1, 0xc3, 0xc7, 0x0f,
    0x20, 0x41, 0x84, 0x0c, 0x21, 0x52, 0xc4, 0xc8, 0x11, 0x24, 0x49, 0x94,
    0x2c, 0x61, 0xd2, 0xc4, 0xc9, 0x13, 0x28, 0x51, 0xa4, 0x4c, 0xa1, 0x52,
    0xc5, 0xca, 0x15, 0x2c, 0x59, 0xb4, 0x38, 0x48, 0x41, 0x02, 0xc1, 0x80,
    0x18, 0x61, 0xc4, 0x8c, 0x51, 0x01, 0x00, 0x54, 0xac, 0x60, 0xd1, 0xc2,
    0xc5, 0x0b, 0x18, 0x30, 0x04, 0x1c, 0x10, 0x71, 0xc2, 0xc1, 0x0d, 0x1c,
    0x39, 0x74, 0xec, 0xe0, 0xd1, 0xc3, 0xc7, 0x0f, 0x20, 0x41, 0x84, 0x0c,
    0x21, 0x52, 0xc4, 0xc8, 0x11, 0x24, 0x49, 0x94, 0x2c, 0x61, 0xd2, 0xc4,
    0xc9, 0x13, 0x28, 0x51, 0xa4, 0x4c, 0xa1, 0x52, 0xc5, 0xca, 0x15, 0x2c,
    0x59, 0xb4, 0x38, 0x48, 0x41, 0xa2, 0x80, 0x80, 0x18, 0x61, 0xc4, 0x8c,
    0x51, 0x01, 0x00, 0x54, 0xac, 0x60, 0xd1, 0xc2, 0xc5, 0x0b, 0x18, 0x30,
    0x02, 0x14, 0xf8, 0x90, 0xc2, 0xc1, 0x0d, 0x1c, 0x39, 0x74, 0xec, 0xe0,
    0xd1, 0xc3, 0xc7, 0x0f, 0x20, 0x41, 0x84, 0x0c, 0x21, 0x52, 0xc4, 0xc8,
    0x11, 0x24, 0x49, 0x94, 0x2c, 0x61, 0xd2, 0xc4, 0xc9, 0x13, 0x28, 0x51,
    0xa4, 0x4c, 0xa1, 0x52, 0xc5, 0xca, 0x15, 0x2c, 0x59, 0xb4, 0x38, 0x48,
    0x21, 0x02, 0x41, 0x80, 0x18, 0x61, 0xc4, 0x8c, 0x51, 0x01, 0x00, 0x54,
    0xac, 0x60, 0xd1, 0xc2, 0xc5, 0x0b, 0x18, 0x30, 0x02, 0x20, 0xf8, 0x70,
    0xc2, 0xc1, 0x0d, 0x1c, 0x39, 0x74, 0xec, 0xe0, 0xd1, 0xc3, 0xc7, 0x0f,
    0x20, 0x41, 0x84, 0x0c, 0x21, 0x52, 0xc4, 0xc8, 0x11, 0x24, 0x49, 0x94,
    0x2c, 0x61, 0xd2, 0xc4, 0xc9, 0x13, 0x28, 0x51, 0xa4, 0x4c, 0xa1, 0x52,
    0xc5, 0xca, 0x15, 0x2c, 0x59, 0xb4, 0x38, 0x48, 0xf1, 0x01, 0x41, 0x80,
    0x18, 0x61, 0xc4, 0x8c, 0x51, 0x01, 0x00, 0x54, 0xac, 0x60, 0xd1, 0xc2,
    0xc5, 0x0b, 0x18, 0x30, 0x06, 0x14, 0x20, 0x91, 0xc2, 0xc1, 0x0d, 0x1c,
    0x39, 0x74, 0xec, 0xe0, 0xd1, 0xc3, 0xc7, 0x0f, 0x20, 0x41, 0x84, 0x0c,
    0x21, 0x52, 0xc4, 0xc8, 0x11, 0x24, 0x49, 0x94, 0x2c, 0x61, 0xd2, 0xc4,
    0xc9, 0x13, 0x28, 0x51, 0xa4, 0x4c, 0xa1, 0x52, 0xc5, 0xca, 0x15, 0x2c,
    0x59, 0xb4, 0x38, 0x38, 0x21, 0xa2, 0x40, 0x80, 0x18, 0x61, 0xc4, 0x8c,
    0x51, 0x01, 0x00, 0x52, 0xa8, 0x58, 0xc1, 0xa2, 0x85, 0x8b, 0x17, 0x2f,
    0x02, 0x20, 0xf8, 0x70, 0xc2, 0x81, 0x8d, 0x1b, 0x38, 0x72, 0xe8, 0xd8,
    0xc1, 0xa3, 0x87, 0x8f, 0x1f, 0x40, 0x82, 0x08, 0x19, 0x42, 0xa4, 0x88,
    0x91, 0x23, 0x48, 0x92, 0x28, 0x59, 0xc2, 0xa4, 0x89, 0x93, 0x27, 0x50,
    0xa2, 0x48, 0x99, 0x42, 0xa5, 0x8a, 0x95, 0x2b, 0x58, 0xb2, 0x38, 0x40,
    0xf1, 0xe1, 0x40, 0x00, 0x18, 0x60, 0xc2, 0x88, 0x49, 0x01, 0x00, 0x52,
    0xa8, 0x58, 0xc1, 0xa2, 0x85, 0x8b, 0x17, 0x2f, 0x02, 0x20, 0xf8, 0x80,
    0xc2, 0x81, 0x8d, 0x1b, 0x38, 0x72, 0xe8, 0xd8, 0xc1, 0xa3, 0x87, 0x8f,
    0x1f, 0x40, 0x82, 0x08, 0x19, 0x42, 0xa4, 0x88, 0x91, 0x23, 0x48, 0x92,
    0x28, 0x59, 0xc2, 0xa4, 0x89, 0x93, 0x27, 0x50, 0xa2, 0x48, 0x99, 0x42,
    0xa5, 0x8a, 0x95, 0x2b, 0x58, 0xb2, 0x38, 0x40, 0x21, 0xe2, 0x00, 0x01,
    0x18, 0x60, 0xc2, 0x88, 0x49, 0x01, 0x00, 0x54, 0xac, 0x60, 0xd1, 0xc2,
    0xc5, 0x0b, 0x18, 0x30, 0x06, 0x1c, 0x10, 0x71, 0xc2, 0xc1, 0x0d, 0x1c,
    0x39, 0x74, 0xec, 0xe0, 0xd1, 0xc3, 0xc7, 0x0f, 0x20, 0x41, 0x84, 0x0c,
    0x21, 0x52, 0xc4, 0xc8, 0x11, 0x24, 0x49, 0x94, 0x2c, 0x61, 0xd2, 0xc4,
    0xc9, 0x13, 0x28, 0x51, 0xa4, 0x4c, 0xa1, 0x52, 0xc5, 0xca, 0x15, 0x2c,
    0x59, 0xb4, 0x38, 0x48, 0xf1, 0x01, 0x01, 0x81, 0x18, 0x61, 0xc4, 0x8c,
    0x51, 0x01, 0x00, 0x54, 0xac, 0x60, 0xd1, 0xc2, 0xc5, 0x0b, 0x18, 0x30,
    0x08, 0x14, 0x20, 0x91, 0xc2, 0xc1, 0x0d, 0x1c, 0x39, 0x74, 0xec, 0xe0,
    0xd1, 0xc3, 0xc7, 0x0f, 0x20, 0x41, 0x84, 0x0c, 0x21, 0x52, 0xc4, 0xc8,
    0x11, 0x24, 0x49, 0x94, 0x2c, 0x61, 0xd2, 0xc4, 0xc9, 0x13, 0x28, 0x51,
    0xa4, 0x4c, 0xa1, 0x52, 0xc5, 0xca, 0x15, 0x2c, 0x59, 0xb4, 0x38, 0x48,
    0x41, 0x02, 0x01, 0x81, 0x18, 0x61, 0xc4, 0x8c, 0x51, 0x01, 0x00, 0x54,
    0xac, 0x60, 0xd1, 0xc2, 0xc5, 0x0b, 0x18, 0x30, 0x06, 0x1c, 0xf8, 0x70,
    0xc2, 0xc1, 0x0d, 0x1c, 0x39, 0x74, 0xec, 0xe0, 0xd1, 0xc3, 0xc7, 0x0f,
    0x20, 0x41, 0x84, 0x0c, 0x21, 0x52, 0xc4, 0xc8, 0x11, 0x24, 0x49, 0x94,
    0x2c, 0x61, 0xd2, 0xc4, 0xc9, 0x13, 0x28, 0x51, 0xa4, 0x4c, 0xa1, 0x52,
    0xc5, 0xca, 0x15, 0x2c, 0x59, 0xb4, 0x38, 0x48, 0x41, 0x02, 0xc1, 0x80,
    0x18, 0x61, 0xc4, 0x8c, 0x51, 0x01, 0x00, 0x56, 0xb0, 0x68, 0xe1, 0xe2,
    0x05, 0x8c, 0x18, 0x31, 0x04, 0x14, 0xf8, 0x60, 0xc2, 0x01, 0x8e, 0x1c,
    0x3a, 0x76, 0xf0, 0xe8, 0xe1, 0xe3, 0x07, 0x90, 0x20, 0x42, 0x86, 0x10,
    0x29, 0x62, 0xe4, 0x08, 0x92, 0x24, 0x4a, 0x96, 0x30, 0x69, 0xe2, 0xe4,
    0x09, 0x94, 0x28, 0x52, 0xa6, 0x50, 0xa9, 0x62, 0xe5, 0x0a, 0x96, 0x2c,
    0x5a, 0xb6, 0x38, 0x38, 0xa1, 0xe2, 0x80, 0x00, 0x19, 0x62, 0xc6, 0x90,
    0x59, 0x01, 0x00, 0x54, 0xac, 0x60, 0xd1, 0xc2, 0xc5, 0x0b, 0x18, 0x30,
    0x04, 0x1c, 0xf8, 0x80, 0xc2, 0xc1, 0x0d, 0x1c, 0x39, 0x74, 0xec, 0xe0,
    0xd1, 0xc3, 0xc7, 0x0f, 0x20, 0x41, 0x84, 0x0c, 0x21, 0x52, 0xc4, 0xc8,
    0x11, 0x24, 0x49, 0x94, 0x2c, 0x61, 0xd2, 0xc4, 0xc9, 0x13, 0x28, 0x51,
    0xa4, 0x4c, 0xa1, 0x52, 0xc5, 0xca, 0x15, 0x2c, 0x59, 0xb4, 0x38, 0x48,
    0x41, 0xa2, 0x80, 0x80, 0x18, 0x61, 0xc4, 0x8c, 0x51, 0x01, 0x00, 0x54,
    0xac, 0x60, 0xd1, 0xc2, 0xc5, 0x0b, 0x18, 0x30, 0x06, 0x1c, 0x20, 0x71,
    0xc2, 0xc1, 0x0d, 0x1c, 0x39, 0x74, 0xec, 0xe0, 0xd1, 0xc3, 0xc7, 0x0f,
    0x20, 0x41, 0x84, 0x0c, 0x21, 0x52, 0xc4, 0xc8, 0x11, 0x24, 0x49, 0x94,
    0x2c, 0x61, 0xd2, 0xc4, 0xc9, 0x13, 0x28, 0x51, 0xa4, 0x4c, 0xa1, 0x52,
    0xc5, 0xca, 0x15, 0x2c, 0x59, 0xb4, 0x38, 0x48, 0x21, 0xe2, 0x80, 0x80,
    0x18, 0x61, 0xc4, 0x8c, 0x51, 0x01, 0x00, 0x50, 0xa4, 0x50, 0xb1, 0x82,
    0x45, 0x0b, 0x17, 0x2e, 0x06, 0x20, 0xf8, 0x70, 0xc2, 0x41, 0x0d, 0x1b,
    0x37, 0x70, 0xe4, 0xd0, 0xb1, 0x83, 0x47, 0x0f, 0x1f, 0x3f, 0x80, 0x04,
    0x11, 0x32, 0x84, 0x48, 0x11, 0x23, 0x47, 0x90, 0x24, 0x51, 0xb2, 0x84,
    0x49, 0x13, 0x27, 0x4f, 0xa0, 0x44, 0x91, 0x32, 0x85, 0x4a, 0x15, 0x2b,
    0x57, 0xb0, 0x38, 0x38, 0x21, 0xe2, 0x80, 0x80, 0x17, 0x5f, 0xc0, 0x84,
    0x41, 0x01, 0x00, 0x56, 0xb0, 0x68, 0xe1, 0xe2, 0x05, 0x8c, 0x18, 0x31,
    0x04, 0x14, 0x50, 0x91, 0xc2, 0x01, 0x8e, 0x1c, 0x3a, 0x76, 0xf0, 0xe8,
    0xe1, 0xe3, 0x07, 0x90, 0x20, 0x42, 0x86, 0x10, 0x29, 0x62, 0xe4, 0x08,
    0x92, 0x24, 0x4a, 0x96, 0x30, 0x69, 0xe2, 0xe4, 0x09, 0x94, 0x28, 0x52,
    0xa6, 0x50, 0xa9, 0x62, 0xe5, 0x0a, 0x96, 0x2c, 0x5a, 0xb6, 0x38, 0x30,
    0xf1, 0x01, 0x81, 0x00, 0x19, 0x62, 0xc6, 0x90, 0x59, 0x01, 0x00, 0x54,
    0xac, 0x60, 0xd1, 0xc2, 0xc5, 0x0b, 0x18, 0x30, 0x06, 0x14, 0x20, 0x91,
    0xc2, 0xc1, 0x0d, 0x1c, 0x39, 0x74, 0xec, 0xe0, 0xd1, 0xc3, 0xc7, 0x0f,
    0x20, 0x41, 0x84, 0x0c, 0x21, 0x52, 0xc4, 0xc8, 0x11, 0x24, 0x49, 0x94,
    0x2c, 0x61, 0xd2, 0xc4, 0xc9, 0x13, 0x28, 0x51, 0xa4, 0x4c, 0xa1, 0x52,
    0xc5, 0xca, 0x15, 0x2c, 0x59, 0xb4, 0x38, 0x40, 0x21, 0x02, 0xc1, 0x80,
    0x18, 0x61, 0xc4, 0x8c, 0x51, 0x01, 0x00, 0x52, 0xa8, 0x58, 0xc1, 0xa2,
    0x85, 0x8b, 0x17, 0x2f, 0x02, 0x14, 0x20, 0x81, 0xc2, 0x81, 0x8d, 0x1b,
    0x38, 0x72, 0xe8, 0xd8, 0xc1, 0xa3, 0x87, 0x8f, 0x1f, 0x40, 0x82, 0x08,
    0x19, 0x42, 0xa4, 0x88, 0x91, 0x23, 0x48, 0x92, 0x28, 0x59, 0xc2, 0xa4,
    0x89, 0x93, 0x27, 0x50, 0xa2, 0x48, 0x99, 0x42, 0xa5, 0x8a, 0x95, 0x2b,
    0x58, 0xb2, 0x38, 0x40, 0xf1, 0x01, 0x01, 0x01, 0x18, 0x60, 0xc2, 0x88,
    0x49, 0x01, 0x00, 0x52, 0xa8, 0x58, 0xc1, 0xa2, 0x85, 0x8b, 0x17, 0x2f,
    0x02, 0x1c, 0x10, 0x81, 0xc2, 0x81, 0x8d, 0x1b, 0x38, 0x72, 0xe8, 0xd8,
    0xc1, 0xa3, 0x87, 0x8f, 0x1f, 0x40, 0x82, 0x08, 0x19, 0x42, 0xa4, 0x88,
    0x91, 0x23, 0x48, 0x92, 0x28, 0x59, 0xc2, 0xa4, 0x89, 0x93, 0x27, 0x50,
    0xa2, 0x48, 0x99, 0x42, 0xa5, 0x8a, 0x95, 0x2b, 0x58, 0xb2, 0x38, 0x40,
    0x41, 0x02, 0x41, 0x00, 0x18, 0x60, 0xc2, 0x88, 0x49, 0x01, 0x00, 0x54,
    0xac, 0x60, 0xd1, 0xc2, 0xc5, 0x0b, 0x18, 0x30, 0x04, 0x14, 0xf8, 0x80,
    0xc2, 0xc1, 0x0d, 0x1c, 0x39, 0x74, 0xec, 0xe0, 0xd1, 0xc3, 0xc7, 0x0f,
    0x20, 0x41, 0x84, 0x0c, 0x21, 0x52, 0xc4, 0xc8, 0x11, 0x24, 0x49, 0x94,
    0x2c, 0x61, 0xd2, 0xc4, 0xc9, 0x13, 0x28, 0x51, 0xa4, 0x4c, 0xa1, 0x52,
    0xc5, 0xca, 0x15, 0x2c, 0x59, 0xb4, 0x38, 0x48, 0xf1, 0x01, 0xc1, 0x80,
    0x18, 0x61, 0xc4, 0x8c, 0x51, 0x01, 0x00, 0x54, 0xac, 0x60, 0xd1, 0xc2,
    0xc5, 0x0b, 0x18, 0x30, 0x06, 0x1c, 0xf8, 0x70, 0xc2, 0xc1, 0x0d, 0x1c,
    0x39, 0x74, 0xec, 0xe0, 0xd1, 0xc3, 0xc7, 0x0f, 0x20, 0x41, 0x84, 0x0c,
    0x21, 0x52, 0xc4, 0xc8, 0x11, 0x24, 0x49, 0x94, 0x2c, 0x61, 0xd2, 0xc4,
    0xc9, 0x13, 0x28, 0x51, 0xa4, 0x4c, 0xa1, 0x52, 0xc5, 0xca, 0x15, 0x2c,
    0x59, 0xb4, 0x38, 0x48, 0x41, 0xa2, 0xc0, 0x80, 0x18, 0x61, 0xc4, 0x8c,
    0x51, 0x01, 0x00, 0x52, 0xa8, 0x58, 0xc1, 0xa2, 0x85, 0x8b, 0x17, 0x2f,
    0x08, 0x20, 0x20, 0x81, 0xc2, 0x81, 0x8d, 0x1b, 0x38, 0x72, 0xe8, 0xd8,
    0xc1, 0xa3, 0x87, 0x8f, 0x1f, 0x40, 0x82, 0x08, 0x19, 0x42, 0xa4, 0x88,
    0x91, 0x23, 0x48, 0x92, 0x28, 0x59, 0xc2, 0xa4, 0x89, 0x93, 0x27, 0x50,
    0xa2, 0x48, 0x99, 0x42, 0xa5, 0x8a, 0x95, 0x2b, 0x58, 0xb2, 0x38, 0x38,
    0xf1, 0x01, 0x81, 0x00, 0x18, 0x60, 0xc2, 0x88, 0x49, 0x01, 0x00, 0x52,
    0xa8, 0x58, 0xc1, 0xa2, 0x85, 0x8b, 0x17, 0x2f, 0x04, 0x1c, 0x20, 0x81,
    0xc2, 0x81, 0x8d, 0x1b, 0x38, 0x72, 0xe8, 0xd8, 0xc1, 0xa3, 0x87, 0x8f,
    0x1f, 0x40, 0x82, 0x08, 0x19, 0x42, 0xa4, 0x88, 0x91, 0x23, 0x48, 0x92,
    0x28, 0x59, 0xc2, 0xa4, 0x89, 0x93, 0x27, 0x50, 0xa2, 0x48, 0x99, 0x42,
    0xa5, 0x8a, 0x95, 0x2b, 0x58, 0xb2, 0x38, 0x38, 0x41, 0xa2, 0xc0, 0x00,
    0x18, 0x60, 0xc2, 0x88, 0x49, 0x01, 0x00, 0x50, 0xa4, 0x50, 0xb1, 0x82,
    0x45, 0x0b, 0x17, 0x2e, 0x04, 0x20, 0xf8, 0x70, 0xc2, 0x41, 0x0d, 0x1b,
    0x37, 0x70, 0xe4, 0xd0, 0xb1, 0x83, 0x47, 0x0f, 0x1f, 0x3f, 0x80, 0x04,
    0x11, 0x32, 0x84, 0x48, 0x11, 0x23, 0x47, 0x90, 0x24, 0x51, 0xb2, 0x84,
    0x49, 0x13, 0x27, 0x4f, 0xa0, 0x44, 0x91, 0x32, 0x85, 0x4a, 0x15, 0x2b,
    0x57, 0xb0, 0x38, 0x38, 0x41, 0xa2, 0x80, 0x80, 0x17, 0x5f, 0xc0, 0x84,
    0x41, 0x01, 0x00, 0x54, 0xac, 0x60, 0xd1, 0xc2, 0xc5, 0x0b, 0x18, 0x30,
    0x04, 0x20, 0x20, 0x91, 0xc2, 0xc1, 0x0d, 0x1c, 0x39, 0x74, 0xec, 0xe0,
    0xd1, 0xc3, 0xc7, 0x0f, 0x20, 0x41, 0x84, 0x0c, 0x21, 0x52, 0xc4, 0xc8,
    0x11, 0x24, 0x49, 0x94, 0x2c, 0x61, 0xd2, 0xc4, 0xc9, 0x13, 0x28, 0x51,
    0xa4, 0x4c, 0xa1, 0x52, 0xc5, 0xca, 0x15, 0x2c, 0x59, 0xb4, 0x38, 0x48,
    0x41, 0xe2, 0x80, 0x80, 0x18, 0x61, 0xc4, 0x8c, 0x51, 0x01, 0x00, 0x52,
    0xa8, 0x58, 0xc1, 0xa2, 0x85, 0x8b, 0x17, 0x2f, 0x06, 0x14, 0xf8, 0x80,
    0xc2, 0x81, 0x8d, 0x1b, 0x38, 0x72, 0xe8, 0xd8, 0xc1, 0xa3, 0x87, 0x8f,
    0x1f, 0x40, 0x82, 0x08, 0x19, 0x42, 0xa4, 0x88, 0x91, 0x23, 0x48, 0x92,
    0x28, 0x59, 0xc2, 0xa4, 0x89, 0x93, 0x27, 0x50, 0xa2, 0x48, 0x99, 0x42,
    0xa5, 0x8a, 0x95, 0x2b, 0x58, 0xb2, 0x38, 0x38, 0x21, 0xa2, 0x80, 0x00,
    0x18, 0x60, 0xc2, 0x88, 0x49, 0x01, 0x00, 0x54, 0xac, 0x60, 0xd1, 0xc2,
    0xc5, 0x0b, 0x18, 0x30, 0x02, 0x20, 0x20, 0x81, 0xc2, 0xc1, 0x0d, 0x1c,
    0x39, 0x74, 0xec, 0xe0, 0xd1, 0xc3, 0xc7, 0x0f, 0x20, 0x41, 0x84, 0x0c,
    0x21, 0x52, 0xc4, 0xc8, 0x11, 0x24, 0x49, 0x94, 0x2c, 0x61, 0xd2, 0xc4,
    0xc9, 0x13, 0x28, 0x51, 0xa4, 0x4c, 0xa1, 0x52, 0xc5, 0xca, 0x15, 0x2c,
    0x59, 0xb4, 0x38, 0x48, 0x21, 0xe2, 0xc0, 0x80, 0x18, 0x61, 0xc4, 0x8c,
    0x51, 0x01, 0x00, 0x54, 0xac, 0x60, 0xd1, 0xc2, 0xc5, 0x0b, 0x18, 0x30,
    0x06, 0x20, 0x20, 0x91, 0xc2, 0xc1, 0x0d, 0x1c, 0x39, 0x74, 0xec, 0xe0,
    0xd1, 0xc3, 0xc7, 0x0f, 0x20, 0x41, 0x84, 0x0c, 0x21, 0x52, 0xc4, 0xc8,
    0x11, 0x24, 0x49, 0x94, 0x2c, 0x61, 0xd2, 0xc4, 0xc9, 0x13, 0x28, 0x51,
    0xa4, 0x4c, 0xa1, 0x52, 0xc5, 0xca, 0x15, 0x2c, 0x59, 0xb4, 0x38, 0x48,
    0xf1, 0xe1, 0x80, 0x80, 0x18, 0x61, 0xc4, 0x8c, 0x51, 0x01, 0x00, 0x54,
    0xac, 0x60, 0xd1, 0xc2, 0xc5, 0x0b, 0x18, 0x30, 0x04, 0x14, 0x10, 0x81,
    0xc2, 0xc1, 0x0d, 0x1c, 0x39, 0x74, 0xec, 0xe0, 0xd1, 0xc3, 0xc7, 0x0f,
    0x20, 0x41, 0x84, 0x0c, 0x21, 0x52, 0xc4, 0xc8, 0x11, 0x24, 0x49, 0x94,
    0x2c, 0x61, 0xd2, 0xc4, 0xc9, 0x13, 0x28, 0x51, 0xa4, 0x4c, 0xa1, 0x52,
    0xc5, 0xca, 0x15, 0x2c, 0x59, 0xb4, 0x38, 0x48, 0x21, 0x02, 0x41, 0x80,
    0x18, 0x61, 0xc4, 0x8c, 0x51, 0x01, 0x00, 0x54, 0xac, 0x60, 0xd1, 0xc2,
    0xc5, 0x0b, 0x18, 0x30, 0x06, 0x20, 0xf8, 0x80, 0xc2, 0xc1, 0x0d, 0x1c,
    0x39, 0x74, 0xec, 0xe0, 0xd1, 0xc3, 0xc7, 0x0f, 0x20, 0x41, 0x84, 0x0c,
    0x21, 0x52, 0xc4, 0xc8, 0x11, 0x24, 0x49, 0x94, 0x2c, 0x61, 0xd2, 0xc4,
    0xc9, 0x13, 0x28, 0x51, 0xa4, 0x4c, 0xa1, 0x52, 0xc5, 0xca, 0x15, 0x2c,
    0x59, 0xb4, 0x38, 0x48, 0x41, 0xa2, 0xc0, 0x80, 0x18, 0x61, 0xc4, 0x8c,
    0x51, 0x01, 0x00, 0x56, 0xb0, 0x68, 0xe1, 0xe2, 0x05, 0x8c, 0x18, 0x31,
    0x06, 0x1c, 0x20, 0x71, 0xc2, 0x01, 0x8e, 0x1c, 0x3a, 0x76, 0xf0, 0xe8,
    0xe1, 0xe3, 0x07, 0x90, 0x20, 0x42, 0x86, 0x10, 0x29, 0x62, 0xe4, 0x08,
    0x92, 0x24, 0x4a, 0x96, 0x30, 0x69, 0xe2, 0xe4, 0x09, 0x94, 0x28, 0x52,
    0xa6, 0x50, 0xa9, 0x62, 0xe5, 0x0a, 0x96, 0x2c, 0x5a, 0xb6, 0x38, 0x48,
    0xa1, 0x22, 0x41, 0x00, 0x19, 0x62, 0xc6, 0x90, 0x59, 0x01, 0x00, 0x54,
    0xac, 0x60, 0xd1, 0xc2, 0xc5, 0x0b, 0x18, 0x30, 0x06, 0x14, 0xf8, 0x80,
    0xc2, 0xc1, 0x0d, 0x1c, 0x39, 0x74, 0xec, 0xe0, 0xd1, 0xc3, 0xc7, 0x0f,
    0x20, 0x41, 0x84, 0x0c, 0x21, 0x52, 0xc4, 0xc8, 0x11, 0x24, 0x49, 0x94,
    0x2c, 0x61, 0xd2, 0xc4, 0xc9, 0x13, 0x28, 0x51, 0xa4, 0x4c, 0xa1, 0x52,
    0xc5, 0xca, 0x15, 0x2c, 0x59, 0xb4, 0x38, 0x48, 0x41, 0xa2, 0xc0, 0x80,
    0x18, 0x61, 0xc4, 0x8c, 0x51, 0x01, 0x00, 0x50, 0xa4, 0x50, 0xb1, 0x82,
    0x45, 0x0b, 0x17, 0x2e, 0x04, 0x24, 0xf8, 0x70, 0xc2, 0x41, 0x0d, 0x1b,
    0x37, 0x70, 0xe4, 0xd0, 0xb1, 0x83, 0x47, 0x0f, 0x1f, 0x3f, 0x80, 0x04,
    0x11, 0x32, 0x84, 0x48, 0x11, 0x23, 0x47, 0x90, 0x24, 0x51, 0xb2, 0x84,
    0x49, 0x13, 0x27, 0x4f, 0xa0, 0x44, 0x91, 0x32, 0x85, 0x4a, 0x15, 0x2b,
    0x57, 0xb0, 0x38, 0x38, 0xf1, 0xe1, 0xc0, 0x80, 0x17, 0x5f, 0xc0, 0x84,
    0x41, 0x01, 0x00, 0x54, 0xac, 0x60, 0xd1, 0xc2, 0xc5, 0x0b, 0x18, 0x30,
    0x06, 0x1c, 0x20, 0x91, 0xc2, 0xc1, 0x0d, 0x1c, 0x39, 0x74, 0xec, 0xe0,
    0xd1, 0xc3, 0xc7, 0x0f, 0x20, 0x41, 0x84, 0x0c, 0x21, 0x52, 0xc4, 0xc8,
    0x11, 0x24, 0x49, 0x94, 0x2c, 0x61, 0xd2, 0xc4, 0xc9, 0x13, 0x28, 0x51,
    0xa4, 0x4c, 0xa1, 0x52, 0xc5, 0xca, 0x15, 0x2c, 0x59, 0xb4, 0x38, 0x48,
    0x21, 0xe2, 0x80, 0x80, 0x18, 0x61, 0xc4, 0x8c, 0x51, 0x01, 0x00, 0x54,
    0xac, 0x60, 0xd1, 0xc2, 0xc5, 0x0b, 0x18, 0x30, 0x06, 0x20, 0x20, 0x91,
    0xc2, 0xc1, 0x0d, 0x1c, 0x39, 0x74, 0xec, 0xe0, 0xd1, 0xc3, 0xc7, 0x0f,
    0x20, 0x41, 0x84, 0x0c, 0x21, 0x52, 0xc4, 0xc8, 0x11, 0x24, 0x49, 0x94,
    0x2c, 0x61, 0xd2, 0xc4, 0xc9, 0x13, 0x28, 0x51, 0xa4, 0x4c, 0xa1, 0x52,
    0xc5, 0xca, 0x15, 0x2c, 0x59, 0xb4, 0x38, 0x38, 0x41, 0xa2, 0x80, 0x80,
    0x18, 0x61, 0xc4, 0x8c, 0x51, 0x01, 0x00, 0x54, 0xac, 0x60, 0xd1, 0xc2,
    0xc5, 0x0b, 0x18, 0x30, 0x06, 0x14, 0xf8, 0x90, 0xc2, 0xc1, 0x0d, 0x1c,
    0x39, 0x74, 0xec, 0xe0, 0xd1, 0xc3, 0xc7, 0x0f, 0x20, 0x41, 0x84, 0x0c,
    0x21, 0x52, 0xc4, 0xc8, 0x11, 0x24, 0x49, 0x94, 0x2c, 0x61, 0xd2, 0xc4,
    0xc9, 0x13, 0x28, 0x51, 0xa4, 0x4c, 0xa1, 0x52, 0xc5, 0xca, 0x15, 0x2c,
    0x59, 0xb4, 0x38, 0x48, 0xf1, 0x01, 0xc1, 0x80, 0x18, 0x61, 0xc4, 0x8c,
    0x51, 0x01, 0x00, 0x54, 0xac, 0x60, 0xd1, 0xc2, 0xc5, 0x0b, 0x18, 0x30,
    0x06, 0x20, 0x10, 0x91, 0xc2, 0xc1, 0x0d, 0x1c, 0x39, 0x74, 0xec, 0xe0,
    0xd1, 0xc3, 0xc7, 0x0f, 0x20, 0x41, 0x84, 0x0c, 0x21, 0x52, 0xc4, 0xc8,
    0x11, 0x24, 0x49, 0x94, 0x2c, 0x61, 0xd2, 0xc4, 0xc9, 0x13, 0x28, 0x51,
    0xa4, 0x4c, 0xa1, 0x52, 0xc5, 0xca, 0x15, 0x2c, 0x59, 0xb4, 0x38, 0x48,
    0xf1, 0xe1, 0x40, 0x80, 0x18, 0x61, 0xc4, 0x8c, 0x51, 0x01, 0x00, 0x54,
    0xac, 0x60, 0xd1, 0xc2, 0xc5, 0x0b, 0x18, 0x30, 0x08, 0x24, 0x20, 0x91,
    0xc2, 0xc1, 0x0d, 0x1c, 0x39, 0x74, 0xec, 0xe0, 0xd1, 0xc3, 0xc7, 0x0f,
    0x20, 0x41, 0x84, 0x0c, 0x21, 0x52, 0xc4, 0xc8, 0x11, 0x24, 0x49, 0x94,
    0x2c, 0x61, 0xd2, 0xc4, 0xc9, 0x13, 0x28, 0x51, 0xa4, 0x4c, 0xa1, 0x52,
    0xc5, 0xca, 0x15, 0x2c, 0x59, 0xb4, 0x38, 0x48, 0xf1, 0xe1, 0xc0, 0x80,
    0x18, 0x61, 0xc4, 0x8c, 0x51, 0x01, 0x00, 0x50, 0xa4, 0x50, 0xb1, 0x82,
    0x45, 0x0b, 0x17, 0x2e, 0x08, 0x14, 0xf8, 0x70, 0xc2, 0x41, 0x0d, 0x1b,
    0x37, 0x70, 0xe4, 0xd0, 0xb1, 0x83, 0x47, 0x0f, 0x1f, 0x3f, 0x80, 0x04,
    0x11, 0x32, 0x84, 0x48, 0x11, 0x23, 0x47, 0x90, 0x24, 0x51, 0xb2, 0x84,
    0x49, 0x13, 0x27, 0x4f, 0xa0, 0x44, 0x91, 0x32, 0x85, 0x4a, 0x15, 0x2b,
    0x57, 0xb0, 0x38, 0x38, 0x21, 0xa2, 0x00, 0x81, 0x17, 0x5f, 0xc0, 0x84,
    0x41, 0x01, 0x00, 0x54, 0xac, 0x60, 0xd1, 0xc2, 0xc5, 0x0b, 0x18, 0x30,
    0x04, 0x1c, 0xf8, 0x90, 0xc2, 0xc1, 0x0d, 0x1c, 0x39, 0x74, 0xec, 0xe0,
    0xd1, 0xc3, 0xc7, 0x0f, 0x20, 0x41, 0x84, 0x0c, 0x21, 0x52, 0xc4, 0xc8,
    0x11, 0x24, 0x49, 0x94, 0x2c, 0x61, 0xd2, 0xc4, 0xc9, 0x13, 0x28, 0x51,
    0xa4, 0x4c, 0xa1, 0x52, 0xc5, 0xca, 0x15, 0x2c, 0x59, 0xb4, 0x38, 0x48,
    0xf1, 0x01, 0x41, 0x80, 0x18, 0x61, 0xc4, 0x8c, 0x51, 0x01, 0x00, 0x54,
    0xac, 0x60, 0xd1, 0xc2, 0xc5, 0x0b, 0x18, 0x30, 0x06, 0x1c, 0x10, 0x81,
    0xc2, 0xc1, 0x0d, 0x1c, 0x39, 0x74, 0xec, 0xe0, 0xd1, 0xc3, 0xc7, 0x0f,
    0x20, 0x41, 0x84, 0x0c, 0x21, 0x52, 0xc4, 0xc8, 0x11, 0x24, 0x49, 0x94,
    0x2c, 0x61, 0xd2, 0xc4, 0xc9, 0x13, 0x28, 0x51, 0xa4, 0x4c, 0xa1, 0x52,
    0xc5, 0xca, 0x15, 0x2c, 0x59, 0xb4, 0x38, 0x48, 0x41, 0xa2, 0x40, 0x80,
    0x18, 0x61, 0xc4, 0x8c, 0x51, 0x01, 0x00, 0x54, 0xac, 0x60, 0xd1, 0xc2,
    0xc5, 0x0b, 0x18, 0x30, 0x04, 0x14, 0x20, 0x71, 0xc2, 0xc1, 0x0d, 0x1c,
    0x39, 0x74, 0xec, 0xe0, 0xd1, 0xc3, 0xc7, 0x0f, 0x20, 0x41, 0x84, 0x0c,
    0x21, 0x52, 0xc4, 0xc8, 0x11, 0x24, 0x49, 0x94, 0x2c, 0x61, 0xd2, 0xc4,
    0xc9, 0x13, 0x28, 0x51, 0xa4, 0x4c, 0xa1, 0x52, 0xc5, 0xca, 0x15, 0x2c,
    0x59, 0xb4, 0x38, 0x48, 0x41, 0xa2, 0x40, 0x80, 0x18, 0x61, 0xc4, 0x8c,
    0x51, 0x01, 0x00, 0x56, 0xb0, 0x68, 0xe1, 0xe2, 0x05, 0x8c, 0x18, 0x31,
    0x06, 0x1c, 0x20, 0x91, 0xc2, 0x01, 0x8e, 0x1c, 0x3a, 0x76, 0xf0, 0xe8,
    0xe1, 0xe3, 0x07, 0x90, 0x20, 0x42, 0x86, 0x10, 0x29, 0x62, 0xe4, 0x08,
    0x92, 0x24, 0x4a, 0x96, 0x30, 0x69, 0xe2, 0xe4, 0x09, 0x94, 0x28, 0x52,
    0xa6, 0x50, 0xa9, 0x62, 0xe5, 0x0a, 0x96, 0x2c, 0x5a, 0xb6, 0x38, 0x40,
    0xa1, 0xe2, 0x00, 0x01, 0x19, 0x62, 0xc6, 0x90, 0x59, 0x01, 0x00, 0x52,
    0xa8, 0x58, 0xc1, 0xa2, 0x85, 0x8b, 0x17, 0x2f, 0x02, 0x1c, 0xf8, 0x80,
    0xc2, 0x81, 0x8d, 0x1b, 0x38, 0x72, 0xe8, 0xd8, 0xc1, 0xa3, 0x87, 0x8f,
    0x1f, 0x40, 0x82, 0x08, 0x19, 0x42, 0xa4, 0x88, 0x91, 0x23, 0x48, 0x92,
    0x28, 0x59, 0xc2, 0xa4, 0x89, 0x93, 0x27, 0x50, 0xa2, 0x48, 0x99, 0x42,
    0xa5, 0x8a, 0x95, 0x2b, 0x58, 0xb2, 0x38, 0x38, 0xf1, 0x01, 0xc1, 0x00,
    0x18, 0x60, 0xc2, 0x88, 0x49, 0x01, 0x00, 0x54, 0xac, 0x60, 0xd1, 0xc2,
    0xc5, 0x0b, 0x18, 0x30, 0x04, 0x20, 0xf8, 0x80, 0xc2, 0xc1, 0x0d, 0x1c,
    0x39, 0x74, 0xec, 0xe0, 0xd1, 0xc3, 0xc7, 0x0f, 0x20, 0x41, 0x84, 0x0c,
    0x21, 0x52, 0xc4, 0xc8, 0x11, 0x24, 0x49, 0x94, 0x2c, 0x61, 0xd2, 0xc4,
    0xc9, 0x13, 0x28, 0x51, 0xa4, 0x4c, 0xa1, 0x52, 0xc5, 0xca, 0x15, 0x2c,
    0x59, 0xb4, 0x38, 0x48, 0x41, 0x02, 0x81, 0x80, 0x18, 0x61, 0xc4, 0x8c,
    0x51, 0x01, 0x00, 0x54, 0xac, 0x60, 0xd1, 0xc2, 0xc5, 0x0b, 0x18, 0x30,
    0x06, 0x20, 0x20, 0x91, 0xc2, 0xc1, 0x0d, 0x1c, 0x39, 0x74, 0xec, 0xe0,
    0xd1, 0xc3, 0xc7, 0x0f, 0x20, 0x41, 0x84, 0x0c, 0x21, 0x52, 0xc4, 0xc8,
    0x11, 0x24, 0x49, 0x94, 0x2c, 0x61, 0xd2, 0xc4, 0xc9, 0x13, 0x28, 0x51,
    0xa4, 0x4c, 0xa1, 0x52, 0xc5, 0xca, 0x15, 0x2c, 0x59, 0xb4, 0x38, 0x38,
    0xf1, 0xa1, 0x40, 0x80, 0x18, 0x61, 0xc4, 0x8c, 0x51, 0x01, 0x00, 0x52,
    0xa8, 0x58, 0xc1, 0xa2, 0x85, 0x8b, 0x17, 0x2f, 0x06, 0x20, 0x10, 0x71,
    0xc2, 0x81, 0x8d, 0x1b, 0x38, 0x72, 0xe8, 0xd8, 0xc1, 0xa3, 0x87, 0x8f,
    0x1f, 0x40, 0x82, 0x08, 0x19, 0x42, 0xa4, 0x88, 0x91, 0x23, 0x48, 0x92,
    0x28, 0x59, 0xc2, 0xa4, 0x89, 0x93, 0x27, 0x50, 0xa2, 0x48, 0x99, 0x42,
    0xa5, 0x8a, 0x95, 0x2b, 0x58, 0xb2, 0x38, 0x40, 0x21, 0xa2, 0x80, 0x00,
    0x18, 0x60, 0xc2, 0x88, 0x49, 0x01, 0x00, 0x54, 0xac, 0x60, 0xd1, 0xc2,
    0xc5, 0x0b, 0x18, 0x30, 0x06, 0x20, 0xf8, 0x70, 0xc2, 0xc1, 0x0d, 0x1c,
    0x39, 0x74, 0xec, 0xe0, 0xd1, 0xc3, 0xc7, 0x0f, 0x20, 0x41, 0x84, 0x0c,
    0x21, 0x52, 0xc4, 0xc8, 0x11, 0x24, 0x49, 0x94, 0x2c, 0x61, 0xd2, 0xc4,
    0xc9, 0x13, 0x28, 0x51, 0xa4, 0x4c, 0xa1, 0x52, 0xc5, 0xca, 0x15, 0x2c,
    0x59, 0xb4, 0x38, 0x48, 0xf1, 0xe1, 0x40, 0x80, 0x18, 0x61, 0xc4, 0x8c,
    0x51, 0x01, 0x00, 0x52, 0xa8, 0x58, 0xc1, 0xa2, 0x85, 0x8b, 0x17, 0x2f,
    0x02, 0x1c, 0xf8, 0x80, 0xc2, 0x81, 0x8d, 0x1b, 0x38, 0x72, 0xe8, 0xd8,
    0xc1, 0xa3, 0x87, 0x8f, 0x1f, 0x40, 0x82, 0x08, 0x19, 0x42, 0xa4, 0x88,
    0x91, 0x23, 0x48, 0x92, 0x28, 0x59, 0xc2, 0xa4, 0x89, 0x93, 0x27, 0x50,
    0xa2, 0x48, 0x99, 0x42, 0xa5, 0x8a, 0x95, 0x2b, 0x58, 0xb2, 0x38, 0x40,
    0x41, 0xe2, 0x40, 0x00, 0x18, 0x60, 0xc2, 0x88, 0x49, 0x01, 0x00, 0x50,
    0xa4, 0x50, 0xb1, 0x82, 0x45, 0x0b, 0x17, 0x2e, 0x06, 0x20, 0xf8, 0x70,
    0xc2, 0x41, 0x0d, 0x1b, 0x37, 0x70, 0xe4, 0xd0, 0xb1, 0x83, 0x47, 0x0f,
    0x1f, 0x3f, 0x80, 0x04, 0x11, 0x32, 0x84, 0x48, 0x11, 0x23, 0x47, 0x90,
    0x24, 0x51, 0xb2, 0x84, 0x49, 0x13, 0x27, 0x4f, 0xa0, 0x44, 0x91, 0x32,
    0x85, 0x4a, 0x15, 0x2b, 0x57, 0xb0, 0x38, 0x38, 0xf1, 0xe1, 0x80, 0x80,
    0x17, 0x5f, 0xc0, 0x84, 0x41, 0x01, 0x00, 0x58, 0xb4, 0x70, 0xf1, 0x02,
    0x46, 0x0c, 0x19, 0x32, 0x08, 0x20, 0xf8, 0x60, 0x22, 0x84, 0x03, 0x1d,
    0x3b, 0x78, 0xf4, 0xf0, 0xf1, 0x03, 0x48, 0x10, 0x21, 0x43, 0x88, 0x14,
    0x31, 0x72, 0x04, 0x49, 0x12, 0x25, 0x4b, 0x98, 0x34, 0x71, 0xf2, 0x04,
    0x4a, 0x14, 0x29, 0x53, 0xa8, 0x54, 0xb1, 0x72, 0x05, 0x4b, 0x16, 0x2d,
    0x5b, 0xb8, 0x70, 0x59, 0x91, 0xe2, 0x43, 0x01, 0x01, 0x33, 0xc8, 0x94,
    0x31, 0xc3, 0x02, 0x00, 0x5c, 0xbc, 0x80, 0x11, 0x43, 0xc6, 0x0c, 0x1a,
    0x34, 0x02, 0x14, 0xf8, 0x90, 0x82, 0x85, 0x03, 0x1e, 0x3d, 0x7c, 0xfc,
    0x00, 0x12, 0x44, 0xc8, 0x10, 0x22, 0x45, 0x8c, 0x1c, 0x41, 0x92, 0x44,
    0xc9, 0x12, 0x26, 0x4d, 0x9c, 0x3c, 0x81, 0x12, 0x45, 0xca, 0x14, 0x2a,
    0x55, 0xac, 0x5c, 0xc1, 0x92, 0x45, 0xcb, 0x16, 0x2e, 0x5d, 0xbc, 0x78,
    0x69, 0x71, 0x42, 0x84, 0x01, 0x01, 0x35, 0xcc, 0x9c, 0x41, 0xe3, 0x02,
    0x00, 0x5e, 0xc0, 0x88, 0x21, 0x63, 0x06, 0x8d, 0x1a, 0x35, 0x06, 0x1c,
    0x10, 0x61, 0xc2, 0x85, 0x83, 0x1e, 0x3e, 0x7e, 0x00, 0x09, 0x22, 0x64,
    0x08, 0x91, 0x22, 0x46, 0x8e, 0x20, 0x49, 0xa2, 0x64, 0x09, 0x93, 0x26,
    0x4e, 0x9e, 0x40, 0x89, 0x22, 0x65, 0x0a, 0x95, 0x2a, 0x56, 0xae, 0x60,
    0xc9, 0xa2, 0x65, 0x0b, 0x97, 0x2e, 0x5e, 0xbe, 0x7c, 0x71, 0x71, 0x82,
    0x44, 0x81, 0x00, 0x36, 0xce, 0xa0, 0x49, 0xf3, 0x02, 0x00, 0x9a, 0x38,
    0x79, 0x02, 0x25, 0x8a, 0x94, 0x29, 0x53, 0x02, 0x10, 0xa8, 0x30, 0x62,
    0x49, 0x03, 0x07, 0x5c, 0xba, 0x78, 0xf9, 0x02, 0x26, 0x8c, 0x98, 0x31,
    0x64, 0xca, 0x98, 0x39, 0x83, 0x26, 0x8d, 0x9a, 0x35, 0x6c, 0xda, 0xb8,
    0x79, 0x03, 0x27, 0x8e, 0x9c, 0x39, 0x74, 0xea, 0xd8, 0xb9, 0x83, 0x27,
    0x8f, 0x9e, 0x3d, 0x7c, 0xfa, 0xf8, 0xe1, 0xd3, 0x80, 0x49, 0x09, 0x11,
    0x06, 0x04, 0x50, 0x39, 0x84, 0x28, 0x51, 0x13, 0x00, 0x9c, 0x3c, 0x81,
    0x12, 0x45, 0xca, 0x14, 0x2a, 0x55, 0x0c, 0x54, 0xd8, 0x81, 0x42, 0x86,
    0x03, 0x2e, 0x5d, 0xbc, 0x7c, 0x01, 0x13, 0x46, 0xcc, 0x18, 0x32, 0x65,
    0xcc, 0x9c, 0x41, 0x93, 0x46, 0xcd, 0x1a, 0x36, 0x6d, 0xdc, 0xbc, 0x81,
    0x13, 0x47, 0xce, 0x1c, 0x3a, 0x75, 0xec, 0xdc, 0xc1, 0x93, 0x47, 0xcf,
    0x1e, 0x3e, 0x7d, 0xfc, 0xf0, 0x69, 0x72, 0x63, 0x07, 0x0c, 0x03, 0x55,
    0x0c, 0x1d, 0x42, 0xf4, 0x04, 0x00, 0x9e, 0x40, 0x89, 0x22, 0x65, 0x0a,
    0x95, 0x2a, 0x55, 0x02, 0x10, 0x48, 0xa0, 0x22, 0x45, 0x0d, 0x1b, 0x0e,
    0xbe, 0x80, 0x09, 0x23, 0x66, 0x0c, 0x99, 0x32, 0x66, 0xce, 0xa0, 0x49,
    0xa3, 0x66, 0x0d, 0x9b, 0x36, 0x6e, 0xde, 0xc0, 0x89, 0x23, 0x67, 0x0e,
    0x9d, 0x3a, 0x76, 0xee, 0xe0, 0xc9, 0xa3, 0x67, 0x0f, 0x9f, 0x3e, 0x7e,
    0xfe, 0x00, 0x0a, 0xd4, 0xc7, 0xc9, 0x8d, 0x13, 0x1f, 0x12, 0x0c, 0xb0,
    0xa2, 0x68, 0x11, 0x23, 0x28, 0x00, 0xa2, 0x48, 0x99, 0x42, 0xa5, 0x8a,
    0x95, 0x2b, 0x57, 0x02, 0x04, 0x28, 0x20, 0x62, 0x04, 0x8d, 0x1a, 0x4f,
    0x1c, 0x88, 0x19, 0x43, 0xa6, 0x8c, 0x99, 0x33, 0x68, 0xd2, 0xa8, 0x59,
    0xc3, 0xa6, 0x8d, 0x9b, 0x37, 0x70, 0xe2, 0xc8, 0x99, 0x43, 0xa7, 0x8e,
    0x9d, 0x3b, 0x78, 0xf2, 0xe8, 0xd9, 0xc3, 0xa7, 0x8f, 0x9f, 0x3f, 0x80,
    0x02, 0x09, 0x1a, 0x44, 0xc8, 0xcf, 0x13, 0x28, 0x34, 0x76, 0x54, 0x30,
    0x20, 0x00, 0x8b, 0xa3, 0x47, 0x90, 0xa4, 0x00, 0x00, 0xa6, 0x50, 0xa9,
    0x62, 0xe5, 0x0a, 0x96, 0x2c, 0x5a, 0x00, 0x0c, 0x48, 0xa0, 0x62, 0x44,
    0x8c, 0x20, 0x40, 0xa2, 0xb4, 0x08, 0xe1, 0xe0, 0x0c, 0x9a, 0x34, 0x6a,
    0xd6, 0xb0, 0x69, 0xe3, 0xe6, 0x0d, 0x9c, 0x38, 0x72, 0xe6, 0xd0, 0xa9,
    0x63, 0xe7, 0x0e, 0x9e, 0x3c, 0x7a, 0xf6, 0xf0, 0xe9, 0xe3, 0xe7, 0x0f,
    0xa0, 0x40, 0x82, 0x06, 0x11, 0x2a, 0x64, 0xe8, 0x10, 0xa2, 0x44, 0x7b,
    0x56, 0xf8, 0x88, 0x22, 0x85, 0xc7, 0x8d, 0x13, 0x22, 0x12, 0x18, 0x18,
    0xb0, 0xe5, 0x12, 0x26, 0x4c, 0x00, 0x90, 0x24, 0x51, 0xb2, 0x84, 0x49,
    0x13, 0x27, 0x4f, 0x02, 0x08, 0x20, 0x00, 0x43, 0x45, 0x89, 0x18, 0x41,
    0x8a, 0x64, 0x19, 0x32, 0x84, 0x88, 0x10, 0x2f, 0x5c, 0x84, 0x74, 0x11,
    0x32, 0x24, 0x0c, 0x97, 0x2d, 0x5b, 0x88, 0x90, 0x01, 0x53, 0x04, 0x8c,
    0x98, 0x34, 0x64, 0xc2, 0x14, 0xe9, 0x82, 0x06, 0xcd, 0x1b, 0x34, 0x45,
    0xc6, 0x78, 0x21, 0x62, 0x47, 0x8e, 0x16, 0x3d, 0x63, 0xf6, 0x88, 0xe1,
    0x22, 0x46, 0x08, 0x9e, 0x3c, 0x84, 0xb6, 0x8c, 0x91, 0x53, 0x47, 0x51,
    0x96, 0x3d, 0x7a, 0xb8, 0x38, 0x1a, 0x82, 0xc7, 0xcc, 0x17, 0x2f, 0x61,
    0xc2, 0x10, 0x61, 0xa3, 0x88, 0x0e, 0x9c, 0x2f, 0x6d, 0x2e, 0x45, 0x02,
    0x54, 0x06, 0xd2, 0x9e, 0x49, 0x99, 0x30, 0xe1, 0x61, 0xa3, 0xc9, 0xcf,
    0xa5, 0x42, 0x6c, 0x36, 0x79, 0x91, 0x13, 0x2a, 0x8d, 0xab, 0x44, 0x80,
    0xc8, 0xbc, 0xf9, 0xb4, 0x85, 0x52, 0x99, 0x40, 0x83, 0xba, 0xd8, 0x81,
    0x53, 0x6b, 0xd2, 0x99, 0x4c, 0x68, 0x30, 0xe5, 0xb1, 0x55, 0x6b, 0xcc,
    0x99, 0x5b, 0xb8, 0x28, 0x05, 0x22, 0xa4, 0xc8, 0x55, 0x35, 0x4c, 0xb9,
    0x86, 0x19, 0x6a, 0x26, 0x28, 0x4d, 0xac, 0x48, 0xcf, 0x48, 0xe5, 0x92,
    0xd3, 0x2d, 0x58, 0x9e, 0x45, 0x83, 0x8a, 0x25, 0x52, 0xf3, 0xe8, 0x91,
    0xb2, 0x3c, 0x66, 0xd8, 0x11, 0x3b, 0x55, 0xa6, 0x92, 0xa6, 0x4e, 0xca,
    0xd6, 0x98, 0x59, 0x64, 0x0a, 0x5d, 0xb1, 0x6b, 0x76, 0xe4, 0xc1, 0x41,
    0xc7, 0xec, 0x14, 0x99, 0x4d, 0x73, 0x0e, 0xd1, 0x5b, 0xd7, 0x6c, 0x1b,
    0xa2, 0x4a, 0x6a, 0xe2, 0x9c, 0x52, 0xd5, 0x6c, 0xdc, 0xc4, 0x71, 0xcd,
    0xce, 0xe8, 0x2a, 0x88, 0xa9, 0x9c, 0x27, 0x36, 0x6a, 0x32, 0x16, 0x7c,
    0x14, 0x89, 0x9f, 0x29, 0x3c, 0x23, 0x05, 0x45, 0xf3, 0xa7, 0x49, 0x53,
    0xb2, 0x4c, 0xfc, 0xbe, 0xb8, 0x01, 0x09, 0xc7, 0xd0, 0x1e, 0x43, 0x67,
    0x0e, 0x22, 0x34, 0x96, 0x0b, 0x91, 0xac, 0x39, 0xbc, 0xe0, 0x85, 0x42,
    0x25, 0x4b, 0xc8, 0x91, 0x20, 0x34, 0x4c, 0x90, 0x48, 0x50, 0x20, 0xc0,
    0x13, 0xa7, 0x4f, 0xa1, 0x2a, 0x01, 0x00, 0x90, 0x24, 0x51, 0xb2, 0x84,
    0x49, 0x13, 0x27, 0x4f, 0x02, 0x0c, 0x20, 0x70, 0xa0, 0x82, 0x0a, 0x10,
    0x26, 0x62, 0x18, 0x31, 0x52, 0xe3, 0x48, 0x0d, 0x2e, 0x5d, 0x8e, 0x04,
    0x11, 0x13, 0xc4, 0x4b, 0x90, 0x23, 0x5d, 0x6a, 0x8c, 0x11, 0x13, 0x26,
    0xcc, 0x9a, 0x34, 0x5f, 0xc8, 0xb8, 0xe1, 0xe2, 0x85, 0x0d, 0x18, 0x3a,
    0x64, 0x8c, 0xc4, 0x09, 0xf3, 0xa5, 0x8b, 0x18, 0x2e, 0x6b, 0xcc, 0xbc,
    0xf1, 0x93, 0x86, 0x0c, 0x1d, 0x2f, 0x65, 0xd6, 0xe4, 0x31, 0x02, 0x26,
    0xce, 0x1a, 0x34, 0x87, 0x04, 0x11, 0x2a, 0x33, 0xe9, 0xcf, 0x9e, 0x40,
    0x63, 0xd2, 0xb4, 0x39, 0x33, 0xa6, 0xcd, 0xa1, 0x40, 0x7f, 0x32, 0x15,
    0xca, 0xd3, 0x88, 0xd2, 0x9b, 0x47, 0x68, 0xcc, 0x58, 0x82, 0x44, 0xa8,
    0x4f, 0x99, 0x3e, 0x97, 0x18, 0x99, 0xf9, 0xb4, 0x89, 0xcc, 0x91, 0x2d,
    0x7b, 0xda, 0xd4, 0xe2, 0x94, 0xe9, 0x0c, 0x22, 0x3b, 0x7b, 0x32, 0x81,
    0x02, 0x43, 0xeb, 0x4f, 0x2a, 0x42, 0x8d, 0x2e, 0x49, 0xaa, 0xf5, 0x28,
    0xce, 0xa2, 0x40, 0xc0, 0x42, 0x49, 0x0a, 0x36, 0x68, 0x98, 0x9a, 0x42,
    0x9e, 0x20, 0xc9, 0x3a, 0x84, 0x0b, 0x58, 0x27, 0x6f, 0x6f, 0xc0, 0x69,
    0xd1, 0x23, 0x4b, 0x17, 0x1c, 0x6a, 0x9e, 0x0a, 0xd5, 0xe2, 0xd3, 0x6b,
    0xd0, 0xb2, 0x2e, 0x8b, 0xc0, 0xb1, 0xfa, 0x66, 0xec, 0xd5, 0x30, 0x56,
    0x9f, 0x40, 0x91, 0xca, 0x34, 0x4a, 0x1d, 0x2a, 0x7c, 0x71, 0x82, 0xcd,
    0xd1, 0x46, 0xe7, 0xd5, 0x24, 0x64, 0x66, 0x46, 0xd5, 0x11, 0xc6, 0x27,
    0xd8, 0x29, 0x80, 0xb4, 0xfc, 0x0c, 0xdb, 0xc4, 0x0c, 0xd1, 0x1c, 0x34,
    0xb9, 0xc8, 0xb1, 0x01, 0x94, 0xca, 0x5a, 0xae, 0x3b, 0xbc, 0x00, 0x0a,
    0xcc, 0xc8, 0xee, 0x91, 0x48, 0x54, 0x67, 0xfa, 0x6c, 0x22, 0xc8, 0x49,
    0x95, 0xbd, 0x55, 0x27, 0xc5, 0xd0, 0x88, 0x91, 0x62, 0x84, 0x88, 0x04,
    0x05, 0x04, 0x04, 0x78, 0xb2, 0x93, 0x67, 0x4f, 0x25, 0x00, 0x78, 0xf4,
    0xf0, 0xf1, 0x03, 0x48, 0x10, 0x21, 0x43, 0x78, 0x04, 0x10, 0x50, 0x20,
    0x41, 0x05, 0x0e, 0x1c, 0x4a, 0x94, 0x38, 0xf1, 0xe4, 0x44, 0x0a, 0x29,
    0x28, 0xa4, 0x48, 0x89, 0x92, 0x22, 0xca, 0x15, 0x2c, 0x4f, 0xaa, 0x60,
    0x49, 0x81, 0x82, 0x4a, 0x95, 0x13, 0x60, 0xbe, 0x8c, 0x19, 0xf3, 0x05,
    0x0c, 0x15, 0x35, 0x26, 0xbc, 0x50, 0xc9, 0x82, 0x82, 0xcd, 0x17, 0x34,
    0x64, 0xb8, 0x6c, 0xb9, 0x72, 0xc2, 0x44, 0x9c, 0x31, 0x28, 0xce, 0x98,
    0x08, 0x13, 0xc7, 0x8a, 0x95, 0x2c, 0x26, 0xf6, 0xb0, 0x21, 0x14, 0x05,
    0x0e, 0x15, 0x42, 0x62, 0xcc, 0x84, 0x81, 0x22, 0xc8, 0x91, 0x17, 0x28,
    0x64, 0xc4, 0x80, 0x79, 0xb2, 0xc8, 0x8c, 0x16, 0x4b, 0x5c, 0xc2, 0x48,
    0xda, 0xb2, 0x28, 0x8d, 0xa7, 0x29, 0x77, 0x48, 0x61, 0xe1, 0xf3, 0x26,
    0x8b, 0x24, 0x38, 0xa6, 0xea, 0x74, 0x92, 0xe3, 0x45, 0xcf, 0x16, 0x3e,
    0x29, 0xd8, 0xb8, 0xe1, 0x24, 0xc7, 0x56, 0x96, 0x47, 0x53, 0x46, 0x41,
    0x41, 0x64, 0xc7, 0x12, 0x19, 0x3e, 0x6c, 0xf0, 0x00, 0x83, 0x13, 0xc5,
    0x4f, 0x19, 0x39, 0x67, 0x3a, 0x4d, 0x92, 0x83, 0x69, 0x0e, 0x96, 0x43,
    0xc7, 0xaa, 0xf8, 0x41, 0x86, 0xab, 0x0c, 0x97, 0x41, 0x9c, 0x10, 0xa5,
    0xfa, 0x65, 0xc9, 0x4a, 0x33, 0x62, 0x53, 0x08, 0x19, 0xea, 0xe2, 0xe8,
    0x58, 0x27, 0x62, 0x8d, 0xbe, 0x94, 0x33, 0x33, 0x25, 0x97, 0x9a, 0x27,
    0x9b, 0xf0, 0xb8, 0xd9, 0x52, 0x86, 0x4e, 0xb8, 0x55, 0x5d, 0xb2, 0x4d,
    0x5a, 0xd5, 0xe7, 0x54, 0x95, 0x30, 0x01, 0x69, 0x9d, 0x51, 0x46, 0x29,
    0xd5, 0xab, 0x56, 0xb3, 0xea, 0x68, 0x69, 0xd7, 0x25, 0x61, 0xb7, 0x70,
    0x87, 0x68, 0x51, 0x93, 0x08, 0xc5, 0x4f, 0x28, 0x2e, 0x84, 0x66, 0x29,
    0xc3, 0x73, 0x46, 0x17, 0x24, 0x89, 0x10, 0x15, 0x09, 0x3c, 0x85, 0x28,
    0x9f, 0xbd, 0x62, 0x1d, 0x69, 0xd5, 0x82, 0xf8, 0xae, 0x60, 0xa5, 0x84,
    0x79, 0x76, 0x7c, 0xa8, 0x70, 0xa0, 0x40, 0x80, 0x00, 0x44, 0x78, 0xf6,
    0xf4, 0x09, 0x00, 0x00, 0x62, 0xc8, 0x98, 0x41, 0xa3, 0x86, 0x8d, 0x1b,
    0x38, 0x64, 0x04, 0x10, 0x20, 0x80, 0xc0, 0x81, 0x04, 0x15, 0x48, 0x90,
    0xf8, 0x40, 0x42, 0x44, 0x11, 0x23, 0x43, 0x8c, 0x10, 0x19, 0xf2, 0x41,
    0xc5, 0x87, 0x27, 0x4e, 0x88, 0x88, 0xf8, 0xa0, 0x84, 0x8a, 0x90, 0x27,
    0x4f, 0x44, 0x4c, 0x79, 0x92, 0x84, 0x88, 0x14, 0x2d, 0x52, 0x86, 0x08,
    0x51, 0xa2, 0xa2, 0xc8, 0x18, 0x12, 0x4e, 0xa6, 0x08, 0x29, 0x92, 0x45,
    0x4b, 0x97, 0x35, 0x57, 0xe0, 0xa4, 0x59, 0x32, 0x46, 0xc9, 0x14, 0x2d,
    0x78, 0xc2, 0x1c, 0xe1, 0xc2, 0xc5, 0x8c, 0x17, 0x26, 0x54, 0x02, 0x85,
    0xb9, 0x93, 0xc4, 0xcf, 0x95, 0x2d, 0x59, 0xa4, 0x44, 0x49, 0x14, 0x08,
    0x89, 0x88, 0x28, 0x2a, 0xdc, 0xb0, 0x29, 0xa4, 0x06, 0xc9, 0x1a, 0x4b,
    0x87, 0xd6, 0x78, 0xc1, 0xb2, 0x64, 0xcb, 0x9b, 0x42, 0x75, 0xaa, 0x2c,
    0x82, 0x03, 0xca, 0x4c, 0x14, 0x30, 0x90, 0x34, 0xb5, 0xc1, 0x12, 0xc5,
    0x8f, 0x20, 0x43, 0x57, 0x04, 0x71, 0xc1, 0xf3, 0xc8, 0x88, 0xa3, 0x3d,
    0x62, 0xbe, 0x58, 0x71, 0x93, 0xe5, 0x10, 0x9d, 0x3f, 0x7d, 0x08, 0x31,
    0x61, 0x13, 0xc9, 0xcd, 0xa3, 0x5f, 0x77, 0xf8, 0x34, 0x41, 0xd3, 0x07,
    0x4e, 0x13, 0x5e, 0x8d, 0xb0, 0x18, 0x43, 0x42, 0x45, 0x09, 0xb3, 0x2a,
    0x80, 0xac, 0xf5, 0x22, 0x64, 0x8b, 0x8d, 0xb0, 0x30, 0x56, 0xe0, 0x20,
    0x8a, 0xb4, 0xa6, 0x4c, 0x35, 0x2c, 0x5d, 0xe6, 0x74, 0x92, 0x36, 0xcc,
    0x1b, 0x27, 0x46, 0x49, 0xac, 0x9d, 0x02, 0x56, 0xcd, 0x17, 0x1a, 0x35,
    0xbd, 0x72, 0x1d, 0x7b, 0xd6, 0xc5, 0xca, 0xae, 0x40, 0x71, 0x2e, 0x35,
    0x31, 0x17, 0x69, 0xd6, 0x9f, 0x4a, 0x88, 0x3a, 0xe1, 0x43, 0xc7, 0x8c,
    0x94, 0x3f, 0x57, 0x62, 0x22, 0x26, 0x33, 0x55, 0x08, 0x5d, 0xb7, 0x84,
    0xc2, 0x04, 0x8e, 0xd9, 0x04, 0x90, 0x8a, 0x06, 0x18, 0x09, 0x08, 0x18,
    0x08, 0x30, 0x20, 0x87, 0xc9, 0x93, 0x28, 0x63, 0x00, 0x00, 0x14, 0x2c,
    0x60, 0xd0, 0xc0, 0xc1, 0x03, 0x08, 0x11, 0x16, 0x04, 0x00, 0x30, 0x60,
    0x00, 0x01, 0x02, 0x06, 0x10, 0x14, 0x38, 0x50, 0x60, 0xc3, 0x86, 0x03,
    0x1d, 0x44, 0x20, 0x08, 0x51, 0x80, 0xc3, 0x81, 0x0f, 0x1e, 0x10, 0x90,
    0x08, 0xb1, 0xc1, 0x43, 0x07, 0x12, 0x2f, 0x42, 0xc0, 0x50, 0xc1, 0x42,
    0x44, 0x0b, 0x13, 0x2b, 0x50, 0xb0, 0x20, 0xf1, 0x01, 0x85, 0x87, 0x13,
    0x1c, 0x4c, 0x98, 0x98, 0x91, 0xe0, 0xc5, 0x8a, 0x13, 0x25, 0x88, 0x2c,
    0xd9, 0x01, 0xa4, 0x47, 0x8b, 0x1f, 0x3b, 0x5c, 0xcc, 0x80, 0xa2, 0x84,
    0x83, 0x8e, 0x19, 0x4f, 0x94, 0xf4, 0x58, 0x81, 0x45, 0xc5, 0x08, 0x1d,
    0x3a, 0x80, 0xe4, 0xb8, 0x02, 0x02, 0x47, 0x12, 0x2a, 0x09, 0xb2, 0x1c,
    0x48, 0x10, 0xe6, 0x07, 0x12, 0x2b, 0x28, 0x4a, 0x20, 0x99, 0x22, 0xa4,
    0x07, 0x11, 0x14, 0x6a, 0x92, 0xa0, 0xc9, 0xc2, 0x62, 0x88, 0x19, 0x25,
    0x23, 0xe6, 0xe0, 0x11, 0x51, 0x63, 0x8e, 0x1c, 0x18, 0x25, 0xa0, 0x38,
    0x71, 0xe3, 0xa3, 0x85, 0x8b, 0x2f, 0x4d, 0x54, 0x10, 0x31, 0xd3, 0xc5,
    0x0f, 0xa4, 0x18, 0x42, 0xd6, 0x5c, 0xa9, 0x91, 0xe9, 0x91, 0x25, 0x33,
    0x68, 0xf6, 0xc4, 0x00, 0x05, 0xa3, 0x92, 0x0c, 0x48, 0x27, 0x8c, 0x20,
    0x39, 0x92, 0xa3, 0x43, 0x10, 0x17, 0xb1, 0x38, 0x7d, 0xa0, 0xe3, 0x62,
    0xd5, 0x95, 0x40, 0x20, 0xc4, 0x20, 0x42, 0x25, 0x8a, 0xce, 0x09, 0x2e,
    0x8a, 0xb8, 0xc4, 0x30, 0xf5, 0x28, 0x0a, 0x8d, 0x32, 0x52, 0x88, 0x01,
    0x9b, 0x31, 0xe9, 0x55, 0x0e, 0x4b, 0x4b, 0x70, 0xd9, 0xc1, 0xc5, 0xcb,
    0x4e, 0xb3, 0x28, 0x70, 0xaa, 0x2d, 0xe3, 0xf1, 0xaa, 0x8d, 0x0d, 0x39,
    0x93, 0xc2, 0x90, 0x89, 0x26, 0xe5, 0x05, 0x25, 0x2a, 0x3b, 0x68, 0x2c,
    0x52, 0xc7, 0xc3, 0x84, 0x81, 0x01, 0x01, 0xe2, 0x49, 0xa0, 0x57, 0xcf,
    0xde, 0x02, 0x00, 0x0a, 0x18, 0x38, 0x80, 0x20, 0x81, 0x82, 0x05, 0x0c,
    0x12, 0x04, 0x08, 0x00, 0x20, 0xc0, 0x00, 0x01, 0x03, 0x08, 0x10, 0x10,
    0x20, 0x80, 0x40, 0x00, 0x02, 0x13, 0x26, 0x70, 0x90, 0x90, 0x41, 0x03,
    0x07, 0x01, 0x01, 0x48, 0x3c, 0xa0, 0x80, 0xa1, 0x42, 0x08, 0x0e, 0x13,
    0x4a, 0x98, 0x90, 0x20, 0xe1, 0x42, 0x87, 0x09, 0x24, 0x54, 0xd0, 0xd0,
    0x30, 0x00, 0xc6, 0x83, 0x1b, 0x39, 0x2c, 0x0c, 0xf8, 0xb1, 0x01, 0x88,
    0x8e, 0x18, 0x25, 0x7e, 0xe4, 0x98, 0x81, 0x21, 0x03, 0x85, 0x0e, 0x3a,
    0x30, 0x9c, 0xd0, 0x01, 0xc4, 0xc8, 0x8f, 0x0b, 0x30, 0x52, 0x78, 0x58,
    0x61, 0x22, 0xc5, 0x08, 0x27, 0x29, 0xac, 0x90, 0xb0, 0x90, 0xa1, 0x45,
    0x09, 0x17, 0x15, 0xc6, 0x6c, 0x08, 0x23, 0x85, 0x04, 0x06, 0x19, 0x41,
    0x3e, 0x98, 0x28, 0x23, 0x81, 0x86, 0x8b, 0x1d, 0x34, 0x6a, 0x28, 0x39,
    0x41, 0x63, 0xc6, 0x14, 0x27, 0x67, 0x3a, 0x84, 0x29, 0x62, 0x42, 0x43,
    0x8d, 0x33, 0x2e, 0x2e, 0x2c, 0xe1, 0x92, 0x43, 0x0d, 0x05, 0x16, 0x75,
    0x36, 0x8c, 0xf8, 0x81, 0xa2, 0x82, 0x8a, 0x24, 0x89, 0x3a, 0x50, 0x59,
    0xb3, 0x24, 0x8e, 0x9a, 0x1c, 0x67, 0xb6, 0x80, 0x90, 0x52, 0xe4, 0xcc,
    0x22, 0x14, 0x54, 0x12, 0xcd, 0xa1, 0xc4, 0x64, 0x0b, 0x9c, 0x07, 0x64,
    0x96, 0x30, 0x3a, 0x12, 0xca, 0x86, 0x9a, 0x13, 0x6a, 0x34, 0xc4, 0x11,
    0x44, 0x2b, 0x0e, 0x2b, 0x4e, 0x57, 0xa2, 0xa0, 0xa0, 0xb0, 0x43, 0x49,
    0x20, 0x53, 0x29, 0x36, 0xb8, 0xb0, 0x12, 0x63, 0x09, 0x92, 0x43, 0x72,
    0x20, 0xf1, 0x21, 0xf5, 0xa8, 0x52, 0x0f, 0x48, 0xcd, 0xfc, 0x28, 0xa3,
    0xf6, 0x49, 0x53, 0x29, 0x18, 0x40, 0x6a, 0xb0, 0x08, 0x72, 0x82, 0xc5,
    0x05, 0x11, 0xca, 0xb8, 0xd8, 0x09, 0x45, 0x06, 0xc7, 0x39, 0x67, 0x7d,
    0x14, 0x91, 0xa2, 0x54, 0x6c, 0x10, 0xb5, 0x41, 0x97, 0x4a, 0x4d, 0x99,
    0x24, 0x29, 0x4b, 0x91, 0x0f, 0xbb, 0xa8, 0xa0, 0x8b, 0xd0, 0x20, 0xa0,
    0xc0, 0x81, 0x07, 0x00, 0x00, 0x02, 0x08, 0x18, 0x40, 0xa0, 0x80, 0x81,
    0x03, 0x08, 0x12, 0x28, 0x58, 0xc0, 0xa0, 0x81, 0x83, 0x07, 0x10, 0x22,
    0x48, 0x98, 0x40, 0xa1, 0x82, 0x85, 0x0b, 0x18, 0x32, 0x68, 0xd8, 0xc0,
    0xa1, 0x83, 0x87, 0x0f, 0x20, 0x42, 0x88, 0x18, 0x41, 0xa2, 0x84, 0x89,
    0x09, 0x00, 0x02, 0x08, 0x18, 0x40, 0xa0, 0x80, 0x81, 0x03, 0x08, 0x12,
    0x28, 0x58, 0xc0, 0xa0, 0x81, 0x83, 0x07, 0x10, 0x22, 0x48, 0x98, 0x40,
    0xa1, 0x82, 0x85, 0x0b, 0x18, 0x32, 0x68, 0xd8, 0xc0, 0xa1, 0x83, 0x87,
    0x0f, 0x20, 0x42, 0x88, 0x18, 0x41, 0xa2, 0x84, 0x89, 0x09, 0x00, 0x02,
    0x08, 0x18, 0x40, 0xa0, 0x80, 0x81, 0x03, 0x08, 0x12, 0x28, 0x58, 0xc0,
    0xa0, 0x81, 0x83, 0x07, 0x10, 0x22, 0x48, 0x98, 0x40, 0xa1, 0x82, 0x85,
    0x0b, 0x18, 0x32, 0x68, 0xd8, 0xc0, 0xa1, 0x83, 0x87, 0x0f, 0x20, 0x42,
    0x88, 0x18, 0x41, 0xa2, 0x84, 0x89, 0x09, 0x00, 0x02, 0x08, 0x18, 0x40,
    0xa0, 0x80, 0x81, 0x03, 0x08, 0x12, 0x28, 0x58, 0xc0, 0xa0, 0x81, 0x83,
    0x07, 0x10, 0x22, 0x48, 0x98, 0x40, 0xa1, 0x82, 0x85, 0x0b, 0x18, 0x32,
    0x68, 0xd8, 0xc0, 0xa1, 0x83, 0x87, 0x0f, 0x20, 0x42, 0x88, 0x18, 0x41,
    0xa2, 0x84, 0x89, 0x09, 0x00, 0x02, 0x08, 0x18, 0x40, 0xa0, 0x80, 0x81,
    0x03, 0x08, 0x12, 0x28, 0x58, 0xc0, 0xa0, 0x81, 0x83, 0x07, 0x10, 0x22,
    0x48, 0x98, 0x40, 0xa1, 0x82, 0x85, 0x0b, 0x18, 0x32, 0x68, 0xd8, 0xc0,
    0xa1, 0x83, 0x87, 0x0f, 0x20, 0x42, 0x88, 0x18, 0x41, 0xa2, 0x84, 0x89,
    0x09, 0x00, 0x02, 0x08, 0x18, 0x40, 0xa0, 0x80, 0x81, 0x03, 0x08, 0x12,
    0x28, 0x58, 0xc0, 0xa0, 0x81, 0x83, 0x07, 0x10, 0x22, 0x48, 0x98, 0x40,
    0xa1, 0x82, 0x85, 0x0b, 0x18, 0x32, 0x68, 0xd8, 0xc0, 0xa1, 0x83, 0x87,
    0x0f, 0x20, 0x42, 0x88, 0x18, 0x41, 0xa2, 0x84, 0x89, 0x09, 0x00, 0x02,
    0x08, 0x18, 0x40, 0xa0, 0x80, 0x81, 0x03, 0x08, 0x12, 0x28, 0x58, 0xc0,
    0xa0, 0x81, 0x83, 0x07, 0x10, 0x22, 0x48, 0x98, 0x40, 0xa1, 0x82, 0x85,
    0x0b, 0x18, 0x32, 0x68, 0xd8, 0xc0, 0xa1, 0x83, 0x87, 0x0f, 0x20, 0x42,
    0x88, 0x18, 0x41, 0xa2, 0x84, 0x89, 0x09, 0x00, 0x02, 0x08, 0x18, 0x40,
    0xa0, 0x80, 0x81, 0x03, 0x08, 0x12, 0x28, 0x58, 0xc0, 0xa0, 0x81, 0x83,
    0x07, 0x10, 0x22, 0x48, 0x98, 0x40, 0xa1, 0x82, 0x85, 0x0b, 0x18, 0x32,
    0x68, 0xd8, 0xc0, 0xa1, 0x83, 0x87, 0x0f, 0x20, 0x42, 0x88, 0x18, 0x41,
    0xa2, 0x84, 0x89, 0x09, 0x00, 0x02, 0x08, 0x18, 0x40, 0xa0, 0x80, 0x81,
    0x03, 0x08, 0x12, 0x28, 0x58, 0xc0, 0xa0, 0x81, 0x83, 0x07, 0x10, 0x22,
    0x48, 0x98, 0x40, 0xa1, 0x82, 0x85, 0x0b, 0x18, 0x32, 0x68, 0xd8, 0xc0,
    0xa1, 0x83, 0x87, 0x0f, 0x20, 0x42, 0x88, 0x18, 0x41, 0xa2, 0x84, 0x89,
    0x09, 0x00, 0x02, 0x08, 0x18, 0x40, 0xa0, 0x80, 0x81, 0x03, 0x08, 0x12,
    0x28, 0x58, 0xc0, 0xa0, 0x81, 0x83, 0x07, 0x10, 0x22, 0x48, 0x98, 0x40,
    0xa1, 0x82, 0x85, 0x0b, 0x18, 0x32, 0x68, 0xd8, 0xc0, 0xa1, 0x83, 0x87,
    0x0f, 0x20, 0x42, 0x88, 0x18, 0x41, 0xa2, 0x84, 0x89, 0x09, 0x00, 0x02,
    0x08, 0x18, 0x40, 0xa0, 0x80, 0x81, 0x03, 0x08, 0x12, 0x28, 0x58, 0xc0,
    0xa0, 0x81, 0x83, 0x07, 0x10, 0x22, 0x48, 0x98, 0x40, 0xa1, 0x82, 0x85,
    0x0b, 0x18, 0x32, 0x68, 0xd8, 0xc0, 0xa1, 0x83, 0x87, 0x0f, 0x20, 0x42,
    0x88, 0x18, 0x41, 0xa2, 0x84, 0x89, 0x09, 0x00, 0x02, 0x08, 0x18, 0x40,
    0xa0, 0x80, 0x81, 0x03, 0x08, 0x12, 0x28, 0x58, 0xc0, 0xa0, 0x81, 0x83,
    0x07, 0x10, 0x22, 0x48, 0x98, 0x40, 0xa1, 0x82, 0x85, 0x0b, 0x18, 0x32,
    0x68, 0xd8, 0xc0, 0xa1, 0x83, 0x87, 0x0f, 0x20, 0x42, 0x88, 0x18, 0x41,
    0xa2, 0x84, 0x89, 0x09, 0x00, 0x02, 0x08, 0x18, 0x40, 0xa0, 0x80, 0x81,
    0x03, 0x08, 0x12, 0x28, 0x58, 0xc0, 0xa0, 0x81, 0x83, 0x07, 0x10, 0x22,
    0x48, 0x98, 0x40, 0xa1, 0x82, 0x85, 0x0b, 0x18, 0x32, 0x68, 0xd8, 0xc0,
    0xa1, 0x83, 0x87, 0x0f, 0x20, 0x42, 0x88, 0x18, 0x41, 0xa2, 0x84, 0x89,
    0x09, 0x00, 0x02, 0x08, 0x18, 0x40, 0xa0, 0x80, 0x81, 0x03, 0x08, 0x12,
    0x28, 0x58, 0xc0, 0xa0, 0x81, 0x83, 0x07, 0x10, 0x22, 0x48, 0x98, 0x40,
    0xa1, 0x82, 0x85, 0x0b, 0x18, 0x32, 0x68, 0xd8, 0xc0, 0xa1, 0x83, 0x87,
    0x0f, 0x20, 0x42, 0x88, 0x18, 0x41, 0xa2, 0x84, 0x89, 0x09, 0x00, 0x02,
    0x08, 0x18, 0x40, 0xa0, 0x80, 0x81, 0x03, 0x08, 0x12, 0x28, 0x58, 0xc0,
    0xa0, 0x81, 0x83, 0x07, 0x10, 0x22, 0x48, 0x98, 0x40, 0xa1, 0x82, 0x85,
    0x0b, 0x18, 0x32, 0x68, 0xd8, 0xc0, 0xa1, 0x83, 0x87, 0x0f, 0x20, 0x42,
    0x88, 0x18, 0x41, 0xa2, 0x84, 0x89, 0x09, 0x00, 0x02, 0x08, 0x18, 0x40,
    0xa0, 0x80, 0x81, 0x03, 0x08, 0x12, 0x28, 0x58, 0xc0, 0xa0, 0x81, 0x83,
    0x07, 0x10, 0x22, 0x48, 0x98, 0x40, 0xa1, 0x82, 0x85, 0x0b, 0x18, 0x32,
    0x68, 0xd8, 0xc0, 0xa1, 0x83, 0x87, 0x0f, 0x20, 0x42, 0x88, 0x18, 0x41,
    0xa2, 0x84, 0x89, 0x09, 0x00, 0x02, 0x08, 0x18, 0x40, 0xa0, 0x80, 0x81,
    0x03, 0x08, 0x12, 0x28, 0x58, 0xc0, 0xa0, 0x81, 0x83, 0x07, 0x10, 0x22,
    0x48, 0x98, 0x40, 0xa1, 0x82, 0x85, 0x0b, 0x18, 0x32, 0x68, 0xd8, 0xc0,
    0xa1, 0x83, 0x87, 0x0f, 0x20, 0x42, 0x88, 0x18, 0x41, 0xa2, 0x84, 0x89,
    0x09, 0x00, 0x02, 0x08, 0x18, 0x40, 0xa0, 0x80, 0x81, 0x03, 0x08, 0x12,
    0x28, 0x58, 0xc0, 0xa0, 0x81, 0x83, 0x07, 0x10, 0x22, 0x48, 0x98, 0x40,
    0xa1, 0x82, 0x85, 0x0b, 0x18, 0x32, 0x68, 0xd8, 0xc0, 0xa1, 0x83, 0x87,
    0x0f, 0x20, 0x42, 0x88, 0x18, 0x41, 0xa2, 0x84, 0x89, 0x09, 0x00, 0x02,
    0x08, 0x18, 0x40, 0xa0, 0x80, 0x81, 0x03, 0x08, 0x12, 0x28, 0x58, 0xc0,
    0xa0, 0x81, 0x83, 0x07, 0x10, 0x22, 0x48, 0x98, 0x40, 0xa1, 0x82, 0x85,
    0x0b, 0x18, 0x32, 0x68, 0xd8, 0xc0, 0xa1, 0x83, 0x87, 0x0f, 0x20, 0x42,
    0x88, 0x18, 0x41, 0xa2, 0x84, 0x89, 0x09, 0x00, 0x02, 0x08, 0x18, 0x40,
    0xa0, 0x80, 0x81, 0x03, 0x08, 0x12, 0x28, 0x58, 0xc0, 0xa0, 0x81, 0x83,
    0x07, 0x10, 0x22, 0x48, 0x98, 0x40, 0xa1, 0x82, 0x85, 0x0b, 0x18, 0x32,
    0x68, 0xd8, 0xc0, 0xa1, 0x83, 0x87, 0x0f, 0x20, 0x42, 0x88, 0x18, 0x41,
    0xa2, 0x84, 0x89, 0x09, 0x00, 0x02, 0x08, 0x18, 0x40, 0xa0, 0x80, 0x81,
    0x03, 0x08, 0x12, 0x28, 0x58, 0xc0, 0xa0, 0x81, 0x83, 0x07, 0x10, 0x22,
    0x48, 0x98, 0x40, 0xa1, 0x82, 0x85, 0x0b, 0x18, 0x32, 0x68, 0xd8, 0xc0,
    0xa1, 0x83, 0x87, 0x0f, 0x20, 0x42, 0x88, 0x18, 0x41, 0xa2, 0x84, 0x89,
    0x09, 0x00, 0x02, 0x08, 0x18, 0x40, 0xa0, 0x80, 0x81, 0x03, 0x08, 0x12,
    0x28, 0x58, 0xc0, 0xa0, 0x81, 0x83, 0x07, 0x10, 0x22, 0x48, 0x98, 0x40,
    0xa1, 0x82, 0x85, 0x0b, 0x18, 0x32, 0x68, 0xd8, 0xc0, 0xa1, 0x83, 0x87,
    0x0f, 0x20, 0x42, 0x88, 0x18, 0x41, 0xa2, 0x84, 0x89, 0x09, 0x00, 0x02,
    0x08, 0x18, 0x40, 0xa0, 0x80, 0x81, 0x03, 0x08, 0x12, 0x28, 0x58, 0xc0,
    0xa0, 0x81, 0x83, 0x07, 0x10, 0x22, 0x48, 0x98, 0x40, 0xa1, 0x82, 0x85,
    0x0b, 0x18, 0x32, 0x68, 0xd8, 0xc0, 0xa1, 0x83, 0x87, 0x0f, 0x20, 0x42,
    0x88, 0x18, 0x41, 0xa2, 0x84, 0x89, 0x09, 0x00, 0x02, 0x08, 0x18, 0x40,
    0xa0, 0x80, 0x81, 0x03, 0x08, 0x12, 0x28, 0x58, 0xc0, 0xa0, 0x81, 0x83,
    0x07, 0x10, 0x22, 0x48, 0x98, 0x40, 0xa1, 0x82, 0x85, 0x0b, 0x18, 0x32,
    0x68, 0xd8, 0xc0, 0xa1, 0x83, 0x87, 0x0f, 0x20, 0x42, 0x88, 0x18, 0x41,
    0xa2, 0x84, 0x89, 0x09, 0x00, 0x02, 0x08, 0x18, 0x40, 0xa0, 0x80, 0x81,
    0x03, 0x08, 0x12, 0x28, 0x58, 0xc0, 0xa0, 0x81, 0x83, 0x07, 0x10, 0x22,
    0x48, 0x98, 0x40, 0xa1, 0x82, 0x85, 0x0b, 0x18, 0x32, 0x68, 0xd8, 0xc0,
    0xa1, 0x83, 0x87, 0x0f, 0x20, 0x42, 0x88, 0x18, 0x41, 0xa2, 0x84, 0x89,
    0x09, 0x00, 0x02, 0x08, 0x18, 0x40, 0xa0, 0x80, 0x81, 0x03, 0x08, 0x12,
    0x28, 0x58, 0xc0, 0xa0, 0x81, 0x83, 0x07, 0x10, 0x22, 0x48, 0x98, 0x40,
    0xa1, 0x82, 0x85, 0x0b, 0x18, 0x32, 0x68, 0xd8, 0xc0, 0xa1, 0x83, 0x87,
    0x0f, 0x20, 0x42, 0x88, 0x18, 0x41, 0xa2, 0x84, 0x89, 0x09, 0x00, 0x02,
    0x08, 0x18, 0x40, 0xa0, 0x80, 0x81, 0x03, 0x08, 0x12, 0x28, 0x58, 0xc0,
    0xa0, 0x81, 0x83, 0x07, 0x10, 0x22, 0x48, 0x98, 0x40, 0xa1, 0x82, 0x85,
    0x0b, 0x18, 0x32, 0x68, 0xd8, 0xc0, 0xa1, 0x83, 0x87, 0x0f, 0x20, 0x42,
    0x88, 0x18, 0x41, 0xa2, 0x84, 0x89, 0x09, 0x00, 0x02, 0x08, 0x18, 0x40,
    0xa0, 0x80, 0x81, 0x03, 0x08, 0x12, 0x28, 0x58, 0xc0, 0xa0, 0x81, 0x83,
    0x07, 0x10, 0x22, 0x48, 0x98, 0x40, 0xa1, 0x82, 0x85, 0x0b, 0x18, 0x32,
    0x68, 0xd8, 0xc0, 0xa1, 0x83, 0x87, 0x0f, 0x20, 0x42, 0x88, 0x18, 0x41,
    0xa2, 0x84, 0x89, 0x09, 0x00, 0x02, 0x08, 0x18, 0x40, 0xa0, 0x80, 0x81,
    0x03, 0x08, 0x12, 0x28, 0x58, 0xc0, 0xa0, 0x81, 0x83, 0x07, 0x10, 0x22,
    0x48, 0x98, 0x40, 0xa1, 0x82, 0x85, 0x0b, 0x18, 0x32, 0x68, 0xd8, 0xc0,
    0xa1, 0x83, 0x87, 0x0f, 0x20, 0x42, 0x88, 0x18, 0x41, 0xa2, 0x84, 0x89,
    0x09, 0x00, 0x02, 0x08, 0x18, 0x40, 0xa0, 0x80, 0x81, 0x03, 0x08, 0x12,
    0x28, 0x58, 0xc0, 0xa0, 0x81, 0x83, 0x07, 0x10, 0x22, 0x48, 0x98, 0x40,
    0xa1, 0x82, 0x85, 0x0b, 0x18, 0x32, 0x68, 0xd8, 0xc0, 0xa1, 0x83, 0x87,
    0x0f, 0x20, 0x42, 0x88, 0x18, 0x41, 0xa2, 0x84, 0x89, 0x09, 0x00, 0x02,
    0x08, 0x18, 0x40, 0xa0, 0x80, 0x81, 0x03, 0x08, 0x12, 0x28, 0x58, 0xc0,
    0xa0, 0x81, 0x83, 0x07, 0x10, 0x22, 0x48, 0x98, 0x40, 0xa1, 0x82, 0x85,
    0x0b, 0x18, 0x32, 0x68, 0xd8, 0xc0, 0xa1, 0x83, 0x87, 0x0f, 0x20, 0x42,
    0x88, 0x18, 0x41, 0xa2, 0x84, 0x89, 0x09, 0x00, 0x02, 0x08, 0x18, 0x40,
    0xa0, 0x80, 0x81, 0x03, 0x08, 0x12, 0x28, 0x58, 0xc0, 0xa0, 0x81, 0x83,
    0x07, 0x10, 0x22, 0x48, 0x98, 0x40, 0xa1, 0x82, 0x85, 0x0b, 0x18, 0x32,
    0x68, 0xd8, 0xc0, 0xa1, 0x83, 0x87, 0x0f, 0x20, 0x42, 0x88, 0x18, 0x41,
    0xa2, 0x84, 0x89, 0x09, 0x00, 0x02, 0x08, 0x18, 0x40, 0xa0, 0x80, 0x81,
    0x03, 0x08, 0x12, 0x28, 0x58, 0xc0, 0xa0, 0x81, 0x83, 0x07, 0x10, 0x22,
    0x48, 0x98, 0x40, 0xa1, 0x82, 0x85, 0x0b, 0x18, 0x32, 0x68, 0xd8, 0xc0,
    0xa1, 0x83, 0x87, 0x0f, 0x20, 0x42, 0x88, 0x18, 0x41, 0xa2, 0x84, 0x89,
    0x09, 0x00, 0x02, 0x08, 0x18, 0x40, 0xa0, 0x80, 0x81, 0x03, 0x08, 0x12,
    0x28, 0x58, 0xc0, 0xa0, 0x81, 0x83, 0x07, 0x10, 0x22, 0x48, 0x98, 0x40,
    0xa1, 0x82, 0x85, 0x0b, 0x18, 0x32, 0x68, 0xd8, 0xc0, 0xa1, 0x83, 0x87,
    0x0f, 0x20, 0x42, 0x88, 0x18, 0x41, 0xa2, 0x84, 0x89, 0x09, 0x00, 0x02,
    0x08, 0x18, 0x40, 0xa0, 0x80, 0x81, 0x03, 0x08, 0x12, 0x28, 0x58, 0xc0,
    0xa0, 0x81, 0x83, 0x07, 0x10, 0x22, 0x48, 0x98, 0x40, 0xa1, 0x82, 0x85,
    0x0b, 0x18, 0x32, 0x68, 0xd8, 0xc0, 0xa1, 0x83, 0x87, 0x0f, 0x20, 0x42,
    0x88, 0x18, 0x41, 0xa2, 0x84, 0x89, 0x09, 0x00, 0x02, 0x08, 0x18, 0x40,
    0xa0, 0x80, 0x81, 0x03, 0x08, 0x12, 0x28, 0x58, 0xc0, 0xa0, 0x81, 0x83,
    0x07, 0x10, 0x22, 0x48, 0x98, 0x40, 0xa1, 0x82, 0x85, 0x0b, 0x18, 0x32,
    0x68, 0xd8, 0xc0, 0xa1, 0x83, 0x87, 0x0f, 0x20, 0x42, 0x88, 0x18, 0x41,
    0xa2, 0x84, 0x89, 0x09, 0x00, 0x02, 0x08, 0x18, 0x40, 0xa0, 0x80, 0x81,
    0x03, 0x08, 0x12, 0x28, 0x58, 0xc0, 0xa0, 0x81, 0x83, 0x07, 0x10, 0x22,
    0x48, 0x98, 0x40, 0xa1, 0x82, 0x85, 0x0b, 0x18, 0x32, 0x68, 0xd8, 0xc0,
    0xa1, 0x83, 0x87, 0x0f, 0x20, 0x42, 0x88, 0x18, 0x41, 0xa2, 0x84, 0x89,
    0x09, 0x00, 0x02, 0x08, 0x18, 0x40, 0xa0, 0x80, 0x81, 0x03, 0x08, 0x12,
    0x28, 0x58, 0xc0, 0xa0, 0x81, 0x83, 0x07, 0x10, 0x22, 0x48, 0x98, 0x40,
    0xa1, 0x82, 0x85, 0x0b, 0x18, 0x32, 0x68, 0xd8, 0xc0, 0xa1, 0x83, 0x87,
    0x0f, 0x20, 0x42, 0x88, 0x18, 0x41, 0xa2, 0x84, 0x89, 0x09, 0x00, 0x02,
    0x08, 0x18, 0x40, 0xa0, 0x80, 0x81, 0x03, 0x08, 0x12, 0x28, 0x58, 0xc0,
    0xa0, 0x81, 0x83, 0x07, 0x10, 0x22, 0x48, 0x98, 0x40, 0xa1, 0x82, 0x85,
    0x0b, 0x18, 0x32, 0x68, 0xd8, 0xc0, 0xa1, 0x83, 0x87, 0x0f, 0x20, 0x42,
    0x88, 0x18, 0x41, 0xa2, 0x84, 0x89, 0x09, 0x00, 0x02, 0x08, 0x18, 0x40,
    0xa0, 0x80, 0x81, 0x03, 0x08, 0x12, 0x28, 0x58, 0xc0, 0xa0, 0x81, 0x83,
    0x07, 0x10, 0x22, 0x48, 0x98, 0x40, 0xa1, 0x82, 0x85, 0x0b, 0x18, 0x32,
    0x68, 0xd8, 0xc0, 0xa1, 0x83, 0x87, 0x0f, 0x20, 0x42, 0x88, 0x18, 0x41,
    0xa2, 0x84, 0x89, 0x09, 0x00, 0x02, 0x08, 0x18, 0x40, 0xa0, 0x80, 0x81,
    0x03, 0x08, 0x12, 0x28, 0x58, 0xc0, 0xa0, 0x81, 0x83, 0x07, 0x10, 0x22,
    0x48, 0x98, 0x40, 0xa1, 0x82, 0x85, 0x0b, 0x18, 0x32, 0x68, 0xd8, 0xc0,
    0xa1, 0x83, 0x87, 0x0f, 0x20, 0x42, 0x88, 0x18, 0x41, 0xa2, 0x84, 0x89,
    0x09, 0x00, 0x02, 0x08, 0x18, 0x40, 0xa0, 0x80, 0x81, 0x03, 0x08, 0x12,
    0x28, 0x58, 0xc0, 0xa0, 0x81, 0x83, 0x07, 0x10, 0x22, 0x48, 0x98, 0x40,
    0xa1, 0x82, 0x85, 0x0b, 0x18, 0x32, 0x68, 0xd8, 0xc0, 0xa1, 0x83, 0x87,
    0x0f, 0x20, 0x42, 0x88, 0x18, 0x41, 0xa2, 0x84, 0x89, 0x09, 0x00, 0x02,
    0x08, 0x18, 0x40, 0xa0, 0x80, 0x81, 0x03, 0x08, 0x12, 0x28, 0x58, 0xc0,
    0xa0, 0x81, 0x83, 0x07, 0x10, 0x22, 0x48, 0x98, 0x40, 0xa1, 0x82, 0x85,
    0x0b, 0x18, 0x32, 0x68, 0xd8, 0xc0, 0xa1, 0x83, 0x87, 0x0f, 0x20, 0x42,
    0x88, 0x18, 0x41, 0xa2, 0x84, 0x89, 0x09, 0x00, 0x02, 0x08, 0x18, 0x40,
    0xa0, 0x80, 0x81, 0x03, 0x08, 0x12, 0x28, 0x58, 0xc0, 0xa0, 0x81, 0x83,
    0x07, 0x10, 0x22, 0x48, 0x98, 0x40, 0xa1, 0x82, 0x85, 0x0b, 0x18, 0x32,
    0x68, 0xd8, 0xc0, 0xa1, 0x83, 0x87, 0x0f, 0x20, 0x42, 0x88, 0x18, 0x41,
    0xa2, 0x84, 0x89, 0x09, 0x00, 0x02, 0x08, 0x18, 0x40, 0xa0, 0x80, 0x81,
    0x03, 0x08, 0x12, 0x28, 0x58, 0xc0, 0xa0, 0x81, 0x83, 0x07, 0x10, 0x22,
    0x48, 0x98, 0x40, 0xa1, 0x82, 0x85, 0x0b, 0x18, 0x32, 0x68, 0xd8, 0xc0,
    0xa1, 0x83, 0x87, 0x0f, 0x20, 0x42, 0x88, 0x18, 0x41, 0xa2, 0x84, 0x89,
    0x09, 0x00, 0x02, 0x08, 0x18, 0x40, 0xa0, 0x80, 0x81, 0x03, 0x08, 0x12,
    0x28, 0x58, 0xc0, 0xa0, 0x81, 0x83, 0x07, 0x10, 0x22, 0x48, 0x98, 0x40,
    0xa1, 0x82, 0x85, 0x0b, 0x18, 0x32, 0x68, 0xd8, 0xc0, 0xa1, 0x83, 0x87,
    0x0f, 0x20, 0x42, 0x88, 0x18, 0x41, 0xa2, 0x84, 0x89, 0x09, 0x00, 0x02,
    0x08, 0x18, 0x40, 0xa0, 0x80, 0x81, 0x03, 0x08, 0x12, 0x28, 0x58, 0xc0,
    0xa0, 0x81, 0x83, 0x07, 0x10, 0x22, 0x48, 0x98, 0x40, 0xa1, 0x82, 0x85,
    0x0b, 0x18, 0x32, 0x68, 0xd8, 0xc0, 0xa1, 0x83, 0x87, 0x0f, 0x20, 0x42,
    0x88, 0x18, 0x41, 0xa2, 0x84, 0x89, 0x09, 0x00, 0x02, 0x08, 0x18, 0x40,
    0xa0, 0x80, 0x81, 0x03, 0x08, 0x12, 0x28, 0x58, 0xc0, 0xa0, 0x81, 0x83,
    0x07, 0x10, 0x22, 0x48, 0x98, 0x40, 0xa1, 0x82, 0x85, 0x0b, 0x18, 0x32,
    0x68, 0xd8, 0xc0, 0xa1, 0x83, 0x87, 0x0f, 0x20, 0x42, 0x88, 0x18, 0x41,
    0xa2, 0x84, 0x89, 0x09, 0x00, 0x02, 0x08, 0x18, 0x40, 0xa0, 0x80, 0x81,
    0x03, 0x08, 0x12, 0x28, 0x58, 0xc0, 0xa0, 0x81, 0x83, 0x07, 0x10, 0x22,
    0x48, 0x98, 0x40, 0xa1, 0x82, 0x85, 0x0b, 0x18, 0x32, 0x68, 0xd8, 0xc0,
    0xa1, 0x83, 0x87, 0x0f, 0x20, 0x42, 0x88, 0x18, 0x41, 0xa2, 0x84, 0x89,
    0x09, 0x00, 0x02, 0x08, 0x18, 0x40, 0xa0, 0x80, 0x81, 0x03, 0x08, 0x12,
    0x28, 0x58, 0xc0, 0xa0, 0x81, 0x83, 0x07, 0x10, 0x22, 0x48, 0x98, 0x40,
    0xa1, 0x82, 0x85, 0x0b, 0x18, 0x32, 0x68, 0xd8, 0xc0, 0xa1, 0x83, 0x87,
    0x0f, 0x20, 0x42, 0x88, 0x18, 0x41, 0xa2, 0x84, 0x89, 0x09, 0x00, 0x02,
    0x08, 0x18, 0x40, 0xa0, 0x80, 0x81, 0x03, 0x08, 0x12, 0x28, 0x58, 0xc0,
    0xa0, 0x81, 0x83, 0x07, 0x10, 0x22, 0x48, 0x98, 0x40, 0xa1, 0x82, 0x85,
    0x0b, 0x18, 0x32, 0x68, 0xd8, 0xc0, 0xa1, 0x83, 0x87, 0x0f, 0x20, 0x42,
    0x88, 0x18, 0x41, 0xa2, 0x84, 0x89, 0x09, 0x00, 0x02, 0x08, 0x18, 0x40,
    0xa0, 0x80, 0x81, 0x03, 0x08, 0x12, 0x28, 0x58, 0xc0, 0xa0, 0x81, 0x83,
    0x07, 0x10, 0x22, 0x48, 0x98, 0x40, 0xa1, 0x82, 0x85, 0x0b, 0x18, 0x32,
    0x68, 0xd8, 0xc0, 0xa1, 0x83, 0x87, 0x0f, 0x20, 0x42, 0x88, 0x18, 0x41,
    0xa2, 0x84, 0x89, 0x09, 0x00, 0x02, 0x08, 0x18, 0x40, 0xa0, 0x80, 0x81,
    0x03, 0x08, 0x12, 0x28, 0x58, 0xc0, 0xa0, 0x81, 0x83, 0x07, 0x10, 0x22,
    0x48, 0x98, 0x40, 0xa1, 0x82, 0x85, 0x0b, 0x18, 0x32, 0x68, 0xd8, 0xc0,
    0xa1, 0x83, 0x87, 0x0f, 0x20, 0x42, 0x88, 0x18, 0x41, 0xa2, 0x84, 0x89,
    0x09, 0x00, 0x02, 0x08, 0x18, 0x40, 0xa0, 0x80, 0x81, 0x03, 0x08, 0x12,
    0x28, 0x58, 0xc0, 0xa0, 0x81, 0x83, 0x07, 0x10, 0x22, 0x48, 0x98, 0x40,
    0xa1, 0x82, 0x85, 0x0b, 0x18, 0x32, 0x68, 0xd8, 0xc0, 0xa1, 0x83, 0x87,
    0x0f, 0x20, 0x42, 0x88, 0x18, 0x41, 0xa2, 0x84, 0x89, 0x09, 0x00, 0x02,
    0x08, 0x18, 0x40, 0xa0, 0x80, 0x81, 0x03, 0x08, 0x12, 0x28, 0x58, 0xc0,
    0xa0, 0x81, 0x83, 0x07, 0x10, 0x22, 0x48, 0x98, 0x40, 0xa1, 0x82, 0x85,
    0x0b, 0x18, 0x32, 0x68, 0xd8, 0xc0, 0xa1, 0x83, 0x87, 0x0f, 0x20, 0x42,
    0x88, 0x18, 0x41, 0xa2, 0x84, 0x89, 0x09, 0x00, 0x02, 0x08, 0x18, 0x40,
    0xa0, 0x80, 0x81, 0x03, 0x08, 0x12, 0x28, 0x58, 0xc0, 0xa0, 0x81, 0x83,
    0x07, 0x10, 0x22, 0x48, 0x98, 0x40, 0xa1, 0x82, 0x85, 0x0b, 0x18, 0x32,
    0x68, 0xd8, 0xc0, 0xa1, 0x83, 0x87, 0x0f, 0x20, 0x42, 0x88, 0x18, 0x41,
    0xa2, 0x84, 0x89, 0x09, 0x00, 0x02, 0x08, 0x18, 0x40, 0xa0, 0x80, 0x81,
    0x03, 0x08, 0x12, 0x28, 0x58, 0xc0, 0xa0, 0x81, 0x83, 0x07, 0x10, 0x22,
    0x48, 0x98, 0x40, 0xa1, 0x82, 0x85, 0x0b, 0x18, 0x32, 0x68, 0xd8, 0xc0,
    0xa1, 0x83, 0x87, 0x0f, 0x20, 0x42, 0x88, 0x18, 0x41, 0xa2, 0x84, 0x89,
    0x09, 0x00, 0x02, 0x08, 0x18, 0x40, 0xa0, 0x80, 0x81, 0x03, 0x08, 0x12,
    0x28, 0x58, 0xc0, 0xa0, 0x81, 0x83, 0x07, 0x10, 0x22, 0x48, 0x98, 0x40,
    0xa1, 0x82, 0x85, 0x0b, 0x18, 0x32, 0x68, 0xd8, 0xc0, 0xa1, 0x83, 0x87,
    0x0f, 0x20, 0x42, 0x88, 0x18, 0x41, 0xa2, 0x84, 0x89, 0x09, 0x00, 0x02,
    0x08, 0x18, 0x40, 0xa0, 0x80, 0x81, 0x03, 0x08, 0x12, 0x28, 0x58, 0xc0,
    0xa0, 0x81, 0x83, 0x07, 0x10, 0x22, 0x48, 0x98, 0x40, 0xa1, 0x82, 0x85,
    0x0b, 0x18, 0x32, 0x68, 0xd8, 0xc0, 0xa1, 0x83, 0x87, 0x0f, 0x20, 0x42,
    0x88, 0x18, 0x41, 0xa2, 0x84, 0x89, 0x09, 0x00, 0x02, 0x08, 0x18, 0x40,
    0xa0, 0x80, 0x81, 0x03, 0x08, 0x12, 0x28, 0x58, 0xc0, 0xa0, 0x81, 0x83,
    0x07, 0x10, 0x22, 0x48, 0x98, 0x40, 0xa1, 0x82, 0x85, 0x0b, 0x18, 0x32,
    0x68, 0xd8, 0xc0, 0xa1, 0x83, 0x87, 0x0f, 0x20, 0x42, 0x88, 0x18, 0x41,
    0xa2, 0x84, 0x89, 0x09, 0x00, 0x02, 0x08, 0x18, 0x40, 0xa0, 0x80, 0x81,
    0x03, 0x08, 0x12, 0x28, 0x58, 0xc0, 0xa0, 0x81, 0x83, 0x07, 0x10, 0x22,
    0x48, 0x98, 0x40, 0xa1, 0x82, 0x85, 0x0b, 0x18, 0x32, 0x68, 0xd8, 0xc0,
    0xa1, 0x83, 0x87, 0x0f, 0x20, 0x42, 0x88, 0x18, 0x41, 0xa2, 0x84, 0x89,
    0x09, 0x00, 0x02, 0x08, 0x18, 0x40, 0xa0, 0x80, 0x81, 0x03, 0x08, 0x12,
    0x28, 0x58, 0xc0, 0xa0, 0x81, 0x83, 0x07, 0x10, 0x22, 0x48, 0x98, 0x40,
    0xa1, 0x82, 0x85, 0x0b, 0x18, 0x32, 0x68, 0xd8, 0xc0, 0xa1, 0x83, 0x87,
    0x0f, 0x20, 0x42, 0x88, 0x18, 0x41, 0xa2, 0x84, 0x89, 0x09, 0x00, 0x02,
    0x08, 0x18, 0x40, 0xa0, 0x80, 0x81, 0x03, 0x08, 0x12, 0x28, 0x58, 0xc0,
    0xa0, 0x81, 0x83, 0x07, 0x10, 0x22, 0x48, 0x98, 0x40, 0xa1, 0x82, 0x85,
    0x0b, 0x18, 0x32, 0x68, 0xd8, 0xc0, 0xa1, 0x83, 0x87, 0x0f, 0x20, 0x42,
    0x88, 0x18, 0x41, 0xa2, 0x84, 0x89, 0x09, 0x00, 0x0a, 0x18, 0x38, 0x80,
    0x20, 0x81, 0x82, 0x05, 0x0c, 0x1a, 0x38, 0x78, 0x00, 0x21, 0x82, 0x84,
    0x09, 0x14, 0x10, 0x0c, 0xb8, 0x10, 0x40, 0x80, 0x00, 0x02, 0x02, 0x32,
    0x10, 0xb8, 0x30, 0x20, 0x80, 0x08, 0x0d, 0x19, 0x3a, 0x88, 0x18, 0xa0,
    0x61, 0x03, 0x88, 0x15, 0x29, 0x08, 0x04, 0xb8, 0x90, 0x62, 0x83, 0x00,
    0x18, 0x33, 0x5e, 0x64, 0x40, 0xd1, 0x81, 0x46, 0x87, 0x19, 0x28, 0x6c,
    0xbc, 0xe0, 0x11, 0x22, 0x44, 0x89, 0x1e, 0x31, 0x34, 0xa0, 0xb8, 0xf0,
    0x61, 0xc0, 0x07, 0x0d, 0x2e, 0x38, 0x04, 0x20, 0x00, 0xc5, 0x88, 0x92,
    0x17, 0x28, 0xa2, 0x90, 0x60, 0xf2, 0xa1, 0xc9, 0x0c, 0x20, 0x46, 0x66,
    0xb8, 0xa8, 0x21, 0xc2, 0x09, 0x17, 0x21, 0x21, 0x92, 0xd4, 0xd8, 0x12,
    0x24, 0x07, 0x0b, 0x0e, 0x44, 0x9e, 0x30, 0xc9, 0x01, 0xc4, 0x0d, 0x0c,
    0x1c, 0x47, 0x5a, 0x28, 0xe1, 0x71, 0xe2, 0x45, 0x12, 0x22, 0x49, 0x46,
    0xa4, 0xc0, 0xb1, 0x65, 0x89, 0x17, 0x13, 0x50, 0x74, 0x78, 0xf8, 0x72,
    0x26, 0xd0, 0x1f, 0x19, 0x39, 0x7e, 0x84, 0x68, 0x04, 0x08, 0x43, 0x0d,
    0x0e, 0x88, 0x76, 0xe0, 0x39, 0xf2, 0x64, 0x89, 0x8b, 0x30, 0x7c, 0x38,
    0xe0, 0x89, 0xb1, 0x09, 0x90, 0x9a, 0x2f, 0x44, 0x48, 0x50, 0xf9, 0xe2,
    0xa2, 0x0a, 0x08, 0x41, 0x1f, 0x4e, 0x38, 0xa9, 0xd2, 0xc2, 0xcd, 0x15,
    0x11, 0x7a, 0x4a, 0xa0, 0x91, 0x01, 0xc2, 0x03, 0x8c, 0x1b, 0x25, 0xa8,
    0x64, 0x78, 0xe2, 0x21, 0x06, 0xa0, 0x28, 0x30, 0xd8, 0xf4, 0x40, 0x74,
    0x01, 0x80, 0x88, 0x0a, 0xcc, 0x9a, 0x39, 0x7b, 0x06, 0x2d, 0x1a, 0x03,
    0x00, 0x14, 0x2c, 0x60, 0xd0, 0xc0, 0xc1, 0x03, 0x08, 0x11, 0x24, 0x4c,
    0xa0, 0x50, 0xc1, 0xc2, 0x05, 0x0c, 0x19, 0x14, 0x04, 0x08, 0x30, 0x40,
    0x80, 0x80, 0x02, 0x21, 0x10, 0x20, 0x38, 0x30, 0xa2, 0xc4, 0x81, 0x03,
    0x05, 0x52, 0xa0, 0x40, 0xa0, 0x62, 0x44, 0x81, 0x16, 0x31, 0x54, 0xa0,
    0x38, 0xd1, 0xa2, 0x04, 0x89, 0x04, 0x24, 0x5c, 0x84, 0x70, 0xc1, 0x02,
    0x85, 0x8a, 0x04, 0x2b, 0x46, 0x98, 0xf0, 0x51, 0x42, 0xc5, 0x91, 0x1a,
    0x43, 0x7e, 0xcc, 0xf8, 0x91, 0x22, 0x46, 0x8b, 0x1d, 0x44, 0x48, 0xdc,
    0xa0, 0x11, 0xc2, 0xc8, 0x8b, 0x1b, 0x24, 0x88, 0xc0, 0xb8, 0x42, 0xc3,
    0x86, 0x8c, 0x21, 0x58, 0xa6, 0x58, 0x11, 0x31, 0xe5, 0x05, 0x0c, 0x32,
    0x46, 0x78, 0x98, 0x29, 0x73, 0xa2, 0x07, 0x14, 0x2d, 0x2e, 0xb4, 0xb8,
    0x91, 0xa3, 0xe4, 0x40, 0x8e, 0x15, 0x30, 0x74, 0xe8, 0x58, 0x43, 0xe5,
    0x89, 0x16, 0x3b, 0x53, 0x52, 0x30, 0x81, 0x53, 0x07, 0xca, 0x9a, 0x39,
    0x3c, 0x8c, 0x38, 0xd1, 0x13, 0xc6, 0x8a, 0x8d, 0x13, 0x77, 0xb8, 0xb0,
    0x88, 0xe1, 0x44, 0x06, 0x8b, 0x47, 0x91, 0x66, 0xcc, 0x99, 0x33, 0x68,
    0x88, 0x88, 0x2e, 0x84, 0xa2, 0x1c, 0xfa, 0xc4, 0x07, 0x94, 0x8f, 0x42,
    0x3f, 0x74, 0x5c, 0x81, 0x74, 0xca, 0x06, 0x9a, 0x4d, 0x51, 0x16, 0xe9,
    0x69, 0x92, 0x65, 0xd0, 0x26, 0x21, 0x8e, 0x3e, 0xdd, 0xd8, 0x11, 0xc2,
    0x00, 0x01, 0x02, 0x02, 0x06, 0x00, 0x08, 0xa0, 0xc1, 0xd8, 0x31, 0x64,
    0xc9, 0x94, 0x2d, 0x7b, 0x00, 0x00, 0x92, 0x28, 0x59, 0xc2, 0xa4, 0x89,
    0x93, 0x27, 0x50, 0xa2, 0x48, 0x99, 0x42, 0xa5, 0x8a, 0x95, 0x2b, 0x58,
    0x00, 0x04, 0x18, 0x40, 0xa0, 0x80, 0x82, 0x05, 0x0c, 0x1a, 0x38, 0x18,
    0x43, 0xa6, 0x8c, 0x99, 0x33, 0x68, 0xd2, 0xa8, 0x59, 0xc3, 0xa6, 0x8d,
    0x9b, 0x37, 0x70, 0xe2, 0xc8, 0x99, 0x43, 0xa7, 0x8e, 0x9d, 0x3b, 0x78,
    0xf2, 0xe8, 0xd9, 0xc3, 0xa7, 0x8f, 0x9f, 0x3f, 0x6c, 0x1a, 0x20, 0x59,
    0xa0, 0xa0, 0x80, 0x00, 0x01, 0x01, 0xb2, 0x28, 0x5a, 0xc4, 0xa8, 0x91,
    0xa3, 0x47, 0x4e, 0x00, 0x00, 0xa8, 0x54, 0xb1, 0x72, 0x05, 0x4b, 0x16,
    0x2d, 0x5b, 0xb8, 0x74, 0xf1, 0xf2, 0x05, 0x4c, 0x18, 0x31, 0x63, 0x04,
    0x08, 0x20, 0x90, 0xe4, 0x81, 0x03, 0x35, 0x6b, 0xd8, 0xb4, 0x71, 0xf3,
    0x06, 0x4e, 0x1c, 0x39, 0x73, 0xe8, 0xd4, 0xb1, 0x73, 0x07, 0x4f, 0x1e,
    0x3d, 0x7b, 0xf8, 0xf4, 0xf1, 0xf3, 0x07, 0x50, 0x20, 0x41, 0x83, 0x08,
    0x15, 0x32, 0xb4, 0x27, 0xc2, 0x14, 0x02, 0x04, 0x06, 0x8c, 0x71, 0xf4,
    0x08, 0x52, 0x24, 0x49, 0x93, 0xbe, 0x00, 0x00, 0x94, 0x2c, 0x61, 0xd2,
    0xc4, 0xc9, 0x13, 0x28, 0x51, 0xa4, 0x4c, 0xa1, 0x52, 0xc5, 0xca, 0x15,
    0x2c, 0x58, 0x02, 0x04, 0x38, 0x00, 0x61, 0x82, 0x03, 0x30, 0x61, 0xc4,
    0x8c, 0x21, 0x53, 0xc6, 0xcc, 0x19, 0x34, 0x69, 0xd4, 0xac, 0x61, 0xd3,
    0xc6, 0xcd, 0x1b, 0x38, 0x71, 0xe4, 0xcc, 0xa1, 0x53, 0xc7, 0xce, 0x1d,
    0x3c, 0x79, 0xf4, 0xec, 0xe1, 0x33, 0x87, 0x42, 0x12, 0x03, 0x04, 0x02,
    0x64, 0x21, 0x54, 0xc8, 0xd0, 0x21, 0x44, 0x89, 0xa8, 0x00, 0x00, 0xac,
    0x5c, 0xc1, 0x92, 0x45, 0xcb, 0x16, 0x2e, 0x5d, 0xbc, 0x7c, 0x01, 0x13,
    0x46, 0xcc, 0x18, 0x32, 0x63, 0x06, 0x08, 0x28, 0x50, 0x81, 0x8a, 0x03,
    0x36, 0x6d, 0xdc, 0xbc, 0x81, 0x13, 0x47, 0xce, 0x1c, 0x3a, 0x75, 0xec,
    0xdc, 0xc1, 0x93, 0x47, 0xcf, 0x1e, 0x3e, 0x7d, 0xfc, 0xfc, 0x01, 0x14,
    0x48, 0xd0, 0x20, 0x42, 0x85, 0x0c, 0x1d, 0x42, 0x14, 0xa8, 0x4a, 0x02,
    0x03, 0x03, 0x02, 0x94, 0x81, 0x14, 0x49, 0xd2, 0x24, 0x4a, 0x95, 0xbe,
    0x00, 0x00, 0xae, 0x60, 0xc9, 0xa2, 0x65, 0x0b, 0x97, 0x2e, 0x5e, 0xbe,
    0x80, 0x09, 0x23, 0x66, 0x0c, 0x99, 0x32, 0x65, 0x04, 0x20, 0xb0, 0x82,
    0xc1, 0x01, 0x9b, 0x36, 0x6e, 0xde, 0xc0, 0x89, 0x23, 0x67, 0x0e, 0x9d,
    0x3a, 0x76, 0xee, 0xe0, 0xc9, 0xa3, 0x67, 0x0f, 0x9f, 0x3e, 0x7e, 0xfe,
    0x00, 0x0a, 0x24, 0x68, 0x10, 0xa1, 0x42, 0x86, 0x0e, 0x21, 0x0a, 0x84,
    0x21, 0x03, 0x02, 0x02, 0x03, 0xcc, 0x40, 0x8a, 0x24, 0x69, 0x12, 0xa5,
    0x4a, 0x60, 0x00, 0x00, 0xb2, 0x68, 0xd9, 0xc2, 0xa5, 0x8b, 0x97, 0x2f,
    0x60, 0xc2, 0x88, 0x19, 0x43, 0xa6, 0x8c, 0x99, 0x33, 0x65, 0x02, 0x04,
    0x30, 0x50, 0xe1, 0x8a, 0x83, 0x37, 0x70, 0xe2, 0xc8, 0x99, 0x43, 0xa7,
    0x8e, 0x9d, 0x3b, 0x78, 0xf2, 0xe8, 0xd9, 0xc3, 0xa7, 0x8f, 0x9f, 0x3f,
    0x80, 0x02, 0x09, 0x1a, 0x44, 0xa8, 0x90, 0xa1, 0x43, 0x88, 0x12, 0x29,
    0x5a, 0x64, 0x08, 0x4b, 0x85, 0x03, 0x02, 0xd0, 0x48, 0x9a, 0x44, 0xa9,
    0x92, 0xa5, 0x4b, 0x62, 0x00, 0x00, 0x4a, 0x98, 0x38, 0x81, 0x22, 0x85,
    0x8a, 0x15, 0x2c, 0x5a, 0xb8, 0x78, 0x01, 0x23, 0x86, 0x8c, 0x19, 0x32,
    0x08, 0x1c, 0x20, 0xe1, 0xc1, 0x81, 0x8e, 0x1d, 0x3c, 0x7a, 0xf8, 0xf8,
    0x01, 0x24, 0x88, 0x90, 0x21, 0x44, 0x8a, 0x18, 0x39, 0x82, 0x24, 0x89,
    0x92, 0x25, 0x4c, 0x9a, 0x38, 0x79, 0x02, 0x25, 0x8a, 0x94, 0x29, 0x54,
    0xaa, 0x58, 0x89, 0xd2, 0xe1, 0x43, 0x02, 0x02, 0x03, 0x68, 0x78, 0xf9,
    0x02, 0x26, 0x8c, 0x98, 0x31, 0x2d, 0x00, 0x00, 0x78, 0xf4, 0xf0, 0xf1,
    0x03, 0x48, 0x10, 0x21, 0x43, 0x88, 0x14, 0x31, 0x72, 0x04, 0x49, 0x12,
    0x25, 0x49, 0x08, 0x24, 0x00, 0x11, 0xc2, 0x41, 0x14, 0x29, 0x53, 0xa8,
    0x54, 0xb1, 0x72, 0x05, 0x4b, 0x16, 0x2d, 0x5b, 0xb8, 0x74, 0xf1, 0xf2,
    0x05, 0x4c, 0x18, 0x31, 0x63, 0xc8, 0x94, 0x31, 0x73, 0x06, 0x4d, 0x1a,
    0x35, 0x6b, 0xd8, 0xb4, 0x41, 0x13, 0x62, 0x87, 0x06, 0x03, 0x01, 0x96,
    0xd4, 0xb1, 0x73, 0x07, 0x4f, 0x1e, 0x3d, 0x44, 0x00, 0x00, 0x4c, 0x9c,
    0x40, 0x91, 0x42, 0xc5, 0x0a, 0x16, 0x2d, 0x5c, 0xbc, 0x80, 0x11, 0x43,
    0xc6, 0x0c, 0x1a, 0x32, 0x06, 0x1c, 0xa8, 0x50, 0xc2, 0xc1, 0x0e, 0x1e,
    0x3d, 0x7c, 0xfc, 0x00, 0x12, 0x44, 0xc8, 0x10, 0x22, 0x45, 0x8c, 0x1c,
    0x41, 0x92, 0x44, 0xc9, 0x12, 0x26, 0x4d, 0x9c, 0x3c, 0x81, 0x12, 0x45,
    0xca, 0x14, 0x2a, 0x55, 0xac, 0x5c, 0xa1, 0x32, 0xa2, 0x82, 0x81, 0x01,
    0x35, 0xbc, 0x7c, 0x01, 0x13, 0x46, 0xcc, 0x18, 0x17, 0x00, 0x50, 0xa4,
    0x50, 0xb1, 0x82, 0x45, 0x0b, 0x17, 0x2f, 0x60, 0xc4, 0x90, 0x31, 0x83,
    0x46, 0x0d, 0x1b, 0x34, 0x04, 0x1c, 0xd0, 0x70, 0xc2, 0x41, 0x0f, 0x1f,
    0x3f, 0x80, 0x04, 0x11, 0x32, 0x84, 0x48, 0x11, 0x23, 0x47, 0x90, 0x24,
    0x51, 0xb2, 0x84, 0x49, 0x13, 0x27, 0x4f, 0xa0, 0x44, 0x91, 0x32, 0x85,
    0x4a, 0x15, 0x2b, 0x57, 0xb0, 0x64, 0xb1, 0x62, 0x82, 0x44, 0x81, 0x00,
    0x37, 0xc0, 0x84, 0x11, 0x33, 0x86, 0x4c, 0x19, 0x18, 0x00, 0x54, 0xac,
    0x60, 0xd1, 0xc2, 0xc5, 0x0b, 0x18, 0x31, 0x64, 0xcc, 0xa0, 0x51, 0xc3,
    0xc6, 0x0d, 0x1c, 0x36, 0x04, 0x1c, 0x10, 0x91, 0xc2, 0xc1, 0x0f, 0x20,
    0x41, 0x84, 0x0c, 0x21, 0x52, 0xc4, 0xc8, 0x11, 0x24, 0x49, 0x94, 0x2c,
    0x61, 0xd2, 0xc4, 0xc9, 0x13, 0x28, 0x51, 0xa4, 0x4c, 0xa1, 0x52, 0xc5,
    0xca, 0x15, 0x2c, 0x59, 0xb4, 0x6c, 0xc1, 0x92, 0xe2, 0x43, 0x81, 0x01,
    0x39, 0xc4, 0x8c, 0x21, 0x53, 0xc6, 0xcc, 0x19, 0x19, 0x00, 0x52, 0xa8,
    0x58, 0xc1, 0xa2, 0x85, 0x8b, 0x17, 0x30, 0x62, 0xc8, 0x98, 0x41, 0xa3,
    0x86, 0x8d, 0x1b, 0x35, 0x04, 0x1c, 0xf8, 0x70, 0xc2, 0x81, 0x8f, 0x1f,
    0x40, 0x82, 0x08, 0x19, 0x42, 0xa4, 0x88, 0x91, 0x23, 0x48, 0x92, 0x28,
    0x59, 0xc2, 0xa4, 0x89, 0x93, 0x27, 0x50, 0xa2, 0x48, 0x99, 0x42, 0xa5,
    0x8a, 0x95, 0x2b, 0x58, 0xb2, 0x68, 0xb9, 0x82, 0xe2, 0x43, 0x81, 0x01,
    0x38, 0xc2, 0x88, 0x19, 0x43, 0xa6, 0x8c, 0x99, 0x18, 0x00, 0x54, 0xac,
    0x60, 0xd1, 0xc2, 0xc5, 0x0b, 0x18, 0x31, 0x64, 0xcc, 0xa0, 0x51, 0xc3,
    0xc6, 0x0d, 0x1c, 0x36, 0x06, 0x14, 0xf8, 0x90, 0xc2, 0xc1, 0x0f, 0x20,
    0x41, 0x84, 0x0c, 0x21, 0x52, 0xc4, 0xc8, 0x11, 0x24, 0x49, 0x94, 0x2c,
    0x61, 0xd2, 0xc4, 0xc9, 0x13, 0x28, 0x51, 0xa4, 0x4c, 0xa1, 0x52, 0xc5,
    0xca, 0x15, 0x2c, 0x59, 0xb4, 0x6c, 0xc1, 0x92, 0x82, 0x44, 0x01, 0x01,
    0x39, 0xc4, 0x8c, 0x21, 0x53, 0xc6, 0xcc, 0x19, 0x19, 0x00, 0x54, 0xac,
    0x60, 0xd1, 0xc2, 0xc5, 0x0b, 0x18, 0x31, 0x64, 0xcc, 0xa0, 0x51, 0xc3,
    0xc6, 0x0d, 0x1c, 0x36, 0x06, 0x20, 0x20, 0x71, 0xc2, 0xc1, 0x0f, 0x20,
    0x41, 0x84, 0x0c, 0x21, 0x52, 0xc4, 0xc8, 0x11, 0x24, 0x49, 0x94, 0x2c,
    0x61, 0xd2, 0xc4, 0xc9, 0x13, 0x28, 0x51, 0xa4, 0x4c, 0xa1, 0x52, 0xc5,
    0xca, 0x15, 0x2c, 0x59, 0xb4, 0x6c, 0xc1, 0x92, 0xe2, 0x03, 0x02, 0x01,
    0x39, 0xc4, 0x8c, 0x21, 0x53, 0xc6, 0xcc, 0x19, 0x19, 0x00, 0x56, 0xb0,
    0x68, 0xe1, 0xe2, 0x05, 0x8c, 0x18, 0x32, 0x66, 0xd0, 0xa8, 0x61, 0xe3,
    0x06, 0x8e, 0x1c, 0x37, 0x04, 0x20, 0xf8, 0x60, 0xc2, 0x01, 0x90, 0x20,
    0x42, 0x86, 0x10, 0x29, 0x62, 0xe4, 0x08, 0x92, 0x24, 0x4a, 0x96, 0x30,
    0x69, 0xe2, 0xe4, 0x09, 0x94, 0x28, 0x52, 0xa6, 0x50, 0xa9, 0x62, 0xe5,
    0x0a, 0x96, 0x2c, 0x5a, 0xb6, 0x70, 0xc9, 0x82, 0x42, 0x45, 0x01, 0x01,
    0x3a, 0xc6, 0x90, 0x29, 0x63, 0xe6, 0x0c, 0x9a, 0x19, 0x00, 0x56, 0xb0,
    0x68, 0xe1, 0xe2, 0x05, 0x8c, 0x18, 0x32, 0x66, 0xd0, 0xa8, 0x61, 0xe3,
    0x06, 0x8e, 0x1c, 0x37, 0x02, 0x20, 0x50, 0x71, 0xc2, 0x01, 0x90, 0x20,
    0x42, 0x86, 0x10, 0x29, 0x62, 0xe4, 0x08, 0x92, 0x24, 0x4a, 0x96, 0x30,
    0x69, 0xe2, 0xe4, 0x09, 0x94, 0x28, 0x52, 0xa6, 0x50, 0xa9, 0x62, 0xe5,
    0x0a, 0x96, 0x2c, 0x5a, 0xb6, 0x70, 0xc9, 0x92, 0x82, 0x44, 0x81, 0x01,
    0x3a, 0xc6, 0x90, 0x29, 0x63, 0xe6, 0x0c, 0x9a, 0x19, 0x00, 0x54, 0xac,
    0x60, 0xd1, 0xc2, 0xc5, 0x0b, 0x18, 0x31, 0x64, 0xcc, 0xa0, 0x51, 0xc3,
    0xc6, 0x0d, 0x1c, 0x36, 0x02, 0x1c, 0x10, 0x91, 0xc2, 0xc1, 0x0f, 0x20,
    0x41, 0x84, 0x0c, 0x21, 0x52, 0xc4, 0xc8, 0x11, 0x24, 0x49, 0x94, 0x2c,
    0x61, 0xd2, 0xc4, 0xc9, 0x13, 0x28, 0x51, 0xa4, 0x4c, 0xa1, 0x52, 0xc5,
    0xca, 0x15, 0x2c, 0x59, 0xb4, 0x6c, 0xc1, 0x92, 0xe2, 0x03, 0x82, 0x01,
    0x39, 0xc4, 0x8c, 0x21, 0x53, 0xc6, 0xcc, 0x19, 0x19, 0x00, 0x54, 0xac,
    0x60, 0xd1, 0xc2, 0xc5, 0x0b, 0x18, 0x31, 0x64, 0xcc, 0xa0, 0x51, 0xc3,
    0xc6, 0x0d, 0x1c, 0x36, 0x06, 0x14, 0xf8, 0x90, 0xc2, 0xc1, 0x0f, 0x20,
    0x41, 0x84, 0x0c, 0x21, 0x52, 0xc4, 0xc8, 0x11, 0x24, 0x49, 0x94, 0x2c,
    0x61, 0xd2, 0xc4, 0xc9, 0x13, 0x28, 0x51, 0xa4, 0x4c, 0xa1, 0x52, 0xc5,
    0xca, 0x15, 0x2c, 0x59, 0xb4, 0x6c, 0xc1, 0x92, 0x82, 0x44, 0x81, 0x01,
    0x39, 0xc4, 0x8c, 0x21, 0x53, 0xc6, 0xcc, 0x19, 0x19, 0x00, 0x54, 0xac,
    0x60, 0xd1, 0xc2, 0xc5, 0x0b, 0x18, 0x31, 0x64, 0xcc, 0xa0, 0x51, 0xc3,
    0xc6, 0x0d, 0x1c, 0x36, 0x04, 0x1c, 0x10, 0x91, 0xc2, 0xc1, 0x0f, 0x20,
    0x41, 0x84, 0x0c, 0x21, 0x52, 0xc4, 0xc8, 0x11, 0x24, 0x49, 0x94, 0x2c,
    0x61, 0xd2, 0xc4, 0xc9, 0x13, 0x28, 0x51, 0xa4, 0x4c, 0xa1, 0x52, 0xc5,
    0xca, 0x15, 0x2c, 0x59, 0xb4, 0x6c, 0xc1, 0x72, 0x42, 0x44, 0x01, 0x02,
    0x39, 0xc4, 0x8c, 0x21, 0x53, 0xc6, 0xcc, 0x19, 0x19, 0x00, 0x52, 0xa8,
    0x58, 0xc1, 0xa2, 0x85, 0x8b, 0x17, 0x30, 0x62, 0xc8, 0x98, 0x41, 0xa3,
    0x86, 0x8d, 0x1b, 0x35, 0x02, 0x14, 0x10, 0x71, 0xc2, 0x81, 0x8f, 0x1f,
    0x40, 0x82, 0x08, 0x19, 0x42, 0xa4, 0x88, 0x91, 0x23, 0x48, 0x92, 0x28,
    0x59, 0xc2, 0xa4, 0x89, 0x93, 0x27, 0x50, 0xa2, 0x48, 0x99, 0x42, 0xa5,
    0x8a, 0x95, 0x2b, 0x58, 0xb2, 0x68, 0xb9, 0x82, 0xe2, 0x03, 0x02, 0x01,
    0x38, 0xc2, 0x88, 0x19, 0x43, 0xa6, 0x8c, 0x99, 0x18, 0x00, 0x54, 0xac,
    0x60, 0xd1, 0xc2, 0xc5, 0x0b, 0x18, 0x31, 0x64, 0xcc, 0xa0, 0x51, 0xc3,
    0xc6, 0x0d, 0x1c, 0x36, 0x04, 0x1c, 0xf8, 0x70, 0xc2, 0xc1, 0x0f, 0x20,
    0x41, 0x84, 0x0c, 0x21, 0x52, 0xc4, 0xc8, 0x11, 0x24, 0x49, 0x94, 0x2c,
    0x61, 0xd2, 0xc4, 0xc9, 0x13, 0x28, 0x51, 0xa4, 0x4c, 0xa1, 0x52, 0xc5,
    0xca, 0x15, 0x2c, 0x59, 0xb4, 0x6c, 0xc1, 0x92, 0xe2, 0xc3, 0x81, 0x01,
    0x39, 0xc4, 0x8c, 0x21, 0x53, 0xc6, 0xcc, 0x19, 0x19, 0x00, 0x54, 0xac,
    0x60, 0xd1, 0xc2, 0xc5, 0x0b, 0x18, 0x31, 0x64, 0xcc, 0xa0, 0x51, 0xc3,
    0xc6, 0x0d, 0x1c, 0x36, 0x06, 0x14, 0x20, 0x61, 0xc2, 0xc1, 0x0f, 0x20,
    0x41, 0x84, 0x0c, 0x21, 0x52, 0xc4, 0xc8, 0x11, 0x24, 0x49, 0x94, 0x2c,
    0x61, 0xd2, 0xc4, 0xc9, 0x13, 0x28, 0x51, 0xa4, 0x4c, 0xa1, 0x52, 0xc5,
    0xca, 0x15, 0x2c, 0x59, 0xb4, 0x6c, 0xc1, 0x92, 0x42, 0x04, 0x02, 0x01,
    0x39, 0xc4, 0x8c, 0x21, 0x53, 0xc6, 0xcc, 0x19, 0x19, 0x00, 0x52, 0xa8,
    0x58, 0xc1, 0xa2, 0x85, 0x8b, 0x17, 0x30, 0x62, 0xc8, 0x98, 0x41, 0xa3,
    0x86, 0x8d, 0x1b, 0x35, 0x02, 0x24, 0x10, 0x71, 0xc2, 0x81, 0x8f, 0x1f,
    0x40, 0x82, 0x08, 0x19, 0x42, 0xa4, 0x88, 0x91, 0x23, 0x48, 0x92, 0x28,
    0x59, 0xc2, 0xa4, 0x89, 0x93, 0x27, 0x50, 0xa2, 0x48, 0x99, 0x42, 0xa5,
    0x8a, 0x95, 0x2b, 0x58, 0xb2, 0x68, 0xb9, 0x82, 0x42, 0xc4, 0x81, 0x01,
    0x38, 0xc2, 0x88, 0x19, 0x43, 0xa6, 0x8c, 0x99, 0x18, 0x00, 0x54, 0xac,
    0x60, 0xd1, 0xc2, 0xc5, 0x0b, 0x18, 0x31, 0x64, 0xcc, 0xa0, 0x51, 0xc3,
    0xc6, 0x0d, 0x1c, 0x36, 0x06, 0x20, 0x10, 0x91, 0xc2, 0xc1, 0x0f, 0x20,
    0x41, 0x84, 0x0c, 0x21, 0x52, 0xc4, 0xc8, 0x11, 0x24, 0x49, 0x94, 0x2c,
    0x61, 0xd2, 0xc4, 0xc9, 0x13, 0x28, 0x51, 0xa4, 0x4c, 0xa1, 0x52, 0xc5,
    0xca, 0x15, 0x2c, 0x59, 0xb4, 0x6c, 0xc1, 0x72, 0x42, 0x04, 0x02, 0x01,
    0x39, 0xc4, 0x8c, 0x21, 0x53, 0xc6, 0xcc, 0x19, 0x19, 0x00, 0x54, 0xac,
    0x60, 0xd1, 0xc2, 0xc5, 0x0b, 0x18, 0x31, 0x64, 0xcc, 0xa0, 0x51, 0xc3,
    0xc6, 0x0d, 0x1c, 0x36, 0x04, 0x1c, 0x20, 0x91, 0xc2, 0xc1, 0x0f, 0x20,
    0x41, 0x84, 0x0c, 0x21, 0x52, 0xc4, 0xc8, 0x11, 0x24, 0x49, 0x94, 0x2c,
    0x61, 0xd2, 0xc4, 0xc9, 0x13, 0x28, 0x51, 0xa4, 0x4c, 0xa1, 0x52, 0xc5,
    0xca, 0x15, 0x2c, 0x59, 0xb4, 0x6c, 0xc1, 0x62, 0x82, 0xc4, 0x01, 0x02,
    0x39, 0xc4, 0x8c, 0x21, 0x53, 0xc6, 0xcc, 0x19, 0x19, 0x00, 0x50, 0xa4,
    0x50, 0xb1, 0x82, 0x45, 0x0b, 0x17, 0x2f, 0x60, 0xc4, 0x90, 0x31, 0x83,
    0x46, 0x0d, 0x1b, 0x34, 0x04, 0x1c, 0x10, 0x71, 0xc2, 0x41, 0x0f, 0x1f,
    0x3f, 0x80, 0x04, 0x11, 0x32, 0x84, 0x48, 0x11, 0x23, 0x47, 0x90, 0x24,
    0x51, 0xb2, 0x84, 0x49, 0x13, 0x27, 0x4f, 0xa0, 0x44, 0x91, 0x32, 0x85,
    0x4a, 0x15, 0x2b, 0x57, 0xb0, 0x64, 0xb1, 0x72, 0xe2, 0xc3, 0x81, 0x00,
    0x37, 0xc0, 0x84, 0x11, 0x33, 0x86, 0x4c, 0x19, 0x18, 0x00, 0x54, 0xac,
    0x60, 0xd1, 0xc2, 0xc5, 0x0b, 0x18, 0x31, 0x64, 0xcc, 0xa0, 0x51, 0xc3,
    0xc6, 0x0d, 0x1c, 0x36, 0x04, 0x20, 0x10, 0x91, 0xc2, 0xc1, 0x0f, 0x20,
    0x41, 0x84, 0x0c, 0x21, 0x52, 0xc4, 0xc8, 0x11, 0x24, 0x49, 0x94, 0x2c,
    0x61, 0xd2, 0xc4, 0xc9, 0x13, 0x28, 0x51, 0xa4, 0x4c, 0xa1, 0x52, 0xc5,
    0xca, 0x15, 0x2c, 0x59, 0xb4, 0x6c, 0xc1, 0x92, 0x42, 0x04, 0x02, 0x01,
    0x39, 0xc4, 0x8c, 0x21, 0x53, 0xc6, 0xcc, 0x19, 0x19, 0x00, 0x4e, 0xa0,
    0x48, 0xa1, 0x62, 0x05, 0x8b, 0x16, 0x2e, 0x5e, 0xc0, 0x88, 0x21, 0x63,
    0x06, 0x8d, 0x1a, 0x33, 0x02, 0x1c, 0xf8, 0x60, 0xc2, 0x01, 0x8f, 0x1e,
    0x3e, 0x7e, 0x00, 0x09, 0x22, 0x64, 0x08, 0x91, 0x22, 0x46, 0x8e, 0x20,
    0x49, 0xa2, 0x64, 0x09, 0x93, 0x26, 0x4e, 0x9e, 0x40, 0x89, 0x22, 0x65,
    0x0a, 0x95, 0x2a, 0x56, 0xae, 0x60, 0xa9, 0x62, 0x82, 0x04, 0x02, 0x02,
    0x36, 0xbe, 0x80, 0x09, 0x23, 0x66, 0x0c, 0x99, 0x17, 0x00, 0x52, 0xa8,
    0x58, 0xc1, 0xa2, 0x85, 0x8b, 0x17, 0x30, 0x62, 0xc8, 0x98, 0x41, 0xa3,
    0x86, 0x8d, 0x1b, 0x35, 0x02, 0x1c, 0xf8, 0x70, 0xc2, 0x81, 0x8f, 0x1f,
    0x40, 0x82, 0x08, 0x19, 0x42, 0xa4, 0x88, 0x91, 0x23, 0x48, 0x92, 0x28,
    0x59, 0xc2, 0xa4, 0x89, 0x93, 0x27, 0x50, 0xa2, 0x48, 0x99, 0x42, 0xa5,
    0x8a, 0x95, 0x2b, 0x58, 0xb2, 0x68, 0xb9, 0x82, 0x82, 0x04, 0x82, 0x01,
    0x38, 0xc2, 0x88, 0x19, 0x43, 0xa6, 0x8c, 0x99, 0x18, 0x00, 0x52, 0xa8,
    0x58, 0xc1, 0xa2, 0x85, 0x8b, 0x17, 0x30, 0x62, 0xc8, 0x98, 0x41, 0xa3,
    0x86, 0x8d, 0x1b, 0x35, 0x02, 0x20, 0xf8, 0x80, 0xc2, 0x81, 0x8f, 0x1f,
    0x40, 0x82, 0x08, 0x19, 0x42, 0xa4, 0x88, 0x91, 0x23, 0x48, 0x92, 0x28,
    0x59, 0xc2, 0xa4, 0x89, 0x93, 0x27, 0x50, 0xa2, 0x48, 0x99, 0x42, 0xa5,
    0x8a, 0x95, 0x2b, 0x58, 0xb2, 0x68, 0xb9, 0x72, 0x82, 0x04, 0x82, 0x01,
    0x38, 0xc2, 0x88, 0x19, 0x43, 0xa6, 0x8c, 0x99, 0x18, 0x00, 0x52, 0xa8,
    0x58, 0xc1, 0xa2, 0x85, 0x8b, 0x17, 0x30, 0x62, 0xc8, 0x98, 0x41, 0xa3,
    0x86, 0x8d, 0x1b, 0x35, 0x06, 0x14, 0xf8, 0x70, 0xc2, 0x81, 0x8f, 0x1f,
    0x40, 0x82, 0x08, 0x19, 0x42, 0xa4, 0x88, 0x91, 0x23, 0x48, 0x92, 0x28,
    0x59, 0xc2, 0xa4, 0x89, 0x93, 0x27, 0x50, 0xa2, 0x48, 0x99, 0x42, 0xa5,
    0x8a, 0x95, 0x2b, 0x58, 0xb2, 0x68, 0xb9, 0x82, 0x82, 0x44, 0x82, 0x01,
    0x38, 0xc2, 0x88, 0x19, 0x43, 0xa6, 0x8c, 0x99, 0x18, 0x00, 0x54, 0xac,
    0x60, 0xd1, 0xc2, 0xc5, 0x0b, 0x18, 0x31, 0x64, 0xcc, 0xa0, 0x51, 0xc3,
    0xc6, 0x0d, 0x1c, 0x36, 0x02, 0x20, 0x20, 0x91, 0xc2, 0xc1, 0x0f, 0x20,
    0x41, 0x84, 0x0c, 0x21, 0x52, 0xc4, 0xc8, 0x11, 0x24, 0x49, 0x94, 0x2c,
    0x61, 0xd2, 0xc4, 0xc9, 0x13, 0x28, 0x51, 0xa4, 0x4c, 0xa1, 0x52, 0xc5,
    0xca, 0x15, 0x2c, 0x59, 0xb4, 0x6c, 0xc1, 0x72, 0xe2, 0x03, 0x02, 0x01,
    0x39, 0xc4, 0x8c, 0x21, 0x53, 0xc6, 0xcc, 0x19, 0x19, 0x00, 0x54, 0xac,
    0x60, 0xd1, 0xc2, 0xc5, 0x0b, 0x18, 0x31, 0x64, 0xcc, 0xa0, 0x51, 0xc3,
    0xc6, 0x0d, 0x1c, 0x36, 0x02, 0x20, 0x10, 0x71, 0xc2, 0xc1, 0x0f, 0x20,
    0x41, 0x84, 0x0c, 0x21, 0x52, 0xc4, 0xc8, 0x11, 0x24, 0x49, 0x94, 0x2c,
    0x61, 0xd2, 0xc4, 0xc9, 0x13, 0x28, 0x51, 0xa4, 0x4c, 0xa1, 0x52, 0xc5,
    0xca, 0x15, 0x2c, 0x59, 0xb4, 0x6c, 0xc1, 0x92, 0xe2, 0xc3, 0x01, 0x01,
    0x39, 0xc4, 0x8c, 0x21, 0x53, 0xc6, 0xcc, 0x19, 0x19, 0x00, 0x52, 0xa8,
    0x58, 0xc1, 0xa2, 0x85, 0x8b, 0x17, 0x30, 0x62, 0xc8, 0x98, 0x41, 0xa3,
    0x86, 0x8d, 0x1b, 0x35, 0x06, 0x1c, 0x10, 0x71, 0xc2, 0x81, 0x8f, 0x1f,
    0x40, 0x82, 0x08, 0x19, 0x42, 0xa4, 0x88, 0x91, 0x23, 0x48, 0x92, 0x28,
    0x59, 0xc2, 0xa4, 0x89, 0x93, 0x27, 0x50, 0xa2, 0x48, 0x99, 0x42, 0xa5,
    0x8a, 0x95, 0x2b, 0x58, 0xb2, 0x68, 0xb9, 0x82, 0x42, 0x04, 0x02, 0x02,
    0x38, 0xc2, 0x88, 0x19, 0x43, 0xa6, 0x8c, 0x99, 0x18, 0x00, 0x52, 0xa8,
    0x58, 0xc1, 0xa2, 0x85, 0x8b, 0x17, 0x30, 0x62, 0xc8, 0x98, 0x41, 0xa3,
    0x86, 0x8d, 0x1b, 0x35, 0x06, 0x14, 0x20, 0x71, 0xc2, 0x81, 0x8f, 0x1f,
    0x40, 0x82, 0x08, 0x19, 0x42, 0xa4, 0x88, 0x91, 0x23, 0x48, 0x92, 0x28,
    0x59, 0xc2, 0xa4, 0x89, 0x93, 0x27, 0x50, 0xa2, 0x48, 0x99, 0x42, 0xa5,
    0x8a, 0x95, 0x2b, 0x58, 0xb2, 0x68, 0xb9, 0x82, 0x82, 0x44, 0x01, 0x02,
    0x38, 0xc2, 0x88, 0x19, 0x43, 0xa6, 0x8c, 0x99, 0x18, 0x00, 0x54, 0xac,
    0x60, 0xd1, 0xc2, 0xc5, 0x0b, 0x18, 0x31, 0x64, 0xcc, 0xa0, 0x51, 0xc3,
    0xc6, 0x0d, 0x1c, 0x36, 0x06, 0x1c, 0x10, 0x91, 0xc2, 0xc1, 0x0f, 0x20,
    0x41, 0x84, 0x0c, 0x21, 0x52, 0xc4, 0xc8, 0x11, 0x24, 0x49, 0x94, 0x2c,
    0x61, 0xd2, 0xc4, 0xc9, 0x13, 0x28, 0x51, 0xa4, 0x4c, 0xa1, 0x52, 0xc5,
    0xca, 0x15, 0x2c, 0x59, 0xb4, 0x6c, 0xc1, 0x72, 0x42, 0xc4, 0x01, 0x01,
    0x39, 0xc4, 0x8c, 0x21, 0x53, 0xc6, 0xcc, 0x19, 0x19, 0x00, 0x54, 0xac,
    0x60, 0xd1, 0xc2, 0xc5, 0x0b, 0x18, 0x31, 0x64, 0xcc, 0xa0, 0x51, 0xc3,
    0xc6, 0x0d, 0x1c, 0x36, 0x06, 0x14, 0x20, 0x91, 0xc2, 0xc1, 0x0f, 0x20,
    0x41, 0x84, 0x0c, 0x21, 0x52, 0xc4, 0xc8, 0x11, 0x24, 0x49, 0x94, 0x2c,
    0x61, 0xd2, 0xc4, 0xc9, 0x13, 0x28, 0x51, 0xa4, 0x4c, 0xa1, 0x52, 0xc5,
    0xca, 0x15, 0x2c, 0x59, 0xb4, 0x6c, 0xc1, 0x82, 0xe2, 0xc3, 0x81, 0x01,
    0x39, 0xc4, 0x8c, 0x21, 0x53, 0xc6, 0xcc, 0x19, 0x19, 0x00, 0x52, 0xa8,
    0x58, 0xc1, 0xa2, 0x85, 0x8b, 0x17, 0x30, 0x62, 0xc8, 0x98, 0x41, 0xa3,
    0x86, 0x8d, 0x1b, 0x35, 0x06, 0x14, 0xf8, 0x60, 0xc2, 0x81, 0x8f, 0x1f,
    0x40, 0x82, 0x08, 0x19, 0x42, 0xa4, 0x88, 0x91, 0x23, 0x48, 0x92, 0x28,
    0x59, 0xc2, 0xa4, 0x89, 0x93, 0x27, 0x50, 0xa2, 0x48, 0x99, 0x42, 0xa5,
    0x8a, 0x95, 0x2b, 0x58, 0xb2, 0x68, 0xb9, 0x82, 0xe2, 0x43, 0x01, 0x02,
    0x38, 0xc2, 0x88, 0x19, 0x43, 0xa6, 0x8c, 0x99, 0x18, 0x00, 0x52, 0xa8,
    0x58, 0xc1, 0xa2, 0x85, 0x8b, 0x17, 0x30, 0x62, 0xc8, 0x98, 0x41, 0xa3,
    0x86, 0x8d, 0x1b, 0x35, 0x06, 0x1c, 0x10, 0x81, 0xc2, 0x81, 0x8f, 0x1f,
    0x40, 0x82, 0x08, 0x19, 0x42, 0xa4, 0x88, 0x91, 0x23, 0x48, 0x92, 0x28,
    0x59, 0xc2, 0xa4, 0x89, 0x93, 0x27, 0x50, 0xa2, 0x48, 0x99, 0x42, 0xa5,
    0x8a, 0x95, 0x2b, 0x58, 0xb2, 0x68, 0xb9, 0x82, 0x42, 0xc4, 0x01, 0x01,
    0x38, 0xc2, 0x88, 0x19, 0x43, 0xa6, 0x8c, 0x99, 0x18, 0x00, 0x52, 0xa8,
    0x58, 0xc1, 0xa2, 0x85, 0x8b, 0x17, 0x30, 0x62, 0xc8, 0x98, 0x41, 0xa3,
    0x86, 0x8d, 0x1b, 0x35, 0x06, 0x20, 0xf8, 0x80, 0xc2, 0x81, 0x8f, 0x1f,
    0x40, 0x82, 0x08, 0x19, 0x42, 0xa4, 0x88, 0x91, 0x23, 0x48, 0x92, 0x28,
    0x59, 0xc2, 0xa4, 0x89, 0x93, 0x27, 0x50, 0xa2, 0x48, 0x99, 0x42, 0xa5,
    0x8a, 0x95, 0x2b, 0x58, 0xb2, 0x68, 0xb9, 0x82, 0xe2, 0x43, 0x01, 0x01,
    0x38, 0xc2, 0x88, 0x19, 0x43, 0xa6, 0x8c, 0x99, 0x18, 0x00, 0x58, 0xb4,
    0x70, 0xf1, 0x02, 0x46, 0x0c, 0x19, 0x33, 0x68, 0xd4, 0xb0, 0x71, 0x03,
    0x47, 0x0e, 0x1d, 0x38, 0x04, 0x1c, 0x20, 0x71, 0x22, 0x84, 0x03, 0x21,
    0x43, 0x88, 0x14, 0x31, 0x72, 0x04, 0x49, 0x12, 0x25, 0x4b, 0x98, 0x34,
    0x71, 0xf2, 0x04, 0x4a, 0x14, 0x29, 0x53, 0xa8, 0x54, 0xb1, 0x72, 0x05,
    0x4b, 0x16, 0x2d, 0x5b, 0xb8, 0x74, 0xf1, 0x92, 0x65, 0x45, 0x8a, 0x0f,
    0x08, 0x04, 0xec, 0x30, 0x73, 0x06, 0x4d, 0x1a, 0x35, 0x6b, 0x68, 0x00,
    0x00, 0xb4, 0x6c, 0xe1, 0xd2, 0xc5, 0xcb, 0x17, 0x30, 0x61, 0xc4, 0x8c,
    0x21, 0x53, 0xc6, 0xcc, 0x19, 0x34, 0x66, 0x02, 0x20, 0xf8, 0x60, 0x22,
    0x8b, 0x03, 0x38, 0x71, 0xe4, 0xcc, 0xa1, 0x53, 0xc7, 0xce, 0x1d, 0x3c,
    0x79, 0xf4, 0xec, 0xe1, 0xd3, 0xc7, 0xcf, 0x1f, 0x40, 0x81, 0x04, 0x0d,
    0x22, 0x54, 0xc8, 0xd0, 0x21, 0x44, 0x89, 0x14, 0x2d, 0x62, 0x74, 0xa8,
    0x85, 0x09, 0x12, 0x05, 0x04, 0xa4, 0xa1, 0x54, 0xc9, 0xd2, 0x25, 0x4c,
    0x99, 0xc4, 0x00, 0x00, 0xb8, 0x74, 0xf1, 0xf2, 0x05, 0x4c, 0x18, 0x31,
    0x63, 0xc8, 0x94, 0x31, 0x73, 0x06, 0x4d, 0x1a, 0x35, 0x68, 0x06, 0x14,
    0x10, 0x71, 0x42, 0x8b, 0x03, 0x39, 0x73, 0xe8, 0xd4, 0xb1, 0x73, 0x07,
    0x4f, 0x1e, 0x3d, 0x7b, 0xf8, 0xf4, 0xf1, 0xf3, 0x07, 0x50, 0x20, 0x41,
    0x83, 0x08, 0x15, 0x32, 0x74, 0x08, 0x51, 0x22, 0x45, 0x8b, 0x18, 0x35,
    0x72, 0x94, 0x68, 0x8b, 0x09, 0x11, 0x07, 0x04, 0xac, 0xb1, 0x74, 0x09,
    0x53, 0x26, 0x4d, 0x9b, 0xc8, 0x00, 0x00, 0xba, 0x78, 0xf9, 0x02, 0x26,
    0x8c, 0x98, 0x31, 0x64, 0xca, 0x98, 0x39, 0x83, 0x26, 0x8d, 0x9a, 0x35,
    0x69, 0x02, 0x14, 0x10, 0x31, 0x82, 0x49, 0x03, 0x07, 0x74, 0xea, 0xd8,
    0xb9, 0x83, 0x27, 0x8f, 0x9e, 0x3d, 0x7c, 0xfa, 0xf8, 0xf9, 0x03, 0x28,
    0x90, 0xa0, 0x41, 0x84, 0x0a, 0x19, 0x3a, 0x84, 0x28, 0x91, 0xa2, 0x45,
    0x8c, 0x1a, 0x39, 0x7a, 0x04, 0x29, 0x51, 0x03, 0x2e, 0x25, 0x2a, 0x1c,
    0x18, 0xc0, 0x26, 0x93, 0xa6, 0x4d, 0x9c, 0x3a, 0x79, 0x2a, 0x03, 0x00,
    0x78, 0xf4, 0xf0, 0xf1, 0x03, 0x48, 0x10, 0x21, 0x43, 0x88, 0x14, 0x31,
    0x72, 0x04, 0x49, 0x12, 0x25, 0x48, 0x06, 0x18, 0xa8, 0xb0, 0x83, 0x86,
    0x0c, 0x07, 0x53, 0xa8, 0x54, 0xb1, 0x72, 0x05, 0x4b, 0x16, 0x2d, 0x5b,
    0xb8, 0x74, 0xf1, 0xf2, 0x05, 0x4c, 0x18, 0x31, 0x63, 0xc8, 0x94, 0x31,
    0x73, 0x06, 0x4d, 0x1a, 0x35, 0x6b, 0xd8, 0xb4, 0x71, 0xf3, 0x06, 0x8d,
    0x0c, 0x1a, 0x3b, 0x60, 0x14, 0x18, 0xb0, 0x04, 0x4f, 0x1e, 0x3d, 0x7b,
    0xf8, 0xf4, 0x21, 0x02, 0x00, 0x9e, 0x40, 0x89, 0x22, 0x65, 0x0a, 0x95,
    0x2a, 0x56, 0xae, 0x60, 0xc9, 0xa2, 0x65, 0x0b, 0x97, 0x2e, 0x5c, 0x04,
    0x20, 0xf8, 0x90, 0xa2, 0x86, 0x13, 0x07, 0x66, 0xce, 0xa0, 0x49, 0xa3,
    0x66, 0x0d, 0x9b, 0x36, 0x6e, 0xde, 0xc0, 0x89, 0x23, 0x67, 0x0e, 0x9d,
    0x3a, 0x76, 0xee, 0xe0, 0xc9, 0xa3, 0x67, 0x0f, 0x9f, 0x3e, 0x7e, 0xfe,
    0x00, 0x0a, 0x24, 0x28, 0x8f, 0x8d, 0x1a, 0x28, 0x48, 0x1c, 0x10, 0x10,
    0xc0, 0x0b, 0xa3, 0x46, 0x8e, 0x1e, 0x41, 0x8a, 0x74, 0x05, 0x00, 0xbc,
    0x7c, 0x01, 0x13, 0x46, 0xcc, 0x18, 0x32, 0x65, 0xcc, 0x9c, 0x41, 0x93,
    0x46, 0xcd, 0x1a, 0x36, 0x6a, 0x06, 0x04, 0x38, 0x50, 0x61, 0x44, 0x8c,
    0x1a, 0x4f, 0x1c, 0xdc, 0xc1, 0x93, 0x47, 0xcf, 0x1e, 0x3e, 0x7d, 0xfc,
    0xfc, 0x01, 0x14, 0x48, 0xd0, 0x20, 0x42, 0x85, 0x0c, 0x1d, 0x42, 0x94,
    0x48, 0xd1, 0x22, 0x46, 0x8d, 0x1c, 0x3d, 0x82, 0x14, 0x49, 0xd2, 0x24,
    0x44, 0x39, 0xba, 0xd0, 0xd8, 0x51, 0xc1, 0x80, 0x80, 0x00, 0x6d, 0x3c,
    0x7d, 0x02, 0x15, 0x4a, 0xd4, 0x28, 0x33, 0x00, 0xbe, 0x80, 0x09, 0x23,
    0x66, 0x0c, 0x99, 0x32, 0x66, 0xce, 0xa0, 0x49, 0xa3, 0x66, 0x0d, 0x9b,
    0x36, 0x6c, 0x02, 0x10, 0x40, 0x20, 0xe2, 0x04, 0x8d, 0x23, 0x3d, 0x7e,
    0xb4, 0x08, 0xe1, 0x60, 0x0f, 0x9f, 0x3e, 0x7e, 0xfe, 0x00, 0x0a, 0x24,
    0x68, 0x10, 0xa1, 0x42, 0x86, 0x0e, 0x21, 0x4a, 0xa4, 0x68, 0x11, 0xa3,
    0x46, 0x8e, 0x1e, 0x41, 0x8a, 0x24, 0x69, 0x12, 0xa5, 0x4a, 0x96, 0x2e,
    0x11, 0x5a, 0xe1, 0xe3, 0x87, 0x97, 0x23, 0x46, 0x4a, 0x7c, 0x40, 0x40,
    0x40, 0x80, 0x9b, 0x52, 0xa6, 0x4e, 0xa1, 0x4a, 0xa5, 0x0a, 0x0d, 0x00,
    0x90, 0x24, 0x51, 0xb2, 0x84, 0x49, 0x13, 0x27, 0x4f, 0xa0, 0x44, 0x91,
    0x32, 0x85, 0x4a, 0x15, 0x2b, 0x55, 0x02, 0x08, 0x28, 0x50, 0x81, 0x84,
    0x89, 0x1b, 0x41, 0x78, 0x08, 0x19, 0x32, 0xa4, 0x88, 0x18, 0x21, 0x67,
    0x86, 0x9c, 0x21, 0x22, 0x86, 0x08, 0x91, 0x31, 0x63, 0xc4, 0xa4, 0x49,
    0x23, 0xc4, 0x0d, 0x9b, 0x22, 0x44, 0x8a, 0x94, 0x51, 0x93, 0x47, 0xc8,
    0x9d, 0x38, 0x6b, 0xe8, 0xe8, 0x59, 0x33, 0xa6, 0x4c, 0x99, 0x21, 0x6e,
    0x8a, 0xc8, 0xa9, 0x63, 0x26, 0xd1, 0x1a, 0x3c, 0x87, 0xd8, 0xd8, 0x69,
    0x53, 0xc6, 0xcd, 0x98, 0x36, 0x74, 0xf0, 0x2c, 0xba, 0x44, 0x86, 0xcc,
    0x99, 0x3f, 0x7e, 0xee, 0xa4, 0x19, 0x34, 0xe8, 0x10, 0xa0, 0x4d, 0xa2,
    0x04, 0x89, 0x2a, 0x35, 0x27, 0x51, 0x2a, 0x39, 0x64, 0x28, 0x2d, 0x9a,
    0xc3, 0x49, 0x0f, 0x1d, 0x4f, 0x96, 0x70, 0x99, 0xf1, 0xd4, 0xa6, 0x0e,
    0x20, 0x46, 0xaa, 0x44, 0xd5, 0x69, 0xa5, 0x4b, 0x0d, 0x1a, 0x61, 0x95,
    0xee, 0x54, 0xea, 0xc5, 0x2a, 0x8e, 0xad, 0x5b, 0x71, 0xe6, 0xa8, 0xd9,
    0xd4, 0x87, 0x95, 0x9e, 0x44, 0x67, 0xfc, 0x98, 0x81, 0x03, 0x47, 0x99,
    0x99, 0x51, 0x79, 0x2a, 0xd1, 0x51, 0x95, 0x89, 0x13, 0x9a, 0x34, 0x89,
    0x56, 0xbd, 0x59, 0x93, 0x0d, 0x9b, 0x39, 0x3c, 0x94, 0x0e, 0xa1, 0xb2,
    0x43, 0x4d, 0x19, 0x21, 0x4c, 0xf1, 0xd6, 0x19, 0x42, 0x57, 0x6a, 0x14,
    0xa2, 0x7d, 0x85, 0xf0, 0x51, 0x6b, 0x14, 0x4f, 0x9a, 0x25, 0x47, 0xe6,
    0xe2, 0x6d, 0xdb, 0xd5, 0x47, 0x0d, 0x41, 0x3d, 0x9d, 0x30, 0x15, 0xe1,
    0x51, 0xe4, 0x08, 0x8d, 0x12, 0x1c, 0x12, 0x1c, 0x10, 0x70, 0x85, 0x63,
    0x47, 0x8f, 0x1f, 0x41, 0x86, 0x94, 0x02, 0x00, 0x90, 0x24, 0x51, 0xb2,
    0x84, 0x49, 0x13, 0x27, 0x4f, 0xa0, 0x44, 0x91, 0x32, 0x85, 0x4a, 0x15,
    0x2b, 0x55, 0x02, 0x04, 0x18, 0x70, 0xa0, 0xc2, 0x87, 0x11, 0x29, 0x6e,
    0xd4, 0x30, 0x72, 0x24, 0x48, 0x90, 0x1a, 0x65, 0x6a, 0xd4, 0x38, 0x72,
    0x44, 0xcd, 0x1a, 0x32, 0x6d, 0xd4, 0x98, 0x31, 0xc3, 0x26, 0x4d, 0x9d,
    0x35, 0x67, 0xe2, 0x98, 0x39, 0xb3, 0x06, 0x0d, 0x9b, 0x39, 0x7a, 0xda,
    0x94, 0xa1, 0x73, 0x46, 0x8e, 0x9c, 0x36, 0x74, 0xd0, 0x04, 0x79, 0x73,
    0xc7, 0x4e, 0x21, 0x34, 0x71, 0x08, 0xf9, 0xd1, 0xf3, 0x08, 0x52, 0x19,
    0x45, 0x6a, 0xf0, 0xcc, 0x21, 0x33, 0x49, 0x90, 0x9e, 0x41, 0x84, 0x32,
    0xdd, 0x71, 0x83, 0xa8, 0x8e, 0x25, 0x40, 0xa0, 0xd2, 0x78, 0x7a, 0xe3,
    0x49, 0x11, 0x19, 0x57, 0x72, 0x8c, 0x04, 0x6a, 0x95, 0x66, 0x54, 0x20,
    0x44, 0x8b, 0x34, 0xa5, 0x72, 0xf5, 0x66, 0x0f, 0x2d, 0x36, 0xbc, 0x30,
    0xd5, 0x31, 0x12, 0x64, 0x58, 0x9f, 0x42, 0xae, 0x82, 0x99, 0x8a, 0x64,
    0xe9, 0xd7, 0x91, 0x31, 0x7f, 0x44, 0xa9, 0x12, 0x44, 0xe6, 0x59, 0xa4,
    0x55, 0x8a, 0x88, 0xf1, 0xf1, 0x83, 0x87, 0x16, 0xb6, 0x53, 0xcd, 0x52,
    0x85, 0xab, 0x83, 0x69, 0xd1, 0xaf, 0x43, 0xcd, 0x36, 0xb5, 0x32, 0x37,
    0x67, 0x9c, 0xa1, 0x3f, 0x72, 0x7e, 0x29, 0x2b, 0x55, 0xec, 0x0f, 0x1e,
    0x3e, 0xd8, 0x90, 0xf5, 0xba, 0x44, 0x8e, 0xd7, 0xab, 0x7d, 0x7e, 0x9e,
    0x4d, 0xda, 0x66, 0xc4, 0x08, 0x0d, 0x14, 0x23, 0x44, 0x54, 0x30, 0x20,
    0x20, 0xc0, 0x15, 0x87, 0x0f, 0x21, 0x46, 0x94, 0x38, 0x51, 0x0a, 0x00,
    0x78, 0xf4, 0xf0, 0xf1, 0x03, 0x48, 0x10, 0x21, 0x43, 0x88, 0x14, 0x31,
    0x72, 0x04, 0x49, 0x12, 0x25, 0x4a, 0x06, 0x04, 0x10, 0x50, 0xe0, 0x40,
    0x05, 0x12, 0x3b, 0x4a, 0x98, 0x48, 0x91, 0x02, 0xc5, 0x89, 0x14, 0x27,
    0x4e, 0xa0, 0xb0, 0x72, 0x05, 0x05, 0x96, 0x14, 0x26, 0xb2, 0x94, 0x09,
    0x73, 0x46, 0x0b, 0x97, 0x2e, 0x5b, 0xb2, 0x60, 0xd1, 0x22, 0xc6, 0xcd,
    0x15, 0x35, 0x5b, 0xe8, 0x60, 0x41, 0x91, 0x45, 0xcb, 0x1d, 0x2e, 0x76,
    0xde, 0x80, 0xb9, 0x13, 0xc6, 0x44, 0x9e, 0x3f, 0x7b, 0xd4, 0x14, 0x12,
    0xf3, 0x26, 0x0c, 0x1b, 0x37, 0x78, 0xc8, 0xc8, 0xe9, 0x92, 0x26, 0x90,
    0x1d, 0x47, 0x61, 0xb8, 0xdc, 0x61, 0xa3, 0xa7, 0x0f, 0x18, 0x42, 0x6a,
    0xac, 0xbc, 0x39, 0x11, 0x69, 0x0b, 0x22, 0x34, 0x6b, 0x2c, 0x3d, 0xfa,
    0x13, 0x08, 0x8f, 0xa6, 0x3a, 0x74, 0xda, 0x84, 0xf2, 0x94, 0xa8, 0x4b,
    0xa2, 0x2d, 0x26, 0x02, 0x3d, 0x0a, 0xe5, 0x68, 0x4f, 0x1b, 0x3d, 0x94,
    0xe6, 0x74, 0xba, 0x72, 0xab, 0x96, 0x2e, 0x4c, 0x8f, 0x2a, 0xfd, 0x8a,
    0x04, 0xeb, 0x4b, 0x9c, 0x39, 0x79, 0x16, 0xa9, 0xb1, 0x44, 0xc7, 0xd6,
    0x33, 0x54, 0x72, 0xb0, 0x80, 0xca, 0x75, 0xeb, 0x90, 0x2d, 0x4d, 0xbd,
    0x3e, 0x51, 0xa2, 0x04, 0x27, 0x8d, 0x2d, 0x4f, 0x7c, 0xd2, 0x50, 0x8b,
    0x75, 0x66, 0x8c, 0x39, 0x4a, 0x5f, 0xfa, 0x94, 0x33, 0xb5, 0x0c, 0x10,
    0xa1, 0x5f, 0x6e, 0xda, 0x95, 0x09, 0xb7, 0x4d, 0xd1, 0x18, 0x67, 0xfa,
    0x4a, 0x70, 0xf8, 0x50, 0x21, 0x81, 0x01, 0x01, 0x4b, 0x08, 0x16, 0x34,
    0x78, 0x10, 0x61, 0x42, 0x24, 0x00, 0x62, 0xc8, 0x98, 0x41, 0xa3, 0x86,
    0x8d, 0x1b, 0x38, 0x72, 0xe8, 0xd8, 0xc1, 0xa3, 0x87, 0x8f, 0x1f, 0x40,
    0x02, 0x0c, 0x18, 0x40, 0xa0, 0x40, 0x82, 0x04, 0x1a, 0x44, 0x90, 0x20,
    0xf1, 0xa1, 0x09, 0x93, 0x26, 0x22, 0x9a, 0x7c, 0x88, 0xf2, 0x64, 0xc9,
    0x87, 0x25, 0x54, 0xac, 0x4c, 0x21, 0xa1, 0x44, 0x84, 0x12, 0x29, 0x51,
    0xa8, 0x44, 0xb9, 0x02, 0x86, 0x8b, 0x94, 0x2b, 0x61, 0x9c, 0x30, 0x59,
    0xc2, 0x85, 0x84, 0x0a, 0x32, 0x58, 0xb8, 0x78, 0x31, 0xf3, 0x65, 0xcc,
    0x1a, 0x2b, 0x55, 0x94, 0xa8, 0x50, 0x22, 0xe7, 0x0e, 0x13, 0x11, 0x2a,
    0xb4, 0xc0, 0x01, 0x04, 0x65, 0x8f, 0x20, 0x34, 0x53, 0x02, 0xa9, 0x39,
    0xa3, 0x66, 0xc9, 0x1b, 0x41, 0x6b, 0xa6, 0x5c, 0x79, 0x02, 0x65, 0xcb,
    0x14, 0x3e, 0x94, 0xac, 0xec, 0xc1, 0xd4, 0x85, 0x8d, 0x21, 0x36, 0x93,
    0x42, 0xf1, 0x99, 0xa4, 0x05, 0x94, 0x93, 0x40, 0x7f, 0xc8, 0xc0, 0x61,
    0xe3, 0x46, 0x11, 0x9c, 0x45, 0x94, 0x3a, 0xa9, 0x62, 0xf2, 0x86, 0x8a,
    0x93, 0x57, 0x52, 0xda, 0xd8, 0xaa, 0x44, 0xe9, 0x92, 0x1c, 0x2f, 0xb7,
    0xf0, 0xe8, 0x51, 0xb1, 0x67, 0x55, 0x25, 0x3d, 0xa4, 0xb6, 0x44, 0x79,
    0x64, 0xe5, 0x8b, 0x9b, 0x2a, 0x1f, 0x8a, 0x05, 0xb2, 0x85, 0x29, 0xd9,
    0xac, 0x27, 0xc4, 0xe2, 0xe8, 0x02, 0xf5, 0xe7, 0x4e, 0x34, 0x2c, 0x97,
    0x6a, 0x3d, 0xfb, 0x16, 0x86, 0x8f, 0xb9, 0x2a, 0x74, 0xcc, 0x3c, 0x21,
    0x34, 0xa6, 0x0b, 0x35, 0x33, 0x97, 0x60, 0xc0, 0x28, 0x40, 0x40, 0x00,
    0x90, 0x7b, 0xf8, 0xf2, 0xe9, 0xdb, 0xc7, 0xcf, 0x07, 0x00, 0x14, 0x2c,
    0x60, 0xd0, 0xc0, 0xc1, 0x03, 0x08, 0x11, 0x24, 0x4c, 0xa0, 0x50, 0xc1,
    0xc2, 0x05, 0x0c, 0x19, 0x14, 0x0c, 0x08, 0x30, 0x80, 0x80, 0x81, 0x02,
    0x05, 0x10, 0x1c, 0x40, 0x20, 0x42, 0x04, 0x89, 0x03, 0x07, 0x0a, 0xa0,
    0x18, 0x11, 0xa2, 0x05, 0x0a, 0x12, 0x25, 0x64, 0xbc, 0x68, 0xb1, 0xa2,
    0x84, 0x09, 0x16, 0x30, 0x58, 0x94, 0x20, 0x81, 0xa3, 0x87, 0x0a, 0x14,
    0x2b, 0x4e, 0x9c, 0x50, 0xf1, 0xa2, 0x40, 0x82, 0x14, 0x2b, 0x52, 0x04,
    0xb1, 0xa1, 0x24, 0xc6, 0x8d, 0x14, 0x23, 0x78, 0x44, 0x11, 0x21, 0x65,
    0x09, 0x11, 0x25, 0x08, 0xac, 0x2c, 0x19, 0x01, 0x44, 0x8b, 0x16, 0x22,
    0x34, 0x66, 0x08, 0x09, 0xf2, 0xc4, 0x86, 0x0a, 0x13, 0x3e, 0x86, 0xa4,
    0x40, 0x72, 0xe2, 0x06, 0x8f, 0x26, 0x49, 0x78, 0xcc, 0x78, 0xc2, 0xe5,
    0xc7, 0x1b, 0x39, 0x45, 0xc2, 0x54, 0x21, 0x82, 0xe6, 0xcb, 0x95, 0x31,
    0x4f, 0xb4, 0x44, 0xe9, 0x11, 0x22, 0x04, 0x9a, 0x04, 0x2e, 0x06, 0x2d,
    0x61, 0xb1, 0xe7, 0x4f, 0x23, 0x1d, 0x30, 0x84, 0xb8, 0xa0, 0x02, 0x05,
    0xcc, 0xa0, 0x37, 0x47, 0xa6, 0x5c, 0xaa, 0xd3, 0xe8, 0x10, 0xa6, 0x2a,
    0x7a, 0x2e, 0xd5, 0xc0, 0x64, 0x09, 0x4d, 0x28, 0x39, 0x5d, 0xbc, 0x24,
    0x19, 0xa2, 0x48, 0x06, 0x8c, 0x19, 0x56, 0x5a, 0x6c, 0xe9, 0x42, 0x69,
    0x8e, 0x94, 0x3f, 0x23, 0x40, 0x10, 0x10, 0x30, 0x00, 0x40, 0x00, 0x0d,
    0xc1, 0x84, 0x0d, 0x23, 0x56, 0xcc, 0x18, 0x04, 0x00, 0x0a, 0x18, 0x38,
    0x80, 0x20, 0x81, 0x82, 0x05, 0x0c, 0x1a, 0x38, 0x78, 0x00, 0x21, 0x82,
    0x84, 0x09, 0x14, 0x0e, 0x04, 0xb8, 0x30, 0xe0, 0x42, 0x00, 0x01, 0x03,
    0x04, 0x08, 0xc0, 0x90, 0xe1, 0x02, 0x07, 0x0f, 0x24, 0x3a, 0x90, 0x20,
    0x30, 0x60, 0x00, 0x81, 0x00, 0x29, 0x54, 0xa4, 0xe0, 0xf0, 0x62, 0xc3,
    0x07, 0x12, 0x01, 0x50, 0xb8, 0x50, 0xb1, 0x61, 0x43, 0x0c, 0x0f, 0x32,
    0x58, 0x74, 0xc8, 0x01, 0x23, 0x43, 0x10, 0x0f, 0x04, 0x08, 0x7c, 0x78,
    0x31, 0x82, 0x07, 0x0f, 0x1f, 0x38, 0x6a, 0x78, 0x48, 0x01, 0x04, 0x05,
    0x0b, 0x14, 0x2b, 0x7e, 0x48, 0x29, 0x42, 0x63, 0x44, 0x8d, 0x2d, 0x40,
    0x58, 0x3c, 0xa1, 0xc2, 0x82, 0x4b, 0x98, 0x0d, 0x46, 0x98, 0xa8, 0x20,
    0x31, 0x43, 0xc0, 0x0a, 0x2f, 0x1d, 0x56, 0x24, 0x29, 0x81, 0x23, 0x43,
    0x87, 0x1f, 0x4b, 0x8a, 0xc8, 0x78, 0x83, 0x02, 0xcd, 0x94, 0x35, 0x72,
    0x66, 0xe4, 0x81, 0xb1, 0x04, 0x10, 0x07, 0x10, 0x5b, 0x3e, 0xe8, 0x40,
    0x33, 0xa7, 0x46, 0x08, 0x25, 0x47, 0xb0, 0x68, 0x30, 0xf2, 0x84, 0x83,
    0x9b, 0x11, 0x90, 0x88, 0x90, 0x01, 0xd2, 0xc2, 0xc7, 0x23, 0x1e, 0x55,
    0xd4, 0x94, 0xf0, 0x41, 0x24, 0x83, 0x8d, 0x40, 0x20, 0xfa, 0x98, 0xb8,
    0x63, 0xc2, 0x93, 0xa4, 0x27, 0x3a, 0xa0, 0x1c, 0x91, 0xa4, 0x61, 0x0e,
    0x8c, 0x3c, 0x22, 0x6c, 0x20, 0x79, 0x81, 0x63, 0x48, 0xae, 0x54, 0xad,
    0x22, 0x11, 0x49, 0x22, 0xa2, 0x87, 0x1a, 0x0c, 0x3d, 0x5a, 0x05, 0x30,
    0x70, 0xac, 0x82, 0xb2, 0x65, 0xcc, 0x9a, 0x39, 0x7b, 0xc6, 0x00, 0x00,
    0x02, 0x08, 0x18, 0x40, 0xa0, 0x80, 0x81, 0x03, 0x08, 0x12, 0x28, 0x58,
    0xc0, 0xa0, 0x81, 0x83, 0x07, 0x10, 0x22, 0x48, 0x98, 0x40, 0xa1, 0x82,
    0x85, 0x0b, 0x18, 0x32, 0x68, 0xd8, 0xc0, 0xa1, 0x83, 0x87, 0x0f, 0x20,
    0x42, 0x88, 0x18, 0x41, 0xa2, 0x84, 0x89, 0x09, 0x00, 0x02, 0x08, 0x18,
    0x40, 0xa0, 0x80, 0x81, 0x03, 0x08, 0x12, 0x28, 0x58, 0xc0, 0xa0, 0x81,
    0x83, 0x07, 0x10, 0x22, 0x48, 0x98, 0x40, 0xa1, 0x82, 0x85, 0x0b, 0x18,
    0x32, 0x68, 0xd8, 0xc0, 0xa1, 0x83, 0x87, 0x0f, 0x20, 0x42, 0x88, 0x18,
    0x41, 0xa2, 0x84, 0x89, 0x09, 0x00, 0x02, 0x08, 0x18, 0x40, 0xa0, 0x80,
    0x81, 0x03, 0x08, 0x12, 0x28, 0x58, 0xc0, 0xa0, 0x81, 0x83, 0x07, 0x10,
    0x22, 0x48, 0x98, 0x40, 0xa1, 0x82, 0x85, 0x0b, 0x18, 0x32, 0x68, 0xd8,
    0xc0, 0xa1, 0x83, 0x87, 0x0f, 0x20, 0x42, 0x88, 0x18, 0x41, 0xa2, 0x84,
    0x89, 0x09, 0x00, 0x02, 0x08, 0x18, 0x40, 0xa0, 0x80, 0x81, 0x03, 0x08,
    0x12, 0x28, 0x58, 0xc0, 0xa0, 0x81, 0x83, 0x07, 0x10, 0x22, 0x48, 0x98,
    0x40, 0xa1, 0x82, 0x85, 0x0b, 0x18, 0x32, 0x68, 0xd8, 0xc0, 0xa1, 0x83,
    0x87, 0x0f, 0x20, 0x42, 0x88, 0x18, 0x41, 0xa2, 0x84, 0x89, 0x09, 0x00,
    0x02, 0x08, 0x18, 0x40, 0xa0, 0x80, 0x81, 0x03, 0x08, 0x12, 0x28, 0x58,
    0xc0, 0xa0, 0x81, 0x83, 0x07, 0x10, 0x22, 0x48, 0x98, 0x40, 0xa1, 0x82,
    0x85, 0x0b, 0x18, 0x32, 0x68, 0xd8, 0xc0, 0xa1, 0x83, 0x87, 0x0f, 0x20,
    0x42, 0x88, 0x18, 0x41, 0xa2, 0x84, 0x89, 0x09, 0x00, 0x02, 0x08, 0x18,
    0x40, 0xa0, 0x80, 0x81, 0x03, 0x08, 0x12, 0x28, 0x58, 0xc0, 0xa0, 0x81,
    0x83, 0x07, 0x10, 0x22, 0x48, 0x98, 0x40, 0xa1, 0x82, 0x85, 0x0b, 0x18,
    0x32, 0x68, 0xd8, 0xc0, 0xa1, 0x83, 0x87, 0x0f, 0x20, 0x42, 0x88, 0x18,
    0x41, 0xa2, 0x84, 0x89, 0x09, 0x00, 0x02, 0x08, 0x18, 0x40, 0xa0, 0x80,
    0x81, 0x03, 0x08, 0x12, 0x28, 0x58, 0xc0, 0xa0, 0x81, 0x83, 0x07, 0x10,
    0x22, 0x48, 0x98, 0x40, 0xa1, 0x82, 0x85, 0x0b, 0x18, 0x32, 0x68, 0xd8,
    0xc0, 0xa1, 0x83, 0x87, 0x0f, 0x20, 0x42, 0x88, 0x18, 0x41, 0xa2, 0x84,
    0x89, 0x09, 0x00, 0x02, 0x08, 0x18, 0x40, 0xa0, 0x80, 0x81, 0x03, 0x08,
    0x12, 0x28, 0x58, 0xc0, 0xa0, 0x81, 0x83, 0x07, 0x10, 0x22, 0x48, 0x98,
    0x40, 0xa1, 0x82, 0x85, 0x0b, 0x18, 0x32, 0x68, 0xd8, 0xc0, 0xa1, 0x83,
    0x87, 0x0f, 0x20, 0x42, 0x88, 0x18, 0x41, 0xa2, 0x84, 0x89, 0x09, 0x00,
    0x02, 0x08, 0x18, 0x40, 0xa0, 0x80, 0x81, 0x03, 0x08, 0x12, 0x28, 0x58,
    0xc0, 0xa0, 0x81, 0x83, 0x07, 0x10, 0x22, 0x48, 0x98, 0x40, 0xa1, 0x82,
    0x85, 0x0b, 0x18, 0x32, 0x68, 0xd8, 0xc0, 0xa1, 0x83, 0x87, 0x0f, 0x20,
    0x42, 0x88, 0x18, 0x41, 0xa2, 0x84, 0x89, 0x09, 0x00, 0x02, 0x08, 0x18,
    0x40, 0xa0, 0x80, 0x81, 0x03, 0x08, 0x12, 0x28, 0x58, 0xc0, 0xa0, 0x81,
    0x83, 0x07, 0x10, 0x22, 0x48, 0x98, 0x40, 0xa1, 0x82, 0x85, 0x0b, 0x18,
    0x32, 0x68, 0xd8, 0xc0, 0xa1, 0x83, 0x87, 0x0f, 0x20, 0x42, 0x88, 0x18,
    0x41, 0xa2, 0x84, 0x89, 0x09, 0x00, 0x02, 0x08, 0x18, 0x40, 0xa0, 0x80,
    0x81, 0x03, 0x08, 0x12, 0x28, 0x58, 0xc0, 0xa0, 0x81, 0x83, 0x07, 0x10,
    0x22, 0x48, 0x98, 0x40, 0xa1, 0x82, 0x85, 0x0b, 0x18, 0x32, 0x68, 0xd8,
    0xc0, 0xa1, 0x83, 0x87, 0x0f, 0x20, 0x42, 0x88, 0x18, 0x41, 0xa2, 0x84,
    0x89, 0x09, 0x00, 0x02, 0x08, 0x18, 0x40, 0xa0, 0x80, 0x81, 0x03, 0x08,
    0x12, 0x28, 0x58, 0xc0, 0xa0, 0x81, 0x83, 0x07, 0x10, 0x22, 0x48, 0x98,
    0x40, 0xa1, 0x82, 0x85, 0x0b, 0x18, 0x32, 0x68, 0xd8, 0xc0, 0xa1, 0x83,
    0x87, 0x0f, 0x20, 0x42, 0x88, 0x18, 0x41, 0xa2, 0x84, 0x89, 0x09, 0x00,
    0x02, 0x08, 0x18, 0x40, 0xa0, 0x80, 0x81, 0x03, 0x08, 0x12, 0x28, 0x58,
    0xc0, 0xa0, 0x81, 0x83, 0x07, 0x10, 0x22, 0x48, 0x98, 0x40, 0xa1, 0x82,
    0x85, 0x0b, 0x18, 0x32, 0x68, 0xd8, 0xc0, 0xa1, 0x83, 0x87, 0x0f, 0x20,
    0x42, 0x88, 0x18, 0x41, 0xa2, 0x84, 0x89, 0x09, 0x00, 0x02, 0x08, 0x18,
    0x40, 0xa0, 0x80, 0x81, 0x03, 0x08, 0x12, 0x28, 0x58, 0xc0, 0xa0, 0x81,
    0x83, 0x07, 0x10, 0x22, 0x48, 0x98, 0x40, 0xa1, 0x82, 0x85, 0x0b, 0x18,
    0x32, 0x68, 0xd8, 0xc0, 0xa1, 0x83, 0x87, 0x0f, 0x20, 0x42, 0x88, 0x18,
    0x41, 0xa2, 0x84, 0x89, 0x09, 0x00, 0x02, 0x08, 0x18, 0x40, 0xa0, 0x80,
    0x81, 0x03, 0x08, 0x12, 0x28, 0x58, 0xc0, 0xa0, 0x81, 0x83, 0x07, 0x10,
    0x22, 0x48, 0x98, 0x40, 0xa1, 0x82, 0x85, 0x0b, 0x18, 0x32, 0x68, 0xd8,
    0xc0, 0xa1, 0x83, 0x87, 0x0f, 0x20, 0x42, 0x88, 0x18, 0x41, 0xa2, 0x84,
    0x89, 0x09, 0x00, 0x02, 0x08, 0x18, 0x40, 0xa0, 0x80, 0x81, 0x03, 0x08,
    0x12, 0x28, 0x58, 0xc0, 0xa0, 0x81, 0x83, 0x07, 0x10, 0x22, 0x48, 0x98,
    0x40, 0xa1, 0x82, 0x85, 0x0b, 0x18, 0x32, 0x68, 0xd8, 0xc0, 0xa1, 0x83,
    0x87, 0x0f, 0x20, 0x42, 0x88, 0x18, 0x41, 0xa2, 0x84, 0x89, 0x09, 0x00,
    0x02, 0x08, 0x18, 0x40, 0xa0, 0x80, 0x81, 0x03, 0x08, 0x12, 0x28, 0x58,
    0xc0, 0xa0, 0x81, 0x83, 0x07, 0x10, 0x22, 0x48, 0x98, 0x40, 0xa1, 0x82,
    0x85, 0x0b, 0x18, 0x32, 0x68, 0xd8, 0xc0, 0xa1, 0x83, 0x87, 0x0f, 0x20,
    0x42, 0x88, 0x18, 0x41, 0xa2, 0x84, 0x89, 0x09, 0x00, 0x02, 0x08, 0x18,
    0x40, 0xa0, 0x80, 0x81, 0x03, 0x08, 0x12, 0x28, 0x58, 0xc0, 0xa0, 0x81,
    0x83, 0x07, 0x10, 0x22, 0x48, 0x98, 0x40, 0xa1, 0x82, 0x85, 0x0b, 0x18,
    0x32, 0x68, 0xd8, 0xc0, 0xa1, 0x83, 0x87, 0x0f, 0x20, 0x42, 0x88, 0x18,
    0x41, 0xa2, 0x84, 0x89, 0x09, 0x00, 0x02, 0x08, 0x18, 0x40, 0xa0, 0x80,
    0x81, 0x03, 0x08, 0x12, 0x28, 0x58, 0xc0, 0xa0, 0x81, 0x83, 0x07, 0x10,
    0x22, 0x48, 0x98, 0x40, 0xa1, 0x82, 0x85, 0x0b, 0x18, 0x32, 0x68, 0xd8,
    0xc0, 0xa1, 0x83, 0x87, 0x0f, 0x20, 0x42, 0x88, 0x18, 0x41, 0xa2, 0x84,
    0x89, 0x09, 0x00, 0x02, 0x08, 0x18, 0x40, 0xa0, 0x80, 0x81, 0x03, 0x08,
    0x12, 0x28, 0x58, 0xc0, 0xa0, 0x81, 0x83, 0x07, 0x10, 0x22, 0x48, 0x98,
    0x40, 0xa1, 0x82, 0x85, 0x0b, 0x18, 0x32, 0x68, 0xd8, 0xc0, 0xa1, 0x83,
    0x87, 0x0f, 0x20, 0x42, 0x88, 0x18, 0x41, 0xa2, 0x84, 0x89, 0x09, 0x00,
    0x02, 0x08, 0x18, 0x40, 0xa0, 0x80, 0x81, 0x03, 0x08, 0x12, 0x28, 0x58,
    0xc0, 0xa0, 0x81, 0x83, 0x07, 0x10, 0x22, 0x48, 0x98, 0x40, 0xa1, 0x82,
    0x85, 0x0b, 0x18, 0x32, 0x68, 0xd8, 0xc0, 0xa1, 0x83, 0x87, 0x0f, 0x20,
    0x42, 0x88, 0x18, 0x41, 0xa2, 0x84, 0x89, 0x09, 0x00, 0x02, 0x08, 0x18,
    0x40, 0xa0, 0x80, 0x81, 0x03, 0x08, 0x12, 0x28, 0x58, 0xc0, 0xa0, 0x81,
    0x83, 0x07, 0x10, 0x22, 0x48, 0x98, 0x40, 0xa1, 0x82, 0x85, 0x0b, 0x18,
    0x32, 0x68, 0xd8, 0xc0, 0xa1, 0x83, 0x87, 0x0f, 0x20, 0x42, 0x88, 0x18,
    0x41, 0xa2, 0x84, 0x89, 0x09, 0x00, 0x02, 0x08, 0x18, 0x40, 0xa0, 0x80,
    0x81, 0x03, 0x08, 0x12, 0x28, 0x58, 0xc0, 0xa0, 0x81, 0x83, 0x07, 0x10,
    0x22, 0x48, 0x98, 0x40, 0xa1, 0x82, 0x85, 0x0b, 0x18, 0x32, 0x68, 0xd8,
    0xc0, 0xa1, 0x83, 0x87, 0x0f, 0x20, 0x42, 0x88, 0x18, 0x41, 0xa2, 0x84,
    0x89, 0x09, 0x00, 0x02, 0x08, 0x18, 0x40, 0xa0, 0x80, 0x81, 0x03, 0x08,
    0x12, 0x28, 0x58, 0xc0, 0xa0, 0x81, 0x83, 0x07, 0x10, 0x22, 0x48, 0x98,
    0x40, 0xa1, 0x82, 0x85, 0x0b, 0x18, 0x32, 0x68, 0xd8, 0xc0, 0xa1, 0x83,
    0x87, 0x0f, 0x20, 0x42, 0x88, 0x18, 0x41, 0xa2, 0x84, 0x89, 0x09, 0x00,
    0x02, 0x08, 0x18, 0x40, 0xa0, 0x80, 0x81, 0x03, 0x08, 0x12, 0x28, 0x58,
    0xc0, 0xa0, 0x81, 0x83, 0x07, 0x10, 0x22, 0x48, 0x98, 0x40, 0xa1, 0x82,
    0x85, 0x0b, 0x18, 0x32, 0x68, 0xd8, 0xc0, 0xa1, 0x83, 0x87, 0x0f, 0x20,
    0x42, 0x88, 0x18, 0x41, 0xa2, 0x84, 0x89, 0x09, 0x00, 0x02, 0x08, 0x18,
    0x40, 0xa0, 0x80, 0x81, 0x03, 0x08, 0x12, 0x28, 0x58, 0xc0, 0xa0, 0x81,
    0x83, 0x07, 0x10, 0x22, 0x48, 0x98, 0x40, 0xa1, 0x82, 0x85, 0x0b, 0x18,
    0x32, 0x68, 0xd8, 0xc0, 0xa1, 0x83, 0x87, 0x0f, 0x20, 0x42, 0x88, 0x18,
    0x41, 0xa2, 0x84, 0x89, 0x09, 0x00, 0x02, 0x08, 0x18, 0x40, 0xa0, 0x80,
    0x81, 0x03, 0x08, 0x12, 0x28, 0x58, 0xc0, 0xa0, 0x81, 0x83, 0x07, 0x10,
    0x22, 0x48, 0x98, 0x40, 0xa1, 0x82, 0x85, 0x0b, 0x18, 0x32, 0x68, 0xd8,
    0xc0, 0xa1, 0x83, 0x87, 0x0f, 0x20, 0x42, 0x88, 0x18, 0x41, 0xa2, 0x84,
    0x89, 0x09, 0x00, 0x02, 0x08, 0x18, 0x40, 0xa0, 0x80, 0x81, 0x03, 0x08,
    0x12, 0x28, 0x58, 0xc0, 0xa0, 0x81, 0x83, 0x07, 0x10, 0x22, 0x48, 0x98,
    0x40, 0xa1, 0x82, 0x85, 0x0b, 0x18, 0x32, 0x68, 0xd8, 0xc0, 0xa1, 0x83,
    0x87, 0x0f, 0x20, 0x42, 0x88, 0x18, 0x41, 0xa2, 0x84, 0x89, 0x09, 0x00,
    0x02, 0x08, 0x18, 0x40, 0xa0, 0x80, 0x81, 0x03, 0x08, 0x12, 0x28, 0x58,
    0xc0, 0xa0, 0x81, 0x83, 0x07, 0x10, 0x22, 0x48, 0x98, 0x40, 0xa1, 0x82,
    0x85, 0x0b, 0x18, 0x32, 0x68, 0xd8, 0xc0, 0xa1, 0x83, 0x87, 0x0f, 0x20,
    0x42, 0x88, 0x18, 0x41, 0xa2, 0x84, 0x89, 0x09, 0x00, 0x02, 0x08, 0x18,
    0x40, 0xa0, 0x80, 0x81, 0x03, 0x08, 0x12, 0x28, 0x58, 0xc0, 0xa0, 0x81,
    0x83, 0x07, 0x10, 0x22, 0x48, 0x98, 0x40, 0xa1, 0x82, 0x85, 0x0b, 0x18,
    0x32, 0x68, 0xd8, 0xc0, 0xa1, 0x83, 0x87, 0x0f, 0x20, 0x42, 0x88, 0x18,
    0x41, 0xa2, 0x84, 0x89, 0x09, 0x00, 0x02, 0x08, 0x18, 0x40, 0xa0, 0x80,
    0x81, 0x03, 0x08, 0x12, 0x28, 0x58, 0xc0, 0xa0, 0x81, 0x83, 0x07, 0x10,
    0x22, 0x48, 0x98, 0x40, 0xa1, 0x82, 0x85, 0x0b, 0x18, 0x32, 0x68, 0xd8,
    0xc0, 0xa1, 0x83, 0x87, 0x0f, 0x20, 0x42, 0x88, 0x18, 0x41, 0xa2, 0x84,
    0x89, 0x09, 0x00, 0x02, 0x08, 0x18, 0x40, 0xa0, 0x80, 0x81, 0x03, 0x08,
    0x12, 0x28, 0x58, 0xc0, 0xa0, 0x81, 0x83, 0x07, 0x10, 0x22, 0x48, 0x98,
    0x40, 0xa1, 0x82, 0x85, 0x0b, 0x18, 0x32, 0x68, 0xd8, 0xc0, 0xa1, 0x83,
    0x87, 0x0f, 0x20, 0x42, 0x88, 0x18, 0x41, 0xa2, 0x84, 0x89, 0x09, 0x00,
    0x02, 0x08, 0x18, 0x40, 0xa0, 0x80, 0x81, 0x03, 0x08, 0x12, 0x28, 0x58,
    0xc0, 0xa0, 0x81, 0x83, 0x07, 0x10, 0x22, 0x48, 0x98, 0x40, 0xa1, 0x82,
    0x85, 0x0b, 0x18, 0x32, 0x68, 0xd8, 0xc0, 0xa1, 0x83, 0x87, 0x0f, 0x20,
    0x42, 0x88, 0x18, 0x41, 0xa2, 0x84, 0x89, 0x09, 0x00, 0x02, 0x08, 0x18,
    0x40, 0xa0, 0x80, 0x81, 0x03, 0x08, 0x12, 0x28, 0x58, 0xc0, 0xa0, 0x81,
    0x83, 0x07, 0x10, 0x22, 0x48, 0x98, 0x40, 0xa1, 0x82, 0x85, 0x0b, 0x18,
    0x32, 0x68, 0xd8, 0xc0, 0xa1, 0x83, 0x87, 0x0f, 0x20, 0x42, 0x88, 0x18,
    0x41, 0xa2, 0x84, 0x89, 0x09, 0x00, 0x02, 0x08, 0x18, 0x40, 0xa0, 0x80,
    0x81, 0x03, 0x08, 0x12, 0x28, 0x58, 0xc0, 0xa0, 0x81, 0x83, 0x07, 0x10,
    0x22, 0x48, 0x98, 0x40, 0xa1, 0x82, 0x85, 0x0b, 0x18, 0x32, 0x68, 0xd8,
    0xc0, 0xa1, 0x83, 0x87, 0x0f, 0x20, 0x42, 0x88, 0x18, 0x41, 0xa2, 0x84,
    0x89, 0x09, 0x00, 0x02, 0x08, 0x18, 0x40, 0xa0, 0x80, 0x81, 0x03, 0x08,
    0x12, 0x28, 0x58, 0xc0, 0xa0, 0x81, 0x83, 0x07, 0x10, 0x22, 0x48, 0x98,
    0x40, 0xa1, 0x82, 0x85, 0x0b, 0x18, 0x32, 0x68, 0xd8, 0xc0, 0xa1, 0x83,
    0x87, 0x0f, 0x20, 0x42, 0x88, 0x18, 0x41, 0xa2, 0x84, 0x89, 0x09, 0x00,
    0x02, 0x08, 0x18, 0x40, 0xa0, 0x80, 0x81, 0x03, 0x08, 0x12, 0x28, 0x58,
    0xc0, 0xa0, 0x81, 0x83, 0x07, 0x10, 0x22, 0x48, 0x98, 0x40, 0xa1, 0x82,
    0x85, 0x0b, 0x18, 0x32, 0x68, 0xd8, 0xc0, 0xa1, 0x83, 0x87, 0x0f, 0x20,
    0x42, 0x88, 0x18, 0x41, 0xa2, 0x84, 0x89, 0x09, 0x00, 0x02, 0x08, 0x18,
    0x40, 0xa0, 0x80, 0x81, 0x03, 0x08, 0x12, 0x28, 0x58, 0xc0, 0xa0, 0x81,
    0x83, 0x07, 0x10, 0x22, 0x48, 0x98, 0x40, 0xa1, 0x82, 0x85, 0x0b, 0x18,
    0x32, 0x68, 0xd8, 0xc0, 0xa1, 0x83, 0x87, 0x0f, 0x20, 0x42, 0x88, 0x18,
    0x41, 0xa2, 0x84, 0x89, 0x09, 0x00, 0x02, 0x08, 0x18, 0x40, 0xa0, 0x80,
    0x81, 0x03, 0x08, 0x12, 0x28, 0x58, 0xc0, 0xa0, 0x81, 0x83, 0x07, 0x10,
    0x22, 0x48, 0x98, 0x40, 0xa1, 0x82, 0x85, 0x0b, 0x18, 0x32, 0x68, 0xd8,
    0xc0, 0xa1, 0x83, 0x87, 0x0f, 0x20, 0x42, 0x88, 0x18, 0x41, 0xa2, 0x84,
    0x89, 0x09, 0x00, 0x02, 0x08, 0x18, 0x40, 0xa0, 0x80, 0x81, 0x03, 0x08,
    0x12, 0x28, 0x58, 0xc0, 0xa0, 0x81, 0x83, 0x07, 0x10, 0x22, 0x48, 0x98,
    0x40, 0xa1, 0x82, 0x85, 0x0b, 0x18, 0x32, 0x68, 0xd8, 0xc0, 0xa1, 0x83,
    0x87, 0x0f, 0x20, 0x42, 0x88, 0x18, 0x41, 0xa2, 0x84, 0x89, 0x09
};

LOCATION_PRAGMA("ExtFlashSection")
KEEP extern const unsigned char image_prepare_page_extra_data[] LOCATION_ATTRIBUTE("ExtFlashSection") = { // 95 RGB888 CLUT entries.
    0x01, 0x03, 0x5f, 0x00,
    0x00, 0x00, 0x00, 0x00,
    0x00, 0x00, 0x00, 0x2d,
    0x00, 0x00, 0x00, 0x5a,
    0x00, 0x00, 0x00, 0x87,
    0x00, 0x00, 0x00, 0xb4,
    0x00, 0x00, 0x00, 0xe1,
    0x00, 0x00, 0x01, 0x0e,
    0x00, 0x00, 0x01, 0x3b,
    0x00, 0x00, 0x01, 0x68,
    0x00, 0x00, 0x01, 0x95,
    0x00, 0x00, 0x01, 0xc2,
    0x00, 0x00, 0x01, 0xef,
    0x00, 0x00, 0x02, 0x1c,
    0x00, 0x00, 0x02, 0x49,
    0x00, 0x00, 0x02, 0x76,
    0x00, 0x00, 0x02, 0xa3,
    0x00, 0x00, 0x02, 0xd0,
    0x00, 0x00, 0x02, 0xfd,
    0x00, 0x00, 0x03, 0x2a,
    0x00, 0x00, 0x03, 0x57,
    0x00, 0x00, 0x03, 0x84,
    0x00, 0x00, 0x03, 0xb1,
    0x00, 0x00, 0x03, 0xde,
    0x00, 0x00, 0x04, 0x0b,
    0x00, 0x00, 0x04, 0x38,
    0x00, 0x00, 0x04, 0x65,
    0x00, 0x00, 0x04, 0x92,
    0x00, 0x00, 0x04, 0xbf,
    0x00, 0x00, 0x04, 0xec,
    0x00, 0x00, 0x05, 0x19,
    0x00, 0x00, 0x05, 0x46,
    0x00, 0x00, 0x05, 0x73,
    0x00, 0x00, 0x05, 0xa0,
    0x00, 0x00, 0x05, 0xcd,
    0x00, 0x00, 0x05, 0xfa,
    0x00, 0x00, 0x06, 0x27,
    0x00, 0x00, 0x06, 0x54,
    0x00, 0x00, 0x06, 0x81,
    0x00, 0x00, 0x06, 0xae,
    0x00, 0x00, 0x06, 0xdb,
    0x00, 0x00, 0x07, 0x08,
    0x00, 0x00, 0x07, 0x35,
    0x00, 0x00, 0x07, 0x62,
    0x00, 0x00, 0x07, 0x8f,
    0x00, 0x00, 0x07, 0xbc,
    0x00, 0x00, 0x07, 0xe9,
    0x00, 0x00, 0x08, 0x16,
    0x00, 0x00, 0x08, 0x43,
    0x00, 0x00, 0x08, 0x70,
    0x00, 0x00, 0x08, 0x9d,
    0x00, 0x00, 0x08, 0xca,
    0x00, 0x00, 0x08, 0xf7,
    0x00, 0x00, 0x09, 0x24,
    0x00, 0x00, 0x09, 0x51,
    0x00, 0x00, 0x09, 0x7e,
    0x00, 0x00, 0x09, 0xab,
    0x00, 0x00, 0x09, 0xd8,
    0x00, 0x00, 0x0a, 0x05,
    0x00, 0x00, 0x0a, 0x32,
    0x00, 0x00, 0x0a, 0x5f,
    0x00, 0x00, 0x0a, 0x8c,
    0x00, 0x00, 0x0a, 0xb9,
    0x00, 0x00, 0x0a, 0xe6,
    0x00, 0x00, 0x0b, 0x13,
    0x00, 0x00, 0x0b, 0x40,
    0x00, 0x00, 0x0b, 0x6d,
    0x00, 0x00, 0x0b, 0x9a,
    0x00, 0x00, 0x0b, 0xc7,
    0x00, 0x00, 0x0b, 0xf4,
    0x00, 0x00, 0x0c, 0x21,
    0x00, 0x00, 0x0c, 0x4e,
    0x00, 0x00, 0x0c, 0x7b,
    0x00, 0x00, 0x0c, 0xa8,
    0x00, 0x00, 0x0c, 0xd5,
    0x00, 0x00, 0x0d, 0x02,
    0x00, 0x00, 0x0d, 0x2f,
    0x00, 0x00, 0x0d, 0x5c,
    0x00, 0x00, 0x0d, 0x89,
    0x00, 0x00, 0x0d, 0xb6,
    0x00, 0x00, 0x0d, 0xe3,
    0x00, 0x00, 0x0e, 0x10,
    0x00, 0x00, 0x0e, 0x3d,
    0x00, 0x00, 0x0e, 0x6a,
    0x00, 0x00, 0x0e, 0x97,
    0x00, 0x00, 0x0e, 0xc4,
    0x00, 0x00, 0x0e, 0xf1,
    0x00, 0x00, 0x0f, 0x1e,
    0x00, 0x00, 0x0f, 0x4b,
    0x00, 0x00, 0x0f, 0x78,
    0x00, 0x00, 0x0f, 0xa5,
    0x00, 0x00, 0x0f, 0xd2,
    0x00, 0x00, 0x0f, 0xff,
    0x00, 0x00, 0x10, 0x2c,
    0x00, 0x00, 0x10, 0x59,
    0x04, 0x00, 0x10, 0x86,
    0x09, 0x00, 0x11, 0x92,
    0x0f, 0x00, 0x12, 0x89,
    0x12, 0x00, 0x12, 0xd9,
    0x14, 0x00, 0x13, 0x25,
    0x16, 0x00, 0x13, 0x6d,
    0x19, 0x00, 0x13, 0xb4,
    0x1b, 0x00, 0x13, 0xfc,
    0x1f, 0x00, 0x14, 0x43,
    0x21, 0x00, 0x14, 0x8b,
    0x23, 0x00, 0x14, 0xd2,
    0x26, 0x00, 0x15, 0x18,
    0x27, 0x00, 0x15, 0x5f,
    0x29, 0x00, 0x15, 0xa6,
    0x29, 0x00, 0x15, 0xed,
    0x27, 0x00, 0x16, 0x34,
    0x27, 0x00, 0x16, 0x7b,
    0x27, 0x00, 0x16, 0xc2,
    0x29, 0x00, 0x17, 0x09,
    0x29, 0x00, 0x17, 0x50,
    0x28, 0x00, 0x17, 0x97,
    0x2a, 0x00, 0x17, 0xde,
    0x2a, 0x00, 0x18, 0x25,
    0x29, 0x00, 0x18, 0x6c,
    0x29, 0x00, 0x18, 0xb3,
    0x28, 0x00, 0x18, 0xfa,
    0x29, 0x00, 0x19, 0x41,
    0x28, 0x00, 0x19, 0x88,
    0x29, 0x00, 0x19, 0xcf,
    0x29, 0x00, 0x1a, 0x16,
    0x29, 0x00, 0x1a, 0x5d,
    0x28, 0x00, 0x1a, 0xa4,
    0x28, 0x00, 0x1a, 0xeb,
    0x2a, 0x00, 0x1b, 0x32,
    0x28, 0x00, 0x1b, 0x79,
    0x2a, 0x00, 0x1b, 0xc0,
    0x2a, 0x00, 0x1c, 0x07,
    0x28, 0x00, 0x1c, 0x4e,
    0x29, 0x00, 0x1c, 0x95,
    0x28, 0x00, 0x1c, 0xdc,
    0x28, 0x00, 0x1d, 0x23,
    0x28, 0x00, 0x1d, 0x6a,
    0x2b, 0x00, 0x1d, 0xb1,
    0x2d, 0x00, 0x1d, 0xfb,
    0x2e, 0x00, 0x1e, 0x45,
    0x2f, 0x00, 0x1e, 0x8f,
    0x34, 0x00, 0x1e, 0xda,
    0x36, 0x00, 0x1f, 0x24,
    0x3b, 0x00, 0x1f, 0x71,
    0x40, 0x00, 0x1f, 0xc0,
    0x46, 0x00, 0x20, 0x17,
    0x47, 0x00, 0x21, 0x2b,
    0x29, 0x00, 0x22, 0x29,
    0x30, 0x00, 0x23, 0x33,
    0x09, 0x00, 0x24, 0x36,
    0x04, 0x00, 0x25, 0x2e,
    0x00, 0x00, 0x26, 0x32,
    0x00, 0x00, 0x26, 0x5f,
    0x00, 0x00, 0x26, 0x8c,
    0x00, 0x00, 0x26, 0xb9,
    0x00, 0x00, 0x26, 0xe6,
    0x00, 0x00, 0x27, 0x13,
    0x00, 0x00, 0x27, 0x40,
    0x00, 0x00, 0x27, 0x6d,
    0x04, 0x00, 0x27, 0x9a,
    0x09, 0x00, 0x28, 0xb8,
    0x48, 0x00, 0x29, 0xc6,
    0x49, 0x00, 0x2a, 0x14,
    0x49, 0x00, 0x2a, 0x5b,
    0x4a, 0x00, 0x2a, 0xa0,
    0x19, 0x00, 0x2a, 0xe4,
    0x1b, 0x00, 0x2b, 0x2a,
    0x30, 0x00, 0x2b, 0x6f,
    0x3b, 0x00, 0x2b, 0xb3,
    0x25, 0x00, 0x2b, 0xf7,
    0x27, 0x00, 0x2c, 0x3a,
    0x29, 0x00, 0x2c, 0x7e,
    0x29, 0x00, 0x2c, 0xc2,
    0x29, 0x00, 0x2d, 0x06,
    0x29, 0x00, 0x2d, 0x4a,
    0x29, 0x00, 0x2d, 0x8e,
    0x27, 0x00, 0x2d, 0xd2,
    0x29, 0x00, 0x2e, 0x16,
    0x2a, 0x00, 0x2e, 0x5a,
    0x29, 0x00, 0x2e, 0x9e,
    0x29, 0x00, 0x2e, 0xe2,
    0x29, 0x00, 0x2f, 0x26,
    0x29, 0x00, 0x2f, 0x6a,
    0x29, 0x00, 0x2f, 0xae,
    0x28, 0x00, 0x2f, 0xf2,
    0x28, 0x00, 0x30, 0x36,
    0x28, 0x00, 0x30, 0x7a,
    0x29, 0x00, 0x30, 0xbe,
    0x2a, 0x00, 0x31, 0x02,
    0x29, 0x00, 0x31, 0x46,
    0x29, 0x00, 0x31, 0x8a,
    0x29, 0x00, 0x31, 0xce,
    0x29, 0x00, 0x32, 0x12,
    0x29, 0x00, 0x32, 0x56,
    0x2a, 0x00, 0x32, 0x9a,
    0x29, 0x00, 0x32, 0xde,
    0x28, 0x00, 0x33, 0x22,
    0x29, 0x00, 0x33, 0x66,
    0x29, 0x00, 0x33, 0xaa,
    0x28, 0x00, 0x33, 0xee,
    0x29, 0x00, 0x34, 0x32,
    0x28, 0x00, 0x34, 0x76,
    0x28, 0x00, 0x34, 0xba,
    0x29, 0x00, 0x34, 0xfe,
    0x28, 0x00, 0x35, 0x42,
    0x27, 0x00, 0x35, 0x86,
    0x27, 0x00, 0x35, 0xca,
    0x28, 0x00, 0x36, 0x0e,
    0x28, 0x00, 0x36, 0x52,
    0x27, 0x00, 0x36, 0x96,
    0x29, 0x00, 0x36, 0xda,
    0x28, 0x00, 0x37, 0x1e,
    0x2a, 0x00, 0x37, 0x62,
    0x29, 0x00, 0x37, 0xa6,
    0x29, 0x00, 0x37, 0xea,
    0x29, 0x00, 0x38, 0x2e,
    0x29, 0x00, 0x38, 0x72,
    0x27, 0x00, 0x38, 0xb6,
    0x28, 0x00, 0x38, 0xfa,
    0x27, 0x00, 0x39, 0x3e,
    0x29, 0x00, 0x39, 0x82,
    0x28, 0x00, 0x39, 0xc6,
    0x29, 0x00, 0x3a, 0x0a,
    0x29, 0x00, 0x3a, 0x4e,
    0x27, 0x00, 0x3a, 0x92,
    0x28, 0x00, 0x3a, 0xd6,
    0x29, 0x00, 0x3b, 0x1a,
    0x27, 0x00, 0x3b, 0x5e,
    0x29, 0x00, 0x3b, 0xa2,
    0x29, 0x00, 0x3b, 0xe6,
    0x2a, 0x00, 0x3c, 0x2a,
    0x28, 0x00, 0x3c, 0x6e,
    0x27, 0x00, 0x3c, 0xb2,
    0x29, 0x00, 0x3c, 0xf6,
    0x28, 0x00, 0x3d, 0x3a,
    0x29, 0x00, 0x3d, 0x7e,
    0x28, 0x00, 0x3d, 0xc2,
    0x29, 0x00, 0x3e, 0x06,
    0x27, 0x00, 0x3e, 0x4a,
    0x2a, 0x00, 0x3e, 0x8e,
    0x29, 0x00, 0x3e, 0xd2,
    0x29, 0x00, 0x3f, 0x16,
    0x27, 0x00, 0x3f, 0x5a,
    0x2a, 0x00, 0x3f, 0x9e,
    0x29, 0x00, 0x3f, 0xe2,
    0x29, 0x00, 0x40, 0x26,
    0x29, 0x00, 0x40, 0x6a,
    0x29, 0x00, 0x40, 0xae,
    0x29, 0x00, 0x40, 0xf2,
    0x29, 0x00, 0x41, 0x36,
    0x27, 0x00, 0x41, 0x7a,
    0x28, 0x00, 0x41, 0xbe,
    0x28, 0x00, 0x42, 0x02,
    0x28, 0x00, 0x42, 0x46,
    0x29, 0x00, 0x42, 0x8a,
    0x29, 0x00, 0x42, 0xce,
    0x27, 0x00, 0x43, 0x12,
    0x2a, 0x00, 0x43, 0x56,
    0x28, 0x00, 0x43, 0x9a,
    0x29, 0x00, 0x43, 0xde,
    0x2a, 0x00, 0x44, 0x22,
    0x29, 0x00, 0x44, 0x66,
    0x27, 0x00, 0x44, 0xaa,
    0x29, 0x00, 0x44, 0xee,
    0x28, 0x00, 0x45, 0x32,
    0x29, 0x00, 0x45, 0x76,
    0x28, 0x00, 0x45, 0xba,
    0x29, 0x00, 0x45, 0xfe,
    0x29, 0x00, 0x46, 0x42,
    0x29, 0x00, 0x46, 0x86,
    0x2a, 0x00, 0x46, 0xca,
    0x27, 0x00, 0x47, 0x0e,
    0x28, 0x00, 0x47, 0x52,
    0x29, 0x00, 0x47, 0x96,
    0x29, 0x00, 0x47, 0xda,
    0x29, 0x00, 0x48, 0x1e,
    0x27, 0x00, 0x48, 0x62,
    0x27, 0x00, 0x48, 0xa6,
    0x28, 0x00, 0x48, 0xea,
    0x26, 0x00, 0x49, 0x2e,
    0x29, 0x00, 0x49, 0x72,
    0x28, 0x00, 0x49, 0xb6,
    0x29, 0x00, 0x49, 0xfa,
    0x29, 0x00, 0x4a, 0x3e,
    0x29, 0x00, 0x4a, 0x82,
    0x29, 0x00, 0x4a, 0xc6,
    0x29, 0x00, 0x4b, 0x0a,
    0x29, 0x00, 0x4b, 0x4e,
    0x29, 0x00, 0x4b, 0x92,
    0x29, 0x00, 0x4b, 0xd6,
    0x29, 0x00, 0x4c, 0x1a,
    0x29, 0x00, 0x4c, 0x5e,
    0x29, 0x00, 0x4c, 0xa2,
    0x28, 0x00, 0x4c, 0xe6,
    0x28, 0x00, 0x4d, 0x2a,
    0x29, 0x00, 0x4d, 0x6e,
    0x28, 0x00, 0x4d, 0xb2,
    0x28, 0x00, 0x4d, 0xf6,
    0x28, 0x00, 0x4e, 0x3a,
    0x2a, 0x00, 0x4e, 0x7e,
    0x29, 0x00, 0x4e, 0xc2,
    0x28, 0x00, 0x4f, 0x06,
    0x27, 0x00, 0x4f, 0x4a,
    0x29, 0x00, 0x4f, 0x8e,
    0x29, 0x00, 0x4f, 0xd2,
    0x2a, 0x00, 0x50, 0x16,
    0x29, 0x00, 0x50, 0x5a,
    0x2a, 0x00, 0x50, 0x9e,
    0x27, 0x00, 0x50, 0xe2,
    0x28, 0x00, 0x51, 0x26,
    0x2a, 0x00, 0x51, 0x6a,
    0x29, 0x00, 0x51, 0xae,
    0x29, 0x00, 0x51, 0xf2,
    0x29, 0x00, 0x52, 0x36,
    0x28, 0x00, 0x52, 0x7a,
    0x27, 0x00, 0x52, 0xbe,
    0x2a, 0x00, 0x53, 0x02,
    0x29, 0x00, 0x53, 0x46,
    0x28, 0x00, 0x53, 0x8a,
    0x29, 0x00, 0x53, 0xce,
    0x29, 0x00, 0x54, 0x12,
    0x29, 0x00, 0x54, 0x56,
    0x29, 0x00, 0x54, 0x9a,
    0x2a, 0x00, 0x54, 0xde,
    0x29, 0x00, 0x55, 0x22,
    0x28, 0x00, 0x55, 0x66,
    0x29, 0x00, 0x55, 0xaa,
    0x27, 0x00, 0x55, 0xee,
    0x28, 0x00, 0x56, 0x32,
    0x29, 0x00, 0x56, 0x76,
    0x28, 0x00, 0x56, 0xba,
    0x29, 0x00, 0x56, 0xfe,
    0x29, 0x00, 0x57, 0x42,
    0x29, 0x00, 0x57, 0x86,
    0x29, 0x00, 0x57, 0xca,
    0x27, 0x00, 0x58, 0x0e,
    0x29, 0x00, 0x58, 0x52,
    0x29, 0x00, 0x58, 0x96,
    0x29, 0x00, 0x58, 0xda,
    0x2a, 0x00, 0x59, 0x1e,
    0x27, 0x00, 0x59, 0x62,
    0x27, 0x00, 0x59, 0xa6,
    0x29, 0x00, 0x59, 0xea,
    0x2a, 0x00, 0x5a, 0x2e,
    0x28, 0x00, 0x5a, 0x72,
    0x28, 0x00, 0x5a, 0xb6,
    0x28, 0x00, 0x5a, 0xfa,
    0x29, 0x00, 0x5b, 0x3e,
    0x28, 0x00, 0x5b, 0x82,
    0x28, 0x00, 0x5b, 0xc6,
    0x29, 0x00, 0x5c, 0x0a,
    0x29, 0x00, 0x5c, 0x4e,
    0x28, 0x00, 0x5c, 0x92,
    0x29, 0x00, 0x5c, 0xd6,
    0x29, 0x00, 0x5d, 0x1a,
    0x29, 0x00, 0x5d, 0x5e,
    0x29, 0x00, 0x5d, 0xa2,
    0x29, 0x00, 0x5d, 0xe6,
    0x29, 0x00, 0x5e, 0x2a,
    0x2a, 0x00, 0x5e, 0x6e,
    0x27, 0x00, 0x5e, 0xb2,
    0x29, 0x00, 0x5e, 0xf6,
    0x28, 0x00, 0x5f, 0x3a,
    0x2a, 0x00, 0x5f, 0x7e,
    0x26, 0x00, 0x5f, 0xc2,
    0x2a, 0x00, 0x60, 0x06,
    0x28, 0x00, 0x60, 0x4a,
    0x29, 0x00, 0x60, 0x8e,
    0x27, 0x00, 0x60, 0xd2,
    0x29, 0x00, 0x61, 0x16,
    0x29, 0x00, 0x61, 0x5a,
    0x28, 0x00, 0x61, 0x9e,
    0x28, 0x00, 0x61, 0xe2,
    0x29, 0x00, 0x62, 0x26,
    0x27, 0x00, 0x62, 0x6a,
    0x29, 0x00, 0x62, 0xae,
    0x29, 0x00, 0x62, 0xf2,
    0x29, 0x00, 0x63, 0x36,
    0x29, 0x00, 0x63, 0x7a,
    0x29, 0x00, 0x63, 0xbe,
    0x29, 0x00, 0x64, 0x02,
    0x29, 0x00, 0x64, 0x46,
    0x29, 0x00, 0x64, 0x8a,
    0x29, 0x00, 0x64, 0xce,
    0x28, 0x00, 0x65, 0x12,
    0x28, 0x00, 0x65, 0x56,
    0x29, 0x00, 0x65, 0x9a,
    0x29, 0x00, 0x65, 0xde,
    0x29, 0x00, 0x66, 0x22,
    0x2a, 0x00, 0x66, 0x66,
    0x29, 0x00, 0x66, 0xaa,
    0x29, 0x00, 0x66, 0xee,
    0x27, 0x00, 0x67, 0x32,
    0x2a, 0x00, 0x67, 0x76,
    0x29, 0x00, 0x67, 0xba,
    0x28, 0x00, 0x67, 0xfe,
    0x28, 0x00, 0x68, 0x42,
    0x29, 0x00, 0x68, 0x86,
    0x29, 0x00, 0x68, 0xca,
    0x28, 0x00, 0x69, 0x0e,
    0x28, 0x00, 0x69, 0x52,
    0x27, 0x00, 0x69, 0x96,
    0x29, 0x00, 0x69, 0xda,
    0x28, 0x00, 0x6a, 0x1e,
    0x29, 0x00, 0x6a, 0x62,
    0x29, 0x00, 0x6a, 0xa6,
    0x29, 0x00, 0x6a, 0xea,
    0x29, 0x00, 0x6b, 0x2e,
    0x2a, 0x00, 0x6b, 0x72,
    0x29, 0x00, 0x6b, 0xb6,
    0x27, 0x00, 0x6b, 0xfa,
    0x29, 0x00, 0x6c, 0x3e,
    0x29, 0x00, 0x6c, 0x82,
    0x29, 0x00, 0x6c, 0xc6,
    0x29, 0x00, 0x6d, 0x0a,
    0x29, 0x00, 0x6d, 0x4e,
    0x27, 0x00, 0x6d, 0x92,
    0x29, 0x00, 0x6d, 0xd6,
    0x29, 0x00, 0x6e, 0x1a,
    0x29, 0x00, 0x6e, 0x5e,
    0x2a, 0x00, 0x6e, 0xa2,
    0x28, 0x00, 0x6e, 0xe6,
    0x29, 0x00, 0x6f, 0x2a,
    0x29, 0x00, 0x6f, 0x6e,
    0x28, 0x00, 0x6f, 0xb2,
    0x29, 0x00, 0x6f, 0xf6,
    0x28, 0x00, 0x70, 0x3a,
    0x27, 0x00, 0x70, 0x7e,
    0x2b, 0x00, 0x70, 0xc2,
    0x2d, 0x00, 0x71, 0x07,
    0x2e, 0x00, 0x71, 0x4c,
    0x4c, 0x00, 0x71, 0x91,
    0x4d, 0x00, 0x71, 0xd8,
    0x4e, 0x00, 0x72, 0x1d,
    0x50, 0x00, 0x72, 0x65,
    0x52, 0x00, 0x72, 0xb0,
    0x47, 0x00, 0x73, 0x01,
    0x47, 0x00, 0x74, 0x2e,
    0x3b, 0x00, 0x75, 0x45,
    0x30, 0x00, 0x76, 0x6b,
    0x09, 0x00, 0x77, 0x85,
    0x04, 0x00, 0x78, 0x92,
    0x00, 0x00, 0x79, 0xb4,
    0x00, 0x00, 0x79, 0xe1,
    0x00, 0x00, 0x7a, 0x0e,
    0x00, 0x00, 0x7a, 0x3b,
    0x00, 0x00, 0x7a, 0x68,
    0x00, 0x00, 0x7a, 0x95,
    0x00, 0x00, 0x7a, 0xc2,
    0x00, 0x00, 0x7a, 0xef,
    0x00, 0x00, 0x7b, 0x1c,
    0x00, 0x00, 0x7b, 0x49,
    0x00, 0x00, 0x7b, 0x76,
    0x00, 0x00, 0x7b, 0xa3,
    0x00, 0x00, 0x7b, 0xd0,
    0x00, 0x00, 0x7b, 0xfd,
    0x00, 0x00, 0x7c, 0x2a,
    0x00, 0x00, 0x7c, 0x57,
    0x00, 0x00, 0x7c, 0x84,
    0x00, 0x00, 0x7c, 0xb1,
    0x00, 0x00, 0x7c, 0xde,
    0x00, 0x00, 0x7d, 0x0b,
    0x00, 0x00, 0x7d, 0x38,
    0x00, 0x00, 0x7d, 0x65,
    0x00, 0x00, 0x7d, 0x92,
    0x00, 0x00, 0x7d, 0xbf,
    0x00, 0x00, 0x7d, 0xec,
    0x00, 0x00, 0x7e, 0x19,
    0x00, 0x00, 0x7e, 0x46,
    0x00, 0x00, 0x7e, 0x73,
    0x00, 0x00, 0x7e, 0xa0,
    0x00, 0x00, 0x7e, 0xcd,
    0x00, 0x00, 0x7e, 0xfa,
    0x00, 0x00, 0x7f, 0x27,
    0x00, 0x00, 0x7f, 0x54,
    0x00, 0x00, 0x7f, 0x81,
    0x00, 0x00, 0x7f, 0xae,
    0x00, 0x00, 0x7f, 0xdb,
    0x00, 0x00, 0x80, 0x08,
    0x00, 0x00, 0x80, 0x35,
    0x00, 0x00, 0x80, 0x62,
    0x00, 0x00, 0x80, 0x8f,
    0x00, 0x00, 0x80, 0xbc,
    0x00, 0x00, 0x80, 0xe9,
    0x00, 0x00, 0x81, 0x16,
    0x00, 0x00, 0x81, 0x43,
    0x00, 0x00, 0x81, 0x70,
    0x00, 0x00, 0x81, 0x9d,
    0x00, 0x00, 0x81, 0xca,
    0x00, 0x00, 0x81, 0xf7,
    0x00, 0x00, 0x82, 0x24,
    0x00, 0x00, 0x82, 0x51,
    0x00, 0x00, 0x82, 0x7e,
    0x00, 0x00, 0x82, 0xab,
    0x00, 0x00, 0x82, 0xd8,
    0x00, 0x00, 0x83, 0x05,
    0x00, 0x00, 0x83, 0x32,
    0x00, 0x00, 0x83, 0x5f,
    0x00, 0x00, 0x83, 0x8c,
    0x00, 0x00, 0x83, 0xb9,
    0x00, 0x00, 0x83, 0xe6,
    0x00, 0x00, 0x84, 0x13,
    0x00, 0x00, 0x84, 0x40,
    0x00, 0x00, 0x84, 0x6d,
    0x00, 0x00, 0x84, 0x9a,
    0x04, 0x00, 0x84, 0xc7,
    0x09, 0x00, 0x85, 0xb0,
    0x48, 0x00, 0x86, 0x8d,
    0x53, 0x00, 0x86, 0xe0,
    0x49, 0x00, 0x87, 0x2b,
    0x55, 0x00, 0x87, 0x76,
    0x56, 0x00, 0x87, 0xc1,
    0x58, 0x00, 0x88, 0x0b,
    0x24, 0x00, 0x88, 0x55,
    0x3b, 0x00, 0x88, 0x9f,
    0x25, 0x00, 0x88, 0xe9,
    0x27, 0x00, 0x89, 0x31,
    0x29, 0x00, 0x89, 0x79,
    0x28, 0x00, 0x89, 0xc1,
    0x29, 0x00, 0x8a, 0x09,
    0x29, 0x00, 0x8a, 0x51,
    0x2a, 0x00, 0x8a, 0x99,
    0x2a, 0x00, 0x8a, 0xe1,
    0x29, 0x00, 0x8b, 0x29,
    0x29, 0x00, 0x8b, 0x71,
    0x29, 0x00, 0x8b, 0xb9,
    0x28, 0x00, 0x8c, 0x01,
    0x29, 0x00, 0x8c, 0x49,
    0x29, 0x00, 0x8c, 0x91,
    0x28, 0x00, 0x8c, 0xd9,
    0x29, 0x00, 0x8d, 0x21,
    0x29, 0x00, 0x8d, 0x69,
    0x27, 0x00, 0x8d, 0xb1,
    0x29, 0x00, 0x8d, 0xf9,
    0x26, 0x00, 0x8e, 0x41,
    0x28, 0x00, 0x8e, 0x89,
    0x28, 0x00, 0x8e, 0xd1,
    0x28, 0x00, 0x8f, 0x19,
    0x29, 0x00, 0x8f, 0x61,
    0x29, 0x00, 0x8f, 0xa9,
    0x28, 0x00, 0x8f, 0xf1,
    0x28, 0x00, 0x90, 0x39,
    0x29, 0x00, 0x90, 0x81,
    0x29, 0x00, 0x90, 0xc9,
    0x28, 0x00, 0x91, 0x11,
    0x28, 0x00, 0x91, 0x59,
    0x28, 0x00, 0x91, 0xa1,
    0x2b, 0x00, 0x91, 0xe9,
    0x59, 0x00, 0x92, 0x34,
    0x5b, 0x00, 0x92, 0x7f,
    0x5c, 0x00, 0x92, 0xca,
    0x3b, 0x00, 0x93, 0x17,
    0x4e, 0x00, 0x93, 0x64,
    0x5d, 0x00, 0x93, 0xb2,
    0x5e, 0x00, 0x94, 0x03,
    0x47, 0x00, 0x94, 0x5b,
    0x47, 0x00, 0x95, 0x53,
    0x3b, 0x00, 0x96, 0x3b,
    0x30, 0x00, 0x97, 0x25,
    0x09, 0x00, 0x98, 0x0d,
    0x04, 0x00, 0x98, 0xe4,
    0x00, 0x00, 0x99, 0xcb,
    0x00, 0x00, 0x99, 0xf8,
    0x00, 0x00, 0x9a, 0x25,
    0x00, 0x00, 0x9a, 0x52,
    0x00, 0x00, 0x9a, 0x7f,
    0x00, 0x00, 0x9a, 0xac,
    0x00, 0x00, 0x9a, 0xd9,
    0x00, 0x00, 0x9b, 0x06,
    0x00, 0x00, 0x9b, 0x33,
    0x00, 0x00, 0x9b, 0x60,
    0x00, 0x00, 0x9b, 0x8d,
    0x00, 0x00, 0x9b, 0xba,
    0x00, 0x00, 0x9b, 0xe7,
    0x00, 0x00, 0x9c, 0x14,
    0x00, 0x00, 0x9c, 0x41,
    0x00, 0x00, 0x9c, 0x6e,
    0x00, 0x00, 0x9c, 0x9b,
    0x00, 0x00, 0x9c, 0xc8,
    0x00, 0x00, 0x9c, 0xf5,
    0x00, 0x00, 0x9d, 0x22,
    0x00, 0x00, 0x9d, 0x4f,
    0x00, 0x00, 0x9d, 0x7c,
    0x00, 0x00, 0x9d, 0xa9,
    0x00, 0x00, 0x9d, 0xd6,
    0x00, 0x00, 0x9e, 0x03,
    0x00, 0x00, 0x9e, 0x30,
    0x00, 0x00, 0x9e, 0x5d,
    0x00, 0x00, 0x9e, 0x8a,
    0x00, 0x00, 0x9e, 0xb7,
    0x00, 0x00, 0x9e, 0xe4,
    0x00, 0x00, 0x9f, 0x11,
    0x00, 0x00, 0x9f, 0x3e,
    0x00, 0x00, 0x9f, 0x6b,
    0x00, 0x00, 0x9f, 0x98,
    0x00, 0x00, 0x9f, 0xc5,
    0x00, 0x00, 0x9f, 0xf2,
    0x00, 0x00, 0xa0, 0x1f,
    0x00, 0x00, 0xa0, 0x4c,
    0x00, 0x00, 0xa0, 0x79,
    0x00, 0x00, 0xa0, 0xa6,
    0x00, 0x00, 0xa0, 0xd3,
    0xf7, 0xed, 0xe3, 0xf6, 0xec, 0xe2, 0xf4, 0xea, 0xe0, 0xf5, 0xeb, 0xe1,
    0xf3, 0xe9, 0xdf, 0xf1, 0xe7, 0xde, 0xf2, 0xe8, 0xdf, 0xf0, 0xe6, 0xdd,
    0xef, 0xe6, 0xdc, 0xee, 0xe5, 0xdb, 0xf0, 0xe8, 0xe1, 0xf4, 0xf0, 0xee,
    0xf8, 0xf6, 0xf9, 0xfa, 0xf9, 0xfe, 0xfa, 0xfa, 0xff, 0xf4, 0xf0, 0xef,
    0xef, 0xe6, 0xdd, 0xf4, 0xf1, 0xf0, 0xed, 0xe5, 0xdb, 0xf5, 0xf3, 0xf4,
    0xf6, 0xf4, 0xf5, 0xec, 0xe3, 0xd9, 0xf3, 0xef, 0xee, 0xed, 0xe5, 0xde,
    0xfa, 0xfa, 0xfe, 0xec, 0xe4, 0xde, 0xeb, 0xe2, 0xd8, 0xf0, 0xec, 0xeb,
    0xe7, 0xdd, 0xd4, 0xf6, 0xf4, 0xf7, 0xf6, 0xf5, 0xf7, 0xe8, 0xdf, 0xd6,
    0xe5, 0xdb, 0xd2, 0xf9, 0xf9, 0xfe, 0xea, 0xe1, 0xd7, 0xe4, 0xda, 0xd1,
    0xe9, 0xe0, 0xd7, 0xe3, 0xd9, 0xd0, 0xe2, 0xd9, 0xcf, 0xe1, 0xd8, 0xcf,
    0xdf, 0xd6, 0xcd, 0xe0, 0xd7, 0xce, 0xe8, 0xde, 0xd5, 0xf8, 0xf8, 0xfc,
    0xf5, 0xf4, 0xf6, 0xf4, 0xf3, 0xf6, 0xec, 0xe8, 0xe7, 0xe0, 0xd9, 0xd2,
    0xed, 0xe4, 0xda, 0xde, 0xd5, 0xcc, 0xec, 0xe8, 0xe8, 0xec, 0xe9, 0xe8,
    0xdd, 0xd4, 0xcb, 0xda, 0xd1, 0xc8, 0xf0, 0xee, 0xef, 0xdc, 0xd3, 0xca,
    0xea, 0xe6, 0xe5, 0xeb, 0xe7, 0xe7, 0xd8, 0xd0, 0xc8, 0xe6, 0xdc, 0xd3,
    0xd7, 0xce, 0xc6, 0xda, 0xd4, 0xcd, 0xf3, 0xf2, 0xf5, 0xe9, 0xe6, 0xe4,
    0xdb, 0xd4, 0xce, 0xd9, 0xd0, 0xc7, 0xd5, 0xcc, 0xc4, 0xd4, 0xcc, 0xc3,
    0xd3, 0xcb, 0xc2, 0xd6, 0xcd, 0xc5, 0xdb, 0xd2, 0xc9, 0xd8, 0xcf, 0xc7,
    0xf7, 0xf6, 0xf9, 0xee, 0xe5, 0xdc, 0xf2, 0xef, 0xee, 0xe1, 0xda, 0xd3,
    0xe0, 0xd8, 0xd1, 0xeb, 0xe8, 0xe7, 0xf0, 0xee, 0xf0, 0xea, 0xe7, 0xe6,
    0xda, 0xd1, 0xc9, 0xe9, 0xe6, 0xe5, 0xdc, 0xd5, 0xcf, 0xf0, 0xe7, 0xde,
    0xf3, 0xee, 0xee, 0xf2, 0xee, 0xed, 0xeb, 0xe3, 0xdc, 0xf1, 0xed, 0xec,
    0xf1, 0xec, 0xeb, 0xf5, 0xf3, 0xf6, 0xec, 0xe8, 0xe6, 0xed, 0xe9, 0xe7,
    0xe2, 0xdb, 0xd4, 0xd7, 0xcf, 0xc7, 0xdb, 0xd4, 0xcd
};
